[INFO] Scanning for projects...
[INFO] 
[INFO] ----------< ltd.user.newbee.cloud:newbee-mall-cloud-user-web >----------
[INFO] Building newbee-mall-cloud-user-web 0.0.1-SNAPSHOT
[INFO]   from pom.xml
[INFO] --------------------------------[ jar ]---------------------------------
[INFO] 
[INFO] >>> spring-boot:2.6.3:run (default-cli) > test-compile @ newbee-mall-cloud-user-web >>>
[INFO] 
[INFO] --- resources:3.3.1:resources (default-resources) @ newbee-mall-cloud-user-web ---
[INFO] Copying 4 resources from src/main/resources to target/classes
[INFO] 
[INFO] --- compiler:3.8.1:compile (default-compile) @ newbee-mall-cloud-user-web ---
[INFO] Nothing to compile - all classes are up to date
[INFO] 
[INFO] --- resources:3.3.1:testResources (default-testResources) @ newbee-mall-cloud-user-web ---
[INFO] skip non existing resourceDirectory /Users/henryning/Documents/code/personCode/newbee-mall-cloud/newbee-mall-cloud-user-service/newbee-mall-cloud-user-web/src/test/resources
[INFO] 
[INFO] --- compiler:3.8.1:testCompile (default-testCompile) @ newbee-mall-cloud-user-web ---
[INFO] No sources to compile
[INFO] 
[INFO] <<< spring-boot:2.6.3:run (default-cli) < test-compile @ newbee-mall-cloud-user-web <<<
[INFO] 
[INFO] 
[INFO] --- spring-boot:2.6.3:run (default-cli) @ newbee-mall-cloud-user-web ---
[INFO] Attaching agents: []

  .   ____          _            __ _ _
 /\\ / ___'_ __ _ _(_)_ __  __ _ \ \ \ \
( ( )\___ | '_ | '_| | '_ \/ _` | \ \ \ \
 \\/  ___)| |_)| | | | | || (_| |  ) ) ) )
  '  |____| .__|_| |_|_| |_\__, | / / / /
 =========|_|==============|___/=/_/_/_/
 :: Spring Boot ::                (v2.6.3)

2025-10-24 17:17:23.324  INFO [newbee-mall-cloud-user-service,,] 5069 --- [           main] .n.NewBeeMallCloudUserServiceApplication : Starting NewBeeMallCloudUserServiceApplication using Java 17.0.16 on henry-daning.local with PID 5069 (/Users/henryning/Documents/code/personCode/newbee-mall-cloud/newbee-mall-cloud-user-service/newbee-mall-cloud-user-web/target/classes started by henryning in /Users/henryning/Documents/code/personCode/newbee-mall-cloud/newbee-mall-cloud-user-service/newbee-mall-cloud-user-web)
2025-10-24 17:17:23.325  INFO [newbee-mall-cloud-user-service,,] 5069 --- [           main] .n.NewBeeMallCloudUserServiceApplication : No active profile set, falling back to default profiles: default
2025-10-24 17:17:23.863  INFO [newbee-mall-cloud-user-service,,] 5069 --- [           main] .s.d.r.c.RepositoryConfigurationDelegate : Multiple Spring Data modules found, entering strict repository configuration mode!
2025-10-24 17:17:23.866  INFO [newbee-mall-cloud-user-service,,] 5069 --- [           main] .s.d.r.c.RepositoryConfigurationDelegate : Bootstrapping Spring Data Redis repositories in DEFAULT mode.
2025-10-24 17:17:23.882  INFO [newbee-mall-cloud-user-service,,] 5069 --- [           main] .s.d.r.c.RepositoryConfigurationDelegate : Finished Spring Data repository scanning in 5 ms. Found 0 Redis repository interfaces.
2025-10-24 17:17:24.043  INFO [newbee-mall-cloud-user-service,,] 5069 --- [           main] o.s.cloud.context.scope.GenericScope     : BeanFactory id=d7799d56-aea2-3b2e-9d6e-bb35486d38fd
2025-10-24 17:17:24.281  INFO [newbee-mall-cloud-user-service,,] 5069 --- [           main] trationDelegate$BeanPostProcessorChecker : Bean 'org.springframework.cloud.commons.config.CommonsConfigAutoConfiguration' of type [org.springframework.cloud.commons.config.CommonsConfigAutoConfiguration] is not eligible for getting processed by all BeanPostProcessors (for example: not eligible for auto-proxying)
2025-10-24 17:17:24.284  INFO [newbee-mall-cloud-user-service,,] 5069 --- [           main] trationDelegate$BeanPostProcessorChecker : Bean 'org.springframework.cloud.client.loadbalancer.LoadBalancerDefaultMappingsProviderAutoConfiguration' of type [org.springframework.cloud.client.loadbalancer.LoadBalancerDefaultMappingsProviderAutoConfiguration] is not eligible for getting processed by all BeanPostProcessors (for example: not eligible for auto-proxying)
2025-10-24 17:17:24.285  INFO [newbee-mall-cloud-user-service,,] 5069 --- [           main] trationDelegate$BeanPostProcessorChecker : Bean 'loadBalancerClientsDefaultsMappingsProvider' of type [org.springframework.cloud.client.loadbalancer.LoadBalancerDefaultMappingsProviderAutoConfiguration$$Lambda$555/0x000000e8014aeb18] is not eligible for getting processed by all BeanPostProcessors (for example: not eligible for auto-proxying)
2025-10-24 17:17:24.287  INFO [newbee-mall-cloud-user-service,,] 5069 --- [           main] trationDelegate$BeanPostProcessorChecker : Bean 'defaultsBindHandlerAdvisor' of type [org.springframework.cloud.commons.config.DefaultsBindHandlerAdvisor] is not eligible for getting processed by all BeanPostProcessors (for example: not eligible for auto-proxying)
2025-10-24 17:17:24.321  INFO [newbee-mall-cloud-user-service,,] 5069 --- [           main] trationDelegate$BeanPostProcessorChecker : Bean 'spring.cloud.sentinel-com.alibaba.cloud.sentinel.SentinelProperties' of type [com.alibaba.cloud.sentinel.SentinelProperties] is not eligible for getting processed by all BeanPostProcessors (for example: not eligible for auto-proxying)
2025-10-24 17:17:24.325  INFO [newbee-mall-cloud-user-service,,] 5069 --- [           main] trationDelegate$BeanPostProcessorChecker : Bean 'com.alibaba.cloud.sentinel.custom.SentinelAutoConfiguration' of type [com.alibaba.cloud.sentinel.custom.SentinelAutoConfiguration] is not eligible for getting processed by all BeanPostProcessors (for example: not eligible for auto-proxying)
2025-10-24 17:17:24.556  INFO [newbee-mall-cloud-user-service,,] 5069 --- [           main] o.s.b.w.embedded.tomcat.TomcatWebServer  : Tomcat initialized with port(s): 29000 (http)
2025-10-24 17:17:24.566  INFO [newbee-mall-cloud-user-service,,] 5069 --- [           main] o.apache.catalina.core.StandardService   : Starting service [Tomcat]
2025-10-24 17:17:24.566  INFO [newbee-mall-cloud-user-service,,] 5069 --- [           main] org.apache.catalina.core.StandardEngine  : Starting Servlet engine: [Apache Tomcat/9.0.56]
2025-10-24 17:17:24.640  INFO [newbee-mall-cloud-user-service,,] 5069 --- [           main] o.a.c.c.C.[Tomcat].[localhost].[/]       : Initializing Spring embedded WebApplicationContext
2025-10-24 17:17:24.640  INFO [newbee-mall-cloud-user-service,,] 5069 --- [           main] w.s.c.ServletWebServerApplicationContext : Root WebApplicationContext: initialization completed in 1282 ms
2025-10-24 17:17:24.836  WARN [newbee-mall-cloud-user-service,,] 5069 --- [           main] o.s.c.s.a.z.ZipkinAutoConfiguration      : Check result of the [RestTemplateSender{http://localhost:9411/api/v2/spans}] contains an error [CheckResult{ok=false, error=org.springframework.web.client.ResourceAccessException: I/O error on POST request for "http://localhost:9411/api/v2/spans": Connection refused; nested exception is java.net.ConnectException: Connection refused}]
2025-10-24 17:17:25.370  INFO [newbee-mall-cloud-user-service,,] 5069 --- [           main] l.u.c.n.c.UserServiceWebMvcConfigurer    : [Sentinel Starter] register SentinelWebInterceptor with urlPatterns: [/**].
2025-10-24 17:17:25.977  INFO [newbee-mall-cloud-user-service,,] 5069 --- [           main] com.alibaba.nacos.client.naming          : initializer namespace from System Property :null
2025-10-24 17:17:25.977  INFO [newbee-mall-cloud-user-service,,] 5069 --- [           main] com.alibaba.nacos.client.naming          : initializer namespace from System Environment :null
2025-10-24 17:17:25.978  INFO [newbee-mall-cloud-user-service,,] 5069 --- [           main] com.alibaba.nacos.client.naming          : initializer namespace from System Property :null
2025-10-24 17:17:25.979  INFO [newbee-mall-cloud-user-service,,] 5069 --- [           main] c.alibaba.nacos.client.utils.ParamUtil   : [settings] [req-serv] nacos-server port:8848
2025-10-24 17:17:25.979  INFO [newbee-mall-cloud-user-service,,] 5069 --- [           main] c.alibaba.nacos.client.utils.ParamUtil   : [settings] [http-client] connect timeout:1000
2025-10-24 17:17:25.979  INFO [newbee-mall-cloud-user-service,,] 5069 --- [           main] c.alibaba.nacos.client.utils.ParamUtil   : PER_TASK_CONFIG_SIZE: 3000.0
2025-10-24 17:17:26.196  INFO [newbee-mall-cloud-user-service,,] 5069 --- [           main] c.a.n.client.identify.CredentialWatcher  : null No credential found
2025-10-24 17:17:26.237  INFO [newbee-mall-cloud-user-service,,] 5069 --- [           main] o.s.b.w.embedded.tomcat.TomcatWebServer  : Tomcat started on port(s): 29000 (http) with context path ''
2025-10-24 17:17:26.240  INFO [newbee-mall-cloud-user-service,,] 5069 --- [           main] com.alibaba.nacos.client.naming          : [BEAT] adding beat: BeatInfo{port=29000, ip='192.168.1.14', weight=1.0, serviceName='DEFAULT_GROUP@@newbee-mall-cloud-user-service', cluster='DEFAULT', metadata={preserved.register.source=SPRING_CLOUD}, scheduled=false, period=5000, stopped=false} to beat map.
2025-10-24 17:17:26.240  INFO [newbee-mall-cloud-user-service,,] 5069 --- [           main] com.alibaba.nacos.client.naming          : [REGISTER-SERVICE] public registering service DEFAULT_GROUP@@newbee-mall-cloud-user-service with instance: Instance{instanceId='null', ip='192.168.1.14', port=29000, weight=1.0, healthy=true, enabled=true, ephemeral=true, clusterName='DEFAULT', serviceName='null', metadata={preserved.register.source=SPRING_CLOUD}}
2025-10-24 17:17:26.247  INFO [newbee-mall-cloud-user-service,,] 5069 --- [           main] c.a.c.n.registry.NacosServiceRegistry    : nacos registry, DEFAULT_GROUP newbee-mall-cloud-user-service 192.168.1.14:29000 register finished
2025-10-24 17:17:26.364  INFO [newbee-mall-cloud-user-service,,] 5069 --- [           main] .n.NewBeeMallCloudUserServiceApplication : Started NewBeeMallCloudUserServiceApplication in 3.257 seconds (JVM running for 3.59)
2025-10-24 17:17:26.374  INFO [newbee-mall-cloud-user-service,29681be1490254f1,29681be1490254f1] 5069 --- [io-29000-exec-1] o.a.c.c.C.[Tomcat].[localhost].[/]       : Initializing Spring DispatcherServlet 'dispatcherServlet'
2025-10-24 17:17:26.374  INFO [newbee-mall-cloud-user-service,29681be1490254f1,29681be1490254f1] 5069 --- [io-29000-exec-1] o.s.web.servlet.DispatcherServlet        : Initializing Servlet 'dispatcherServlet'
2025-10-24 17:17:26.376  INFO [newbee-mall-cloud-user-service,29681be1490254f1,29681be1490254f1] 5069 --- [io-29000-exec-1] o.s.web.servlet.DispatcherServlet        : Completed initialization in 2 ms
2025-10-24 17:17:26.383 ERROR [newbee-mall-cloud-user-service,29681be1490254f1,29681be1490254f1] 5069 --- [io-29000-exec-1] l.u.c.n.c.UserServiceExceptionHandler    : UserServiceExceptionHandler:

org.springframework.web.HttpRequestMethodNotSupportedException: Request method 'GET' not supported
	at org.springframework.web.servlet.mvc.method.RequestMappingInfoHandlerMapping.handleNoMatch(RequestMappingInfoHandlerMapping.java:253)
	at org.springframework.web.servlet.handler.AbstractHandlerMethodMapping.lookupHandlerMethod(AbstractHandlerMethodMapping.java:442)
	at org.springframework.web.servlet.handler.AbstractHandlerMethodMapping.getHandlerInternal(AbstractHandlerMethodMapping.java:383)
	at org.springframework.web.servlet.mvc.method.RequestMappingInfoHandlerMapping.getHandlerInternal(RequestMappingInfoHandlerMapping.java:125)
	at org.springframework.web.servlet.mvc.method.RequestMappingInfoHandlerMapping.getHandlerInternal(RequestMappingInfoHandlerMapping.java:67)
	at org.springframework.web.servlet.handler.AbstractHandlerMapping.getHandler(AbstractHandlerMapping.java:498)
	at org.springframework.web.servlet.DispatcherServlet.getHandler(DispatcherServlet.java:1261)
	at org.springframework.web.servlet.DispatcherServlet.doDispatch(DispatcherServlet.java:1043)
	at org.springframework.web.servlet.DispatcherServlet.doService(DispatcherServlet.java:963)
	at org.springframework.web.servlet.FrameworkServlet.processRequest(FrameworkServlet.java:1006)
	at org.springframework.web.servlet.FrameworkServlet.doGet(FrameworkServlet.java:898)
	at javax.servlet.http.HttpServlet.service(HttpServlet.java:655)
	at org.springframework.web.servlet.FrameworkServlet.service(FrameworkServlet.java:883)
	at javax.servlet.http.HttpServlet.service(HttpServlet.java:764)
	at org.apache.catalina.core.ApplicationFilterChain.internalDoFilter(ApplicationFilterChain.java:227)
	at org.apache.catalina.core.ApplicationFilterChain.doFilter(ApplicationFilterChain.java:162)
	at org.apache.tomcat.websocket.server.WsFilter.doFilter(WsFilter.java:53)
	at org.apache.catalina.core.ApplicationFilterChain.internalDoFilter(ApplicationFilterChain.java:189)
	at org.apache.catalina.core.ApplicationFilterChain.doFilter(ApplicationFilterChain.java:162)
	at org.springframework.cloud.sleuth.instrument.web.servlet.TracingFilter.doFilter(TracingFilter.java:68)
	at org.springframework.cloud.sleuth.autoconfig.instrument.web.TraceWebServletConfiguration$LazyTracingFilter.doFilter(TraceWebServletConfiguration.java:131)
	at org.apache.catalina.core.ApplicationFilterChain.internalDoFilter(ApplicationFilterChain.java:189)
	at org.apache.catalina.core.ApplicationFilterChain.doFilter(ApplicationFilterChain.java:162)
	at org.springframework.web.filter.CharacterEncodingFilter.doFilterInternal(CharacterEncodingFilter.java:201)
	at org.springframework.web.filter.OncePerRequestFilter.doFilter(OncePerRequestFilter.java:117)
	at org.apache.catalina.core.ApplicationFilterChain.internalDoFilter(ApplicationFilterChain.java:189)
	at org.apache.catalina.core.ApplicationFilterChain.doFilter(ApplicationFilterChain.java:162)
	at org.apache.catalina.core.StandardWrapperValve.invoke(StandardWrapperValve.java:197)
	at org.apache.catalina.core.StandardContextValve.invoke(StandardContextValve.java:97)
	at org.apache.catalina.authenticator.AuthenticatorBase.invoke(AuthenticatorBase.java:540)
	at org.apache.catalina.core.StandardHostValve.invoke(StandardHostValve.java:135)
	at org.apache.catalina.valves.ErrorReportValve.invoke(ErrorReportValve.java:92)
	at org.apache.catalina.core.StandardEngineValve.invoke(StandardEngineValve.java:78)
	at org.springframework.cloud.sleuth.instrument.web.tomcat.TraceValve.invoke(TraceValve.java:90)
	at org.apache.catalina.connector.CoyoteAdapter.service(CoyoteAdapter.java:357)
	at org.apache.coyote.http11.Http11Processor.service(Http11Processor.java:382)
	at org.apache.coyote.AbstractProcessorLight.process(AbstractProcessorLight.java:65)
	at org.apache.coyote.AbstractProtocol$ConnectionHandler.process(AbstractProtocol.java:895)
	at org.apache.tomcat.util.net.NioEndpoint$SocketProcessor.doRun(NioEndpoint.java:1732)
	at org.apache.tomcat.util.net.SocketProcessorBase.run(SocketProcessorBase.java:49)
	at org.apache.tomcat.util.threads.ThreadPoolExecutor.runWorker(ThreadPoolExecutor.java:1191)
	at org.apache.tomcat.util.threads.ThreadPoolExecutor$Worker.run(ThreadPoolExecutor.java:659)
	at org.apache.tomcat.util.threads.TaskThread$WrappingRunnable.run(TaskThread.java:61)
	at java.base/java.lang.Thread.run(Thread.java:840)

org.springframework.web.HttpRequestMethodNotSupportedException: Request method 'GET' not supported
	at org.springframework.web.servlet.mvc.method.RequestMappingInfoHandlerMapping.handleNoMatch(RequestMappingInfoHandlerMapping.java:253)
	at org.springframework.web.servlet.handler.AbstractHandlerMethodMapping.lookupHandlerMethod(AbstractHandlerMethodMapping.java:442)
	at org.springframework.web.servlet.handler.AbstractHandlerMethodMapping.getHandlerInternal(AbstractHandlerMethodMapping.java:383)
	at org.springframework.web.servlet.mvc.method.RequestMappingInfoHandlerMapping.getHandlerInternal(RequestMappingInfoHandlerMapping.java:125)
	at org.springframework.web.servlet.mvc.method.RequestMappingInfoHandlerMapping.getHandlerInternal(RequestMappingInfoHandlerMapping.java:67)
	at org.springframework.web.servlet.handler.AbstractHandlerMapping.getHandler(AbstractHandlerMapping.java:498)
	at org.springframework.web.servlet.DispatcherServlet.getHandler(DispatcherServlet.java:1261)
	at org.springframework.web.servlet.DispatcherServlet.doDispatch(DispatcherServlet.java:1043)
	at org.springframework.web.servlet.DispatcherServlet.doService(DispatcherServlet.java:963)
	at org.springframework.web.servlet.FrameworkServlet.processRequest(FrameworkServlet.java:1006)
	at org.springframework.web.servlet.FrameworkServlet.doGet(FrameworkServlet.java:898)
	at javax.servlet.http.HttpServlet.service(HttpServlet.java:655)
	at org.springframework.web.servlet.FrameworkServlet.service(FrameworkServlet.java:883)
	at javax.servlet.http.HttpServlet.service(HttpServlet.java:764)
	at org.apache.catalina.core.ApplicationFilterChain.internalDoFilter(ApplicationFilterChain.java:227)
	at org.apache.catalina.core.ApplicationFilterChain.doFilter(ApplicationFilterChain.java:162)
	at org.apache.tomcat.websocket.server.WsFilter.doFilter(WsFilter.java:53)
	at org.apache.catalina.core.ApplicationFilterChain.internalDoFilter(ApplicationFilterChain.java:189)
	at org.apache.catalina.core.ApplicationFilterChain.doFilter(ApplicationFilterChain.java:162)
	at org.springframework.cloud.sleuth.instrument.web.servlet.TracingFilter.doFilter(TracingFilter.java:68)
	at org.springframework.cloud.sleuth.autoconfig.instrument.web.TraceWebServletConfiguration$LazyTracingFilter.doFilter(TraceWebServletConfiguration.java:131)
	at org.apache.catalina.core.ApplicationFilterChain.internalDoFilter(ApplicationFilterChain.java:189)
	at org.apache.catalina.core.ApplicationFilterChain.doFilter(ApplicationFilterChain.java:162)
	at org.springframework.web.filter.CharacterEncodingFilter.doFilterInternal(CharacterEncodingFilter.java:201)
	at org.springframework.web.filter.OncePerRequestFilter.doFilter(OncePerRequestFilter.java:117)
	at org.apache.catalina.core.ApplicationFilterChain.internalDoFilter(ApplicationFilterChain.java:189)
	at org.apache.catalina.core.ApplicationFilterChain.doFilter(ApplicationFilterChain.java:162)
	at org.apache.catalina.core.StandardWrapperValve.invoke(StandardWrapperValve.java:197)
	at org.apache.catalina.core.StandardContextValve.invoke(StandardContextValve.java:97)
	at org.apache.catalina.authenticator.AuthenticatorBase.invoke(AuthenticatorBase.java:540)
	at org.apache.catalina.core.StandardHostValve.invoke(StandardHostValve.java:135)
	at org.apache.catalina.valves.ErrorReportValve.invoke(ErrorReportValve.java:92)
	at org.apache.catalina.core.StandardEngineValve.invoke(StandardEngineValve.java:78)
	at org.springframework.cloud.sleuth.instrument.web.tomcat.TraceValve.invoke(TraceValve.java:90)
	at org.apache.catalina.connector.CoyoteAdapter.service(CoyoteAdapter.java:357)
	at org.apache.coyote.http11.Http11Processor.service(Http11Processor.java:382)
	at org.apache.coyote.AbstractProcessorLight.process(AbstractProcessorLight.java:65)
	at org.apache.coyote.AbstractProtocol$ConnectionHandler.process(AbstractProtocol.java:895)
	at org.apache.tomcat.util.net.NioEndpoint$SocketProcessor.doRun(NioEndpoint.java:1732)
	at org.apache.tomcat.util.net.SocketProcessorBase.run(SocketProcessorBase.java:49)
	at org.apache.tomcat.util.threads.ThreadPoolExecutor.runWorker(ThreadPoolExecutor.java:1191)
	at org.apache.tomcat.util.threads.ThreadPoolExecutor$Worker.run(ThreadPoolExecutor.java:659)
	at org.apache.tomcat.util.threads.TaskThread$WrappingRunnable.run(TaskThread.java:61)
	at java.base/java.lang.Thread.run(Thread.java:840)
2025-10-24 17:17:27.239  INFO [newbee-mall-cloud-user-service,,] 5069 --- [.naming.updater] com.alibaba.nacos.client.naming          : new ips(1) service: DEFAULT_GROUP@@newbee-mall-cloud-user-service@@DEFAULT -> [{"instanceId":"192.168.1.14#29000#DEFAULT#DEFAULT_GROUP@@newbee-mall-cloud-user-service","ip":"192.168.1.14","port":29000,"weight":1.0,"healthy":true,"enabled":true,"ephemeral":true,"clusterName":"DEFAULT","serviceName":"DEFAULT_GROUP@@newbee-mall-cloud-user-service","metadata":{"preserved.register.source":"SPRING_CLOUD"},"ipDeleteTimeout":30000,"instanceHeartBeatInterval":5000,"instanceHeartBeatTimeOut":15000}]
2025-10-24 17:17:27.242  INFO [newbee-mall-cloud-user-service,,] 5069 --- [.naming.updater] com.alibaba.nacos.client.naming          : current ips:(1) service: DEFAULT_GROUP@@newbee-mall-cloud-user-service@@DEFAULT -> [{"instanceId":"192.168.1.14#29000#DEFAULT#DEFAULT_GROUP@@newbee-mall-cloud-user-service","ip":"192.168.1.14","port":29000,"weight":1.0,"healthy":true,"enabled":true,"ephemeral":true,"clusterName":"DEFAULT","serviceName":"DEFAULT_GROUP@@newbee-mall-cloud-user-service","metadata":{"preserved.register.source":"SPRING_CLOUD"},"ipDeleteTimeout":30000,"instanceHeartBeatInterval":5000,"instanceHeartBeatTimeOut":15000}]
2025-10-24 17:17:27.250  INFO [newbee-mall-cloud-user-service,,] 5069 --- [g.push.receiver] com.alibaba.nacos.client.naming          : received push data: {"type":"dom","data":"{\"hosts\":[{\"ip\":\"192.168.1.14\",\"port\":29000,\"valid\":true,\"healthy\":true,\"marked\":false,\"instanceId\":\"192.168.1.14#29000#DEFAULT#DEFAULT_GROUP@@newbee-mall-cloud-user-service\",\"metadata\":{\"preserved.register.source\":\"SPRING_CLOUD\"},\"enabled\":true,\"weight\":1.0,\"clusterName\":\"DEFAULT\",\"serviceName\":\"DEFAULT_GROUP@@newbee-mall-cloud-user-service\",\"ephemeral\":true}],\"dom\":\"DEFAULT_GROUP@@newbee-mall-cloud-user-service\",\"name\":\"DEFAULT_GROUP@@newbee-mall-cloud-user-service\",\"cacheMillis\":10000,\"lastRefTime\":1761297447248,\"checksum\":\"564ea15232d7c9016561de9a36b93556\",\"useSpecifiedURL\":false,\"clusters\":\"DEFAULT\",\"env\":\"\",\"metadata\":{}}","lastRefTime":478124108098250} from /127.0.0.1
2025-10-24 17:17:27.399  WARN [newbee-mall-cloud-user-service,,] 5069 --- [/api/v2/spans}}] z.r.AsyncReporter$BoundedAsyncReporter   : Spans were dropped due to exceptions. All subsequent errors will be logged at FINE level.
2025-10-24 17:17:27.399  WARN [newbee-mall-cloud-user-service,,] 5069 --- [/api/v2/spans}}] z.r.AsyncReporter$BoundedAsyncReporter   : Dropped 1 spans due to ResourceAccessException(I/O error on POST request for "http://localhost:9411/api/v2/spans": Connection refused; nested exception is java.net.ConnectException: Connection refused)

org.springframework.web.client.ResourceAccessException: I/O error on POST request for "http://localhost:9411/api/v2/spans": Connection refused; nested exception is java.net.ConnectException: Connection refused
	at org.springframework.web.client.RestTemplate.doExecute(RestTemplate.java:785)
	at org.springframework.cloud.sleuth.zipkin2.ZipkinRestTemplateWrapper.doExecute(ZipkinRestTemplateWrapper.java:69)
	at org.springframework.web.client.RestTemplate.exchange(RestTemplate.java:660)
	at org.springframework.cloud.sleuth.zipkin2.RestTemplateSender.post(RestTemplateSender.java:51)
	at org.springframework.cloud.sleuth.zipkin2.RestTemplateSender.lambda$new$0(RestTemplateSender.java:44)
	at org.springframework.cloud.sleuth.zipkin2.HttpSender.post(HttpSender.java:137)
	at org.springframework.cloud.sleuth.zipkin2.HttpSender$HttpPostCall.doExecute(HttpSender.java:150)
	at org.springframework.cloud.sleuth.zipkin2.HttpSender$HttpPostCall.doExecute(HttpSender.java:140)
	at zipkin2.Call$Base.execute(Call.java:391)
	at zipkin2.reporter.AsyncReporter$BoundedAsyncReporter.flush(AsyncReporter.java:299)
	at zipkin2.reporter.AsyncReporter$Flusher.run(AsyncReporter.java:378)
	at java.base/java.lang.Thread.run(Thread.java:840)
Caused by: java.net.ConnectException: Connection refused
	at java.base/sun.nio.ch.Net.pollConnect(Native Method)
	at java.base/sun.nio.ch.Net.pollConnectNow(Net.java:672)
	at java.base/sun.nio.ch.NioSocketImpl.timedFinishConnect(NioSocketImpl.java:554)
	at java.base/sun.nio.ch.NioSocketImpl.connect(NioSocketImpl.java:602)
	at java.base/java.net.Socket.connect(Socket.java:639)
	at java.base/sun.net.NetworkClient.doConnect(NetworkClient.java:178)
	at java.base/sun.net.www.http.HttpClient.openServer(HttpClient.java:533)
	at java.base/sun.net.www.http.HttpClient.openServer(HttpClient.java:638)
	at java.base/sun.net.www.http.HttpClient.<init>(HttpClient.java:283)
	at java.base/sun.net.www.http.HttpClient.New(HttpClient.java:386)
	at java.base/sun.net.www.http.HttpClient.New(HttpClient.java:408)
	at java.base/sun.net.www.protocol.http.HttpURLConnection.getNewHttpClient(HttpURLConnection.java:1328)
	at java.base/sun.net.www.protocol.http.HttpURLConnection.plainConnect0(HttpURLConnection.java:1261)
	at java.base/sun.net.www.protocol.http.HttpURLConnection.plainConnect(HttpURLConnection.java:1147)
	at java.base/sun.net.www.protocol.http.HttpURLConnection.connect(HttpURLConnection.java:1076)
	at org.springframework.http.client.SimpleBufferingClientHttpRequest.executeInternal(SimpleBufferingClientHttpRequest.java:76)
	at org.springframework.http.client.AbstractBufferingClientHttpRequest.executeInternal(AbstractBufferingClientHttpRequest.java:48)
	at org.springframework.http.client.AbstractClientHttpRequest.execute(AbstractClientHttpRequest.java:66)
	at org.springframework.web.client.RestTemplate.doExecute(RestTemplate.java:776)
	... 11 common frames omitted

17:17:28,282 |-WARN in net.logstash.logback.appender.LogstashTcpSocketAppender[LOGSTASH] - Log destination 192.168.110.57/<unresolved>:4560: Waiting 24990ms before attempting reconnection.
17:17:58,302 |-WARN in net.logstash.logback.appender.LogstashTcpSocketAppender[LOGSTASH] - Log destination 192.168.110.57/<unresolved>:4560: Waiting 24977ms before attempting reconnection.
17:18:28,304 |-WARN in net.logstash.logback.appender.LogstashTcpSocketAppender[LOGSTASH] - Log destination 192.168.110.57/<unresolved>:4560: Waiting 24982ms before attempting reconnection.
17:18:58,314 |-WARN in net.logstash.logback.appender.LogstashTcpSocketAppender[LOGSTASH] - Log destination 192.168.110.57/<unresolved>:4560: Waiting 24987ms before attempting reconnection.
17:19:28,355 |-WARN in net.logstash.logback.appender.LogstashTcpSocketAppender[LOGSTASH] - Log destination 192.168.110.57/<unresolved>:4560: Waiting 24988ms before attempting reconnection.
17:19:58,398 |-WARN in net.logstash.logback.appender.LogstashTcpSocketAppender[LOGSTASH] - Log destination 192.168.110.57/<unresolved>:4560: Waiting 24952ms before attempting reconnection.
17:20:28,365 |-WARN in net.logstash.logback.appender.LogstashTcpSocketAppender[LOGSTASH] - Log destination 192.168.110.57/<unresolved>:4560: Waiting 24988ms before attempting reconnection.
17:20:58,367 |-WARN in net.logstash.logback.appender.LogstashTcpSocketAppender[LOGSTASH] - Log destination 192.168.110.57/<unresolved>:4560: Waiting 24989ms before attempting reconnection.
17:21:28,378 |-WARN in net.logstash.logback.appender.LogstashTcpSocketAppender[LOGSTASH] - Log destination 192.168.110.57/<unresolved>:4560: Waiting 24981ms before attempting reconnection.
17:21:58,374 |-WARN in net.logstash.logback.appender.LogstashTcpSocketAppender[LOGSTASH] - Log destination 192.168.110.57/<unresolved>:4560: Waiting 24988ms before attempting reconnection.
17:22:28,377 |-WARN in net.logstash.logback.appender.LogstashTcpSocketAppender[LOGSTASH] - Log destination 192.168.110.57/<unresolved>:4560: Waiting 24989ms before attempting reconnection.
17:22:58,385 |-WARN in net.logstash.logback.appender.LogstashTcpSocketAppender[LOGSTASH] - Log destination 192.168.110.57/<unresolved>:4560: Waiting 24987ms before attempting reconnection.
17:23:28,399 |-WARN in net.logstash.logback.appender.LogstashTcpSocketAppender[LOGSTASH] - Log destination 192.168.110.57/<unresolved>:4560: Waiting 24978ms before attempting reconnection.
17:23:58,398 |-WARN in net.logstash.logback.appender.LogstashTcpSocketAppender[LOGSTASH] - Log destination 192.168.110.57/<unresolved>:4560: Waiting 24985ms before attempting reconnection.
17:24:28,401 |-WARN in net.logstash.logback.appender.LogstashTcpSocketAppender[LOGSTASH] - Log destination 192.168.110.57/<unresolved>:4560: Waiting 24988ms before attempting reconnection.
17:24:58,606 |-WARN in net.logstash.logback.appender.LogstashTcpSocketAppender[LOGSTASH] - Log destination 192.168.110.57/<unresolved>:4560: Waiting 24785ms before attempting reconnection.
17:25:28,666 |-WARN in net.logstash.logback.appender.LogstashTcpSocketAppender[LOGSTASH] - Log destination 192.168.110.57/<unresolved>:4560: Waiting 24740ms before attempting reconnection.
17:25:58,442 |-WARN in net.logstash.logback.appender.LogstashTcpSocketAppender[LOGSTASH] - Log destination 192.168.110.57/<unresolved>:4560: Waiting 24972ms before attempting reconnection.
17:26:28,438 |-WARN in net.logstash.logback.appender.LogstashTcpSocketAppender[LOGSTASH] - Log destination 192.168.110.57/<unresolved>:4560: Waiting 24983ms before attempting reconnection.
17:26:58,446 |-WARN in net.logstash.logback.appender.LogstashTcpSocketAppender[LOGSTASH] - Log destination 192.168.110.57/<unresolved>:4560: Waiting 24979ms before attempting reconnection.
17:27:28,451 |-WARN in net.logstash.logback.appender.LogstashTcpSocketAppender[LOGSTASH] - Log destination 192.168.110.57/<unresolved>:4560: Waiting 24979ms before attempting reconnection.
17:27:58,452 |-WARN in net.logstash.logback.appender.LogstashTcpSocketAppender[LOGSTASH] - Log destination 192.168.110.57/<unresolved>:4560: Waiting 24985ms before attempting reconnection.
17:28:28,457 |-WARN in net.logstash.logback.appender.LogstashTcpSocketAppender[LOGSTASH] - Log destination 192.168.110.57/<unresolved>:4560: Waiting 24984ms before attempting reconnection.
17:28:58,455 |-WARN in net.logstash.logback.appender.LogstashTcpSocketAppender[LOGSTASH] - Log destination 192.168.110.57/<unresolved>:4560: Waiting 24988ms before attempting reconnection.
17:29:28,479 |-WARN in net.logstash.logback.appender.LogstashTcpSocketAppender[LOGSTASH] - Log destination 192.168.110.57/<unresolved>:4560: Waiting 24966ms before attempting reconnection.
17:29:58,465 |-WARN in net.logstash.logback.appender.LogstashTcpSocketAppender[LOGSTASH] - Log destination 192.168.110.57/<unresolved>:4560: Waiting 24984ms before attempting reconnection.
17:30:28,476 |-WARN in net.logstash.logback.appender.LogstashTcpSocketAppender[LOGSTASH] - Log destination 192.168.110.57/<unresolved>:4560: Waiting 24979ms before attempting reconnection.
17:30:58,467 |-WARN in net.logstash.logback.appender.LogstashTcpSocketAppender[LOGSTASH] - Log destination 192.168.110.57/<unresolved>:4560: Waiting 24988ms before attempting reconnection.
17:31:28,474 |-WARN in net.logstash.logback.appender.LogstashTcpSocketAppender[LOGSTASH] - Log destination 192.168.110.57/<unresolved>:4560: Waiting 24981ms before attempting reconnection.
INFO: Sentinel log output type is: file
INFO: Sentinel log charset is: utf-8
INFO: Sentinel log base directory is: /Users/henryning/logs/csp/
INFO: Sentinel log name use pid is: false
17:31:58,493 |-WARN in net.logstash.logback.appender.LogstashTcpSocketAppender[LOGSTASH] - Log destination 192.168.110.57/<unresolved>:4560: Waiting 24987ms before attempting reconnection.
2025-10-24 17:32:07.144  INFO [newbee-mall-cloud-user-service,4645ecb27a48ad1f,4645ecb27a48ad1f] 5069 --- [io-29000-exec-4] com.zaxxer.hikari.HikariDataSource       : hikariCP - Starting...
2025-10-24 17:32:07.426  INFO [newbee-mall-cloud-user-service,4645ecb27a48ad1f,4645ecb27a48ad1f] 5069 --- [io-29000-exec-4] com.zaxxer.hikari.HikariDataSource       : hikariCP - Start completed.
2025-10-24 17:32:07.475  INFO [newbee-mall-cloud-user-service,4645ecb27a48ad1f,4645ecb27a48ad1f] 5069 --- [io-29000-exec-4] .c.n.c.NewBeeMallCloudPersonalController : register api,loginName=15600705555,loginResult=用户名已存在！
2025-10-24 17:32:19.097  INFO [newbee-mall-cloud-user-service,334bcd114c635f12,334bcd114c635f12] 5069 --- [io-29000-exec-5] .c.n.c.NewBeeMallCloudPersonalController : register api,loginName=15600705556,loginResult=success
17:32:28,501 |-WARN in net.logstash.logback.appender.LogstashTcpSocketAppender[LOGSTASH] - Log destination 192.168.110.57/<unresolved>:4560: Waiting 24985ms before attempting reconnection.
17:32:58,527 |-WARN in net.logstash.logback.appender.LogstashTcpSocketAppender[LOGSTASH] - Log destination 192.168.110.57/<unresolved>:4560: Waiting 24962ms before attempting reconnection.
17:33:28,509 |-WARN in net.logstash.logback.appender.LogstashTcpSocketAppender[LOGSTASH] - Log destination 192.168.110.57/<unresolved>:4560: Waiting 24986ms before attempting reconnection.
17:33:58,526 |-WARN in net.logstash.logback.appender.LogstashTcpSocketAppender[LOGSTASH] - Log destination 192.168.110.57/<unresolved>:4560: Waiting 24977ms before attempting reconnection.
17:34:28,519 |-WARN in net.logstash.logback.appender.LogstashTcpSocketAppender[LOGSTASH] - Log destination 192.168.110.57/<unresolved>:4560: Waiting 24987ms before attempting reconnection.
17:34:58,530 |-WARN in net.logstash.logback.appender.LogstashTcpSocketAppender[LOGSTASH] - Log destination 192.168.110.57/<unresolved>:4560: Waiting 24979ms before attempting reconnection.
17:35:28,528 |-WARN in net.logstash.logback.appender.LogstashTcpSocketAppender[LOGSTASH] - Log destination 192.168.110.57/<unresolved>:4560: Waiting 24983ms before attempting reconnection.
2025-10-24 17:35:32.554  INFO [newbee-mall-cloud-user-service,79ab13e2a43d4ef0,79ab13e2a43d4ef0] 5069 --- [io-29000-exec-7] .c.n.c.NewBeeMallCloudPersonalController : login api,loginName=15600705555,loginResult=登录失败！
2025-10-24 17:35:38.614  INFO [newbee-mall-cloud-user-service,7a9e6cf8e920a067,7a9e6cf8e920a067] 5069 --- [io-29000-exec-9] .c.n.c.NewBeeMallCloudPersonalController : login api,loginName=15600705555,loginResult=登录失败！
2025-10-24 17:35:56.743 ERROR [newbee-mall-cloud-user-service,c021e2e9b6079aaf,c021e2e9b6079aaf] 5069 --- [o-29000-exec-10] l.u.c.n.c.UserServiceExceptionHandler    : UserServiceExceptionHandler:

org.springframework.web.bind.MethodArgumentNotValidException: Validation failed for argument [0] in public ltd.common.cloud.newbee.dto.Result<java.lang.String> ltd.user.cloud.newbee.controller.NewBeeMallCloudAdminUserController.login(ltd.user.cloud.newbee.controller.param.AdminLoginParam): [Field error in object 'adminLoginParam' on field 'userName': rejected value [null]; codes [NotEmpty.adminLoginParam.userName,NotEmpty.userName,NotEmpty.java.lang.String,NotEmpty]; arguments [org.springframework.context.support.DefaultMessageSourceResolvable: codes [adminLoginParam.userName,userName]; arguments []; default message [userName]]; default message [登录名不能为空]] 
	at org.springframework.web.servlet.mvc.method.annotation.RequestResponseBodyMethodProcessor.resolveArgument(RequestResponseBodyMethodProcessor.java:141)
	at org.springframework.web.method.support.HandlerMethodArgumentResolverComposite.resolveArgument(HandlerMethodArgumentResolverComposite.java:122)
	at org.springframework.web.method.support.InvocableHandlerMethod.getMethodArgumentValues(InvocableHandlerMethod.java:179)
	at org.springframework.web.method.support.InvocableHandlerMethod.invokeForRequest(InvocableHandlerMethod.java:146)
	at org.springframework.web.servlet.mvc.method.annotation.ServletInvocableHandlerMethod.invokeAndHandle(ServletInvocableHandlerMethod.java:117)
	at org.springframework.web.servlet.mvc.method.annotation.RequestMappingHandlerAdapter.invokeHandlerMethod(RequestMappingHandlerAdapter.java:895)
	at org.springframework.web.servlet.mvc.method.annotation.RequestMappingHandlerAdapter.handleInternal(RequestMappingHandlerAdapter.java:808)
	at org.springframework.web.servlet.mvc.method.AbstractHandlerMethodAdapter.handle(AbstractHandlerMethodAdapter.java:87)
	at org.springframework.web.servlet.DispatcherServlet.doDispatch(DispatcherServlet.java:1067)
	at org.springframework.web.servlet.DispatcherServlet.doService(DispatcherServlet.java:963)
	at org.springframework.web.servlet.FrameworkServlet.processRequest(FrameworkServlet.java:1006)
	at org.springframework.web.servlet.FrameworkServlet.doPost(FrameworkServlet.java:909)
	at javax.servlet.http.HttpServlet.service(HttpServlet.java:681)
	at org.springframework.web.servlet.FrameworkServlet.service(FrameworkServlet.java:883)
	at javax.servlet.http.HttpServlet.service(HttpServlet.java:764)
	at org.apache.catalina.core.ApplicationFilterChain.internalDoFilter(ApplicationFilterChain.java:227)
	at org.apache.catalina.core.ApplicationFilterChain.doFilter(ApplicationFilterChain.java:162)
	at org.apache.tomcat.websocket.server.WsFilter.doFilter(WsFilter.java:53)
	at org.apache.catalina.core.ApplicationFilterChain.internalDoFilter(ApplicationFilterChain.java:189)
	at org.apache.catalina.core.ApplicationFilterChain.doFilter(ApplicationFilterChain.java:162)
	at org.springframework.cloud.sleuth.instrument.web.servlet.TracingFilter.doFilter(TracingFilter.java:68)
	at org.springframework.cloud.sleuth.autoconfig.instrument.web.TraceWebServletConfiguration$LazyTracingFilter.doFilter(TraceWebServletConfiguration.java:131)
	at org.apache.catalina.core.ApplicationFilterChain.internalDoFilter(ApplicationFilterChain.java:189)
	at org.apache.catalina.core.ApplicationFilterChain.doFilter(ApplicationFilterChain.java:162)
	at org.springframework.web.filter.CharacterEncodingFilter.doFilterInternal(CharacterEncodingFilter.java:201)
	at org.springframework.web.filter.OncePerRequestFilter.doFilter(OncePerRequestFilter.java:117)
	at org.apache.catalina.core.ApplicationFilterChain.internalDoFilter(ApplicationFilterChain.java:189)
	at org.apache.catalina.core.ApplicationFilterChain.doFilter(ApplicationFilterChain.java:162)
	at org.apache.catalina.core.StandardWrapperValve.invoke(StandardWrapperValve.java:197)
	at org.apache.catalina.core.StandardContextValve.invoke(StandardContextValve.java:97)
	at org.apache.catalina.authenticator.AuthenticatorBase.invoke(AuthenticatorBase.java:540)
	at org.apache.catalina.core.StandardHostValve.invoke(StandardHostValve.java:135)
	at org.apache.catalina.valves.ErrorReportValve.invoke(ErrorReportValve.java:92)
	at org.apache.catalina.core.StandardEngineValve.invoke(StandardEngineValve.java:78)
	at org.springframework.cloud.sleuth.instrument.web.tomcat.TraceValve.invoke(TraceValve.java:90)
	at org.apache.catalina.connector.CoyoteAdapter.service(CoyoteAdapter.java:357)
	at org.apache.coyote.http11.Http11Processor.service(Http11Processor.java:382)
	at org.apache.coyote.AbstractProcessorLight.process(AbstractProcessorLight.java:65)
	at org.apache.coyote.AbstractProtocol$ConnectionHandler.process(AbstractProtocol.java:895)
	at org.apache.tomcat.util.net.NioEndpoint$SocketProcessor.doRun(NioEndpoint.java:1732)
	at org.apache.tomcat.util.net.SocketProcessorBase.run(SocketProcessorBase.java:49)
	at org.apache.tomcat.util.threads.ThreadPoolExecutor.runWorker(ThreadPoolExecutor.java:1191)
	at org.apache.tomcat.util.threads.ThreadPoolExecutor$Worker.run(ThreadPoolExecutor.java:659)
	at org.apache.tomcat.util.threads.TaskThread$WrappingRunnable.run(TaskThread.java:61)
	at java.base/java.lang.Thread.run(Thread.java:840)

17:35:58,533 |-WARN in net.logstash.logback.appender.LogstashTcpSocketAppender[LOGSTASH] - Log destination 192.168.110.57/<unresolved>:4560: Waiting 24984ms before attempting reconnection.
17:36:28,536 |-WARN in net.logstash.logback.appender.LogstashTcpSocketAppender[LOGSTASH] - Log destination 192.168.110.57/<unresolved>:4560: Waiting 24986ms before attempting reconnection.
17:36:58,693 |-WARN in net.logstash.logback.appender.LogstashTcpSocketAppender[LOGSTASH] - Log destination 192.168.110.57/<unresolved>:4560: Waiting 24835ms before attempting reconnection.
17:37:28,546 |-WARN in net.logstash.logback.appender.LogstashTcpSocketAppender[LOGSTASH] - Log destination 192.168.110.57/<unresolved>:4560: Waiting 24989ms before attempting reconnection.
17:37:58,558 |-WARN in net.logstash.logback.appender.LogstashTcpSocketAppender[LOGSTASH] - Log destination 192.168.110.57/<unresolved>:4560: Waiting 24985ms before attempting reconnection.
2025-10-24 17:38:07.650  INFO [newbee-mall-cloud-user-service,ace068106d0aa9f1,ace068106d0aa9f1] 5069 --- [io-29000-exec-4] c.n.c.NewBeeMallCloudAdminUserController : manage login api,adminName=15600705555,loginResult=登录失败
2025-10-24 17:38:22.361  INFO [newbee-mall-cloud-user-service,87585e7fe7e97d1e,87585e7fe7e97d1e] 5069 --- [io-29000-exec-5] c.n.c.NewBeeMallCloudAdminUserController : manage login api,adminName=13711113333,loginResult=登录失败
17:38:28,561 |-WARN in net.logstash.logback.appender.LogstashTcpSocketAppender[LOGSTASH] - Log destination 192.168.110.57/<unresolved>:4560: Waiting 24988ms before attempting reconnection.
2025-10-24 17:38:31.252  INFO [newbee-mall-cloud-user-service,f2aa941ffb0936c5,f2aa941ffb0936c5] 5069 --- [io-29000-exec-6] c.n.c.NewBeeMallCloudAdminUserController : manage login api,adminName=13711113333,loginResult=登录失败
2025-10-24 17:38:33.310  INFO [newbee-mall-cloud-user-service,11ff1b3c1ba7b204,11ff1b3c1ba7b204] 5069 --- [io-29000-exec-7] c.n.c.NewBeeMallCloudAdminUserController : manage login api,adminName=13711113333,loginResult=登录失败
2025-10-24 17:38:34.577  INFO [newbee-mall-cloud-user-service,6f0daf507a151c24,6f0daf507a151c24] 5069 --- [io-29000-exec-8] c.n.c.NewBeeMallCloudAdminUserController : manage login api,adminName=13711113333,loginResult=登录失败
17:38:58,568 |-WARN in net.logstash.logback.appender.LogstashTcpSocketAppender[LOGSTASH] - Log destination 192.168.110.57/<unresolved>:4560: Waiting 24986ms before attempting reconnection.
e070e5c1df4135ac1849e4b04b4f7c32
2025-10-24 17:39:18.944  INFO [newbee-mall-cloud-user-service,3b3f597d5df17e9a,3b3f597d5df17e9a] 5069 --- [io-29000-exec-9] c.n.c.NewBeeMallCloudAdminUserController : manage login api,adminName=admin,loginResult=e070e5c1df4135ac1849e4b04b4f7c32
17:39:28,576 |-WARN in net.logstash.logback.appender.LogstashTcpSocketAppender[LOGSTASH] - Log destination 192.168.110.57/<unresolved>:4560: Waiting 24983ms before attempting reconnection.
17:39:58,580 |-WARN in net.logstash.logback.appender.LogstashTcpSocketAppender[LOGSTASH] - Log destination 192.168.110.57/<unresolved>:4560: Waiting 24984ms before attempting reconnection.
17:40:28,586 |-WARN in net.logstash.logback.appender.LogstashTcpSocketAppender[LOGSTASH] - Log destination 192.168.110.57/<unresolved>:4560: Waiting 24985ms before attempting reconnection.
17:40:58,626 |-WARN in net.logstash.logback.appender.LogstashTcpSocketAppender[LOGSTASH] - Log destination 192.168.110.57/<unresolved>:4560: Waiting 24951ms before attempting reconnection.
17:41:28,928 |-WARN in net.logstash.logback.appender.LogstashTcpSocketAppender[LOGSTASH] - Log destination 192.168.110.57/<unresolved>:4560: Waiting 24735ms before attempting reconnection.
17:41:58,679 |-WARN in net.logstash.logback.appender.LogstashTcpSocketAppender[LOGSTASH] - Log destination 192.168.110.57/<unresolved>:4560: Waiting 24985ms before attempting reconnection.
17:42:28,686 |-WARN in net.logstash.logback.appender.LogstashTcpSocketAppender[LOGSTASH] - Log destination 192.168.110.57/<unresolved>:4560: Waiting 24986ms before attempting reconnection.
17:42:58,691 |-WARN in net.logstash.logback.appender.LogstashTcpSocketAppender[LOGSTASH] - Log destination 192.168.110.57/<unresolved>:4560: Waiting 24985ms before attempting reconnection.
17:43:28,696 |-WARN in net.logstash.logback.appender.LogstashTcpSocketAppender[LOGSTASH] - Log destination 192.168.110.57/<unresolved>:4560: Waiting 24987ms before attempting reconnection.
2025-10-24 17:43:50.094 ERROR [newbee-mall-cloud-user-service,9fc42e2746f574c7,9fc42e2746f574c7] 5069 --- [io-29000-exec-3] l.u.c.n.c.UserServiceExceptionHandler    : UserServiceExceptionHandler:

ltd.common.cloud.newbee.exception.NewBeeMallException: 未登录！
	at ltd.common.cloud.newbee.exception.NewBeeMallException.fail(NewBeeMallException.java:26)
	at ltd.user.cloud.newbee.config.handler.TokenToMallUserMethodArgumentResolver.resolveArgument(TokenToMallUserMethodArgumentResolver.java:67)
	at org.springframework.web.method.support.HandlerMethodArgumentResolverComposite.resolveArgument(HandlerMethodArgumentResolverComposite.java:122)
	at org.springframework.web.method.support.InvocableHandlerMethod.getMethodArgumentValues(InvocableHandlerMethod.java:179)
	at org.springframework.web.method.support.InvocableHandlerMethod.invokeForRequest(InvocableHandlerMethod.java:146)
	at org.springframework.web.servlet.mvc.method.annotation.ServletInvocableHandlerMethod.invokeAndHandle(ServletInvocableHandlerMethod.java:117)
	at org.springframework.web.servlet.mvc.method.annotation.RequestMappingHandlerAdapter.invokeHandlerMethod(RequestMappingHandlerAdapter.java:895)
	at org.springframework.web.servlet.mvc.method.annotation.RequestMappingHandlerAdapter.handleInternal(RequestMappingHandlerAdapter.java:808)
	at org.springframework.web.servlet.mvc.method.AbstractHandlerMethodAdapter.handle(AbstractHandlerMethodAdapter.java:87)
	at org.springframework.web.servlet.DispatcherServlet.doDispatch(DispatcherServlet.java:1067)
	at org.springframework.web.servlet.DispatcherServlet.doService(DispatcherServlet.java:963)
	at org.springframework.web.servlet.FrameworkServlet.processRequest(FrameworkServlet.java:1006)
	at org.springframework.web.servlet.FrameworkServlet.doGet(FrameworkServlet.java:898)
	at javax.servlet.http.HttpServlet.service(HttpServlet.java:655)
	at org.springframework.web.servlet.FrameworkServlet.service(FrameworkServlet.java:883)
	at javax.servlet.http.HttpServlet.service(HttpServlet.java:764)
	at org.apache.catalina.core.ApplicationFilterChain.internalDoFilter(ApplicationFilterChain.java:227)
	at org.apache.catalina.core.ApplicationFilterChain.doFilter(ApplicationFilterChain.java:162)
	at org.apache.tomcat.websocket.server.WsFilter.doFilter(WsFilter.java:53)
	at org.apache.catalina.core.ApplicationFilterChain.internalDoFilter(ApplicationFilterChain.java:189)
	at org.apache.catalina.core.ApplicationFilterChain.doFilter(ApplicationFilterChain.java:162)
	at org.springframework.cloud.sleuth.instrument.web.servlet.TracingFilter.doFilter(TracingFilter.java:68)
	at org.springframework.cloud.sleuth.autoconfig.instrument.web.TraceWebServletConfiguration$LazyTracingFilter.doFilter(TraceWebServletConfiguration.java:131)
	at org.apache.catalina.core.ApplicationFilterChain.internalDoFilter(ApplicationFilterChain.java:189)
	at org.apache.catalina.core.ApplicationFilterChain.doFilter(ApplicationFilterChain.java:162)
	at org.springframework.web.filter.CharacterEncodingFilter.doFilterInternal(CharacterEncodingFilter.java:201)
	at org.springframework.web.filter.OncePerRequestFilter.doFilter(OncePerRequestFilter.java:117)
	at org.apache.catalina.core.ApplicationFilterChain.internalDoFilter(ApplicationFilterChain.java:189)
	at org.apache.catalina.core.ApplicationFilterChain.doFilter(ApplicationFilterChain.java:162)
	at org.apache.catalina.core.StandardWrapperValve.invoke(StandardWrapperValve.java:197)
	at org.apache.catalina.core.StandardContextValve.invoke(StandardContextValve.java:97)
	at org.apache.catalina.authenticator.AuthenticatorBase.invoke(AuthenticatorBase.java:540)
	at org.apache.catalina.core.StandardHostValve.invoke(StandardHostValve.java:135)
	at org.apache.catalina.valves.ErrorReportValve.invoke(ErrorReportValve.java:92)
	at org.apache.catalina.core.StandardEngineValve.invoke(StandardEngineValve.java:78)
	at org.springframework.cloud.sleuth.instrument.web.tomcat.TraceValve.invoke(TraceValve.java:90)
	at org.apache.catalina.connector.CoyoteAdapter.service(CoyoteAdapter.java:357)
	at org.apache.coyote.http11.Http11Processor.service(Http11Processor.java:382)
	at org.apache.coyote.AbstractProcessorLight.process(AbstractProcessorLight.java:65)
	at org.apache.coyote.AbstractProtocol$ConnectionHandler.process(AbstractProtocol.java:895)
	at org.apache.tomcat.util.net.NioEndpoint$SocketProcessor.doRun(NioEndpoint.java:1732)
	at org.apache.tomcat.util.net.SocketProcessorBase.run(SocketProcessorBase.java:49)
	at org.apache.tomcat.util.threads.ThreadPoolExecutor.runWorker(ThreadPoolExecutor.java:1191)
	at org.apache.tomcat.util.threads.ThreadPoolExecutor$Worker.run(ThreadPoolExecutor.java:659)
	at org.apache.tomcat.util.threads.TaskThread$WrappingRunnable.run(TaskThread.java:61)
	at java.base/java.lang.Thread.run(Thread.java:840)

17:43:58,701 |-WARN in net.logstash.logback.appender.LogstashTcpSocketAppender[LOGSTASH] - Log destination 192.168.110.57/<unresolved>:4560: Waiting 24986ms before attempting reconnection.
2025-10-24 17:44:14.208 ERROR [newbee-mall-cloud-user-service,e0a4849a5d038334,e0a4849a5d038334] 5069 --- [io-29000-exec-4] l.u.c.n.c.UserServiceExceptionHandler    : UserServiceExceptionHandler:

java.lang.ClassCastException: class ltd.common.cloud.newbee.pojo.AdminUserToken cannot be cast to class ltd.common.cloud.newbee.pojo.MallUserToken (ltd.common.cloud.newbee.pojo.AdminUserToken and ltd.common.cloud.newbee.pojo.MallUserToken are in unnamed module of loader 'app')
	at ltd.user.cloud.newbee.config.handler.TokenToMallUserMethodArgumentResolver.resolveArgument(TokenToMallUserMethodArgumentResolver.java:54)
	at org.springframework.web.method.support.HandlerMethodArgumentResolverComposite.resolveArgument(HandlerMethodArgumentResolverComposite.java:122)
	at org.springframework.web.method.support.InvocableHandlerMethod.getMethodArgumentValues(InvocableHandlerMethod.java:179)
	at org.springframework.web.method.support.InvocableHandlerMethod.invokeForRequest(InvocableHandlerMethod.java:146)
	at org.springframework.web.servlet.mvc.method.annotation.ServletInvocableHandlerMethod.invokeAndHandle(ServletInvocableHandlerMethod.java:117)
	at org.springframework.web.servlet.mvc.method.annotation.RequestMappingHandlerAdapter.invokeHandlerMethod(RequestMappingHandlerAdapter.java:895)
	at org.springframework.web.servlet.mvc.method.annotation.RequestMappingHandlerAdapter.handleInternal(RequestMappingHandlerAdapter.java:808)
	at org.springframework.web.servlet.mvc.method.AbstractHandlerMethodAdapter.handle(AbstractHandlerMethodAdapter.java:87)
	at org.springframework.web.servlet.DispatcherServlet.doDispatch(DispatcherServlet.java:1067)
	at org.springframework.web.servlet.DispatcherServlet.doService(DispatcherServlet.java:963)
	at org.springframework.web.servlet.FrameworkServlet.processRequest(FrameworkServlet.java:1006)
	at org.springframework.web.servlet.FrameworkServlet.doGet(FrameworkServlet.java:898)
	at javax.servlet.http.HttpServlet.service(HttpServlet.java:655)
	at org.springframework.web.servlet.FrameworkServlet.service(FrameworkServlet.java:883)
	at javax.servlet.http.HttpServlet.service(HttpServlet.java:764)
	at org.apache.catalina.core.ApplicationFilterChain.internalDoFilter(ApplicationFilterChain.java:227)
	at org.apache.catalina.core.ApplicationFilterChain.doFilter(ApplicationFilterChain.java:162)
	at org.apache.tomcat.websocket.server.WsFilter.doFilter(WsFilter.java:53)
	at org.apache.catalina.core.ApplicationFilterChain.internalDoFilter(ApplicationFilterChain.java:189)
	at org.apache.catalina.core.ApplicationFilterChain.doFilter(ApplicationFilterChain.java:162)
	at org.springframework.cloud.sleuth.instrument.web.servlet.TracingFilter.doFilter(TracingFilter.java:68)
	at org.springframework.cloud.sleuth.autoconfig.instrument.web.TraceWebServletConfiguration$LazyTracingFilter.doFilter(TraceWebServletConfiguration.java:131)
	at org.apache.catalina.core.ApplicationFilterChain.internalDoFilter(ApplicationFilterChain.java:189)
	at org.apache.catalina.core.ApplicationFilterChain.doFilter(ApplicationFilterChain.java:162)
	at org.springframework.web.filter.CharacterEncodingFilter.doFilterInternal(CharacterEncodingFilter.java:201)
	at org.springframework.web.filter.OncePerRequestFilter.doFilter(OncePerRequestFilter.java:117)
	at org.apache.catalina.core.ApplicationFilterChain.internalDoFilter(ApplicationFilterChain.java:189)
	at org.apache.catalina.core.ApplicationFilterChain.doFilter(ApplicationFilterChain.java:162)
	at org.apache.catalina.core.StandardWrapperValve.invoke(StandardWrapperValve.java:197)
	at org.apache.catalina.core.StandardContextValve.invoke(StandardContextValve.java:97)
	at org.apache.catalina.authenticator.AuthenticatorBase.invoke(AuthenticatorBase.java:540)
	at org.apache.catalina.core.StandardHostValve.invoke(StandardHostValve.java:135)
	at org.apache.catalina.valves.ErrorReportValve.invoke(ErrorReportValve.java:92)
	at org.apache.catalina.core.StandardEngineValve.invoke(StandardEngineValve.java:78)
	at org.springframework.cloud.sleuth.instrument.web.tomcat.TraceValve.invoke(TraceValve.java:90)
	at org.apache.catalina.connector.CoyoteAdapter.service(CoyoteAdapter.java:357)
	at org.apache.coyote.http11.Http11Processor.service(Http11Processor.java:382)
	at org.apache.coyote.AbstractProcessorLight.process(AbstractProcessorLight.java:65)
	at org.apache.coyote.AbstractProtocol$ConnectionHandler.process(AbstractProtocol.java:895)
	at org.apache.tomcat.util.net.NioEndpoint$SocketProcessor.doRun(NioEndpoint.java:1732)
	at org.apache.tomcat.util.net.SocketProcessorBase.run(SocketProcessorBase.java:49)
	at org.apache.tomcat.util.threads.ThreadPoolExecutor.runWorker(ThreadPoolExecutor.java:1191)
	at org.apache.tomcat.util.threads.ThreadPoolExecutor$Worker.run(ThreadPoolExecutor.java:659)
	at org.apache.tomcat.util.threads.TaskThread$WrappingRunnable.run(TaskThread.java:61)
	at java.base/java.lang.Thread.run(Thread.java:840)

java.lang.ClassCastException: class ltd.common.cloud.newbee.pojo.AdminUserToken cannot be cast to class ltd.common.cloud.newbee.pojo.MallUserToken (ltd.common.cloud.newbee.pojo.AdminUserToken and ltd.common.cloud.newbee.pojo.MallUserToken are in unnamed module of loader 'app')
	at ltd.user.cloud.newbee.config.handler.TokenToMallUserMethodArgumentResolver.resolveArgument(TokenToMallUserMethodArgumentResolver.java:54)
	at org.springframework.web.method.support.HandlerMethodArgumentResolverComposite.resolveArgument(HandlerMethodArgumentResolverComposite.java:122)
	at org.springframework.web.method.support.InvocableHandlerMethod.getMethodArgumentValues(InvocableHandlerMethod.java:179)
	at org.springframework.web.method.support.InvocableHandlerMethod.invokeForRequest(InvocableHandlerMethod.java:146)
	at org.springframework.web.servlet.mvc.method.annotation.ServletInvocableHandlerMethod.invokeAndHandle(ServletInvocableHandlerMethod.java:117)
	at org.springframework.web.servlet.mvc.method.annotation.RequestMappingHandlerAdapter.invokeHandlerMethod(RequestMappingHandlerAdapter.java:895)
	at org.springframework.web.servlet.mvc.method.annotation.RequestMappingHandlerAdapter.handleInternal(RequestMappingHandlerAdapter.java:808)
	at org.springframework.web.servlet.mvc.method.AbstractHandlerMethodAdapter.handle(AbstractHandlerMethodAdapter.java:87)
	at org.springframework.web.servlet.DispatcherServlet.doDispatch(DispatcherServlet.java:1067)
	at org.springframework.web.servlet.DispatcherServlet.doService(DispatcherServlet.java:963)
	at org.springframework.web.servlet.FrameworkServlet.processRequest(FrameworkServlet.java:1006)
	at org.springframework.web.servlet.FrameworkServlet.doGet(FrameworkServlet.java:898)
	at javax.servlet.http.HttpServlet.service(HttpServlet.java:655)
	at org.springframework.web.servlet.FrameworkServlet.service(FrameworkServlet.java:883)
	at javax.servlet.http.HttpServlet.service(HttpServlet.java:764)
	at org.apache.catalina.core.ApplicationFilterChain.internalDoFilter(ApplicationFilterChain.java:227)
	at org.apache.catalina.core.ApplicationFilterChain.doFilter(ApplicationFilterChain.java:162)
	at org.apache.tomcat.websocket.server.WsFilter.doFilter(WsFilter.java:53)
	at org.apache.catalina.core.ApplicationFilterChain.internalDoFilter(ApplicationFilterChain.java:189)
	at org.apache.catalina.core.ApplicationFilterChain.doFilter(ApplicationFilterChain.java:162)
	at org.springframework.cloud.sleuth.instrument.web.servlet.TracingFilter.doFilter(TracingFilter.java:68)
	at org.springframework.cloud.sleuth.autoconfig.instrument.web.TraceWebServletConfiguration$LazyTracingFilter.doFilter(TraceWebServletConfiguration.java:131)
	at org.apache.catalina.core.ApplicationFilterChain.internalDoFilter(ApplicationFilterChain.java:189)
	at org.apache.catalina.core.ApplicationFilterChain.doFilter(ApplicationFilterChain.java:162)
	at org.springframework.web.filter.CharacterEncodingFilter.doFilterInternal(CharacterEncodingFilter.java:201)
	at org.springframework.web.filter.OncePerRequestFilter.doFilter(OncePerRequestFilter.java:117)
	at org.apache.catalina.core.ApplicationFilterChain.internalDoFilter(ApplicationFilterChain.java:189)
	at org.apache.catalina.core.ApplicationFilterChain.doFilter(ApplicationFilterChain.java:162)
	at org.apache.catalina.core.StandardWrapperValve.invoke(StandardWrapperValve.java:197)
	at org.apache.catalina.core.StandardContextValve.invoke(StandardContextValve.java:97)
	at org.apache.catalina.authenticator.AuthenticatorBase.invoke(AuthenticatorBase.java:540)
	at org.apache.catalina.core.StandardHostValve.invoke(StandardHostValve.java:135)
	at org.apache.catalina.valves.ErrorReportValve.invoke(ErrorReportValve.java:92)
	at org.apache.catalina.core.StandardEngineValve.invoke(StandardEngineValve.java:78)
	at org.springframework.cloud.sleuth.instrument.web.tomcat.TraceValve.invoke(TraceValve.java:90)
	at org.apache.catalina.connector.CoyoteAdapter.service(CoyoteAdapter.java:357)
	at org.apache.coyote.http11.Http11Processor.service(Http11Processor.java:382)
	at org.apache.coyote.AbstractProcessorLight.process(AbstractProcessorLight.java:65)
	at org.apache.coyote.AbstractProtocol$ConnectionHandler.process(AbstractProtocol.java:895)
	at org.apache.tomcat.util.net.NioEndpoint$SocketProcessor.doRun(NioEndpoint.java:1732)
	at org.apache.tomcat.util.net.SocketProcessorBase.run(SocketProcessorBase.java:49)
	at org.apache.tomcat.util.threads.ThreadPoolExecutor.runWorker(ThreadPoolExecutor.java:1191)
	at org.apache.tomcat.util.threads.ThreadPoolExecutor$Worker.run(ThreadPoolExecutor.java:659)
	at org.apache.tomcat.util.threads.TaskThread$WrappingRunnable.run(TaskThread.java:61)
	at java.base/java.lang.Thread.run(Thread.java:840)
17:44:28,744 |-WARN in net.logstash.logback.appender.LogstashTcpSocketAppender[LOGSTASH] - Log destination 192.168.110.57/<unresolved>:4560: Waiting 24948ms before attempting reconnection.
2025-10-24 17:44:28.769  WARN [newbee-mall-cloud-user-service,3f637d2026f0ba63,3f637d2026f0ba63] 5069 --- [io-29000-exec-5] o.s.web.servlet.PageNotFound             : No mapping for GET /api/categories/mall
2025-10-24 17:44:36.599  WARN [newbee-mall-cloud-user-service,78602a97f8cf04fb,78602a97f8cf04fb] 5069 --- [io-29000-exec-6] o.s.web.servlet.PageNotFound             : No mapping for GET /categories/mall
17:44:58,712 |-WARN in net.logstash.logback.appender.LogstashTcpSocketAppender[LOGSTASH] - Log destination 192.168.110.57/<unresolved>:4560: Waiting 24988ms before attempting reconnection.
17:45:28,729 |-WARN in net.logstash.logback.appender.LogstashTcpSocketAppender[LOGSTASH] - Log destination 192.168.110.57/<unresolved>:4560: Waiting 24974ms before attempting reconnection.
17:45:58,735 |-WARN in net.logstash.logback.appender.LogstashTcpSocketAppender[LOGSTASH] - Log destination 192.168.110.57/<unresolved>:4560: Waiting 24973ms before attempting reconnection.
17:46:28,725 |-WARN in net.logstash.logback.appender.LogstashTcpSocketAppender[LOGSTASH] - Log destination 192.168.110.57/<unresolved>:4560: Waiting 24986ms before attempting reconnection.
17:46:58,745 |-WARN in net.logstash.logback.appender.LogstashTcpSocketAppender[LOGSTASH] - Log destination 192.168.110.57/<unresolved>:4560: Waiting 24966ms before attempting reconnection.
17:47:28,728 |-WARN in net.logstash.logback.appender.LogstashTcpSocketAppender[LOGSTASH] - Log destination 192.168.110.57/<unresolved>:4560: Waiting 24986ms before attempting reconnection.
17:47:58,732 |-WARN in net.logstash.logback.appender.LogstashTcpSocketAppender[LOGSTASH] - Log destination 192.168.110.57/<unresolved>:4560: Waiting 24987ms before attempting reconnection.
17:48:28,749 |-WARN in net.logstash.logback.appender.LogstashTcpSocketAppender[LOGSTASH] - Log destination 192.168.110.57/<unresolved>:4560: Waiting 24976ms before attempting reconnection.
17:48:58,743 |-WARN in net.logstash.logback.appender.LogstashTcpSocketAppender[LOGSTASH] - Log destination 192.168.110.57/<unresolved>:4560: Waiting 24988ms before attempting reconnection.
17:49:28,746 |-WARN in net.logstash.logback.appender.LogstashTcpSocketAppender[LOGSTASH] - Log destination 192.168.110.57/<unresolved>:4560: Waiting 24991ms before attempting reconnection.
17:49:58,770 |-WARN in net.logstash.logback.appender.LogstashTcpSocketAppender[LOGSTASH] - Log destination 192.168.110.57/<unresolved>:4560: Waiting 24971ms before attempting reconnection.
17:50:28,754 |-WARN in net.logstash.logback.appender.LogstashTcpSocketAppender[LOGSTASH] - Log destination 192.168.110.57/<unresolved>:4560: Waiting 24989ms before attempting reconnection.
17:50:58,759 |-WARN in net.logstash.logback.appender.LogstashTcpSocketAppender[LOGSTASH] - Log destination 192.168.110.57/<unresolved>:4560: Waiting 24987ms before attempting reconnection.
17:51:30,592 |-WARN in net.logstash.logback.appender.LogstashTcpSocketAppender[LOGSTASH] - Log destination 192.168.110.57/<unresolved>:4560: Waiting 24660ms before attempting reconnection.
17:52:00,303 |-WARN in net.logstash.logback.appender.LogstashTcpSocketAppender[LOGSTASH] - Log destination 192.168.110.57/<unresolved>:4560: Waiting 24953ms before attempting reconnection.
17:52:30,280 |-WARN in net.logstash.logback.appender.LogstashTcpSocketAppender[LOGSTASH] - Log destination 192.168.110.57/<unresolved>:4560: Waiting 24982ms before attempting reconnection.
17:53:00,280 |-WARN in net.logstash.logback.appender.LogstashTcpSocketAppender[LOGSTASH] - Log destination 192.168.110.57/<unresolved>:4560: Waiting 24989ms before attempting reconnection.
17:53:30,393 |-WARN in net.logstash.logback.appender.LogstashTcpSocketAppender[LOGSTASH] - Log destination 192.168.110.57/<unresolved>:4560: Waiting 24882ms before attempting reconnection.
17:54:00,298 |-WARN in net.logstash.logback.appender.LogstashTcpSocketAppender[LOGSTASH] - Log destination 192.168.110.57/<unresolved>:4560: Waiting 24981ms before attempting reconnection.
17:54:30,300 |-WARN in net.logstash.logback.appender.LogstashTcpSocketAppender[LOGSTASH] - Log destination 192.168.110.57/<unresolved>:4560: Waiting 24990ms before attempting reconnection.
17:55:00,309 |-WARN in net.logstash.logback.appender.LogstashTcpSocketAppender[LOGSTASH] - Log destination 192.168.110.57/<unresolved>:4560: Waiting 24987ms before attempting reconnection.
17:55:30,318 |-WARN in net.logstash.logback.appender.LogstashTcpSocketAppender[LOGSTASH] - Log destination 192.168.110.57/<unresolved>:4560: Waiting 24984ms before attempting reconnection.
17:56:00,320 |-WARN in net.logstash.logback.appender.LogstashTcpSocketAppender[LOGSTASH] - Log destination 192.168.110.57/<unresolved>:4560: Waiting 24988ms before attempting reconnection.
17:56:30,349 |-WARN in net.logstash.logback.appender.LogstashTcpSocketAppender[LOGSTASH] - Log destination 192.168.110.57/<unresolved>:4560: Waiting 24975ms before attempting reconnection.
17:57:00,348 |-WARN in net.logstash.logback.appender.LogstashTcpSocketAppender[LOGSTASH] - Log destination 192.168.110.57/<unresolved>:4560: Waiting 24979ms before attempting reconnection.
17:57:30,344 |-WARN in net.logstash.logback.appender.LogstashTcpSocketAppender[LOGSTASH] - Log destination 192.168.110.57/<unresolved>:4560: Waiting 24988ms before attempting reconnection.
17:58:00,350 |-WARN in net.logstash.logback.appender.LogstashTcpSocketAppender[LOGSTASH] - Log destination 192.168.110.57/<unresolved>:4560: Waiting 24987ms before attempting reconnection.
17:58:30,376 |-WARN in net.logstash.logback.appender.LogstashTcpSocketAppender[LOGSTASH] - Log destination 192.168.110.57/<unresolved>:4560: Waiting 24964ms before attempting reconnection.
17:59:00,412 |-WARN in net.logstash.logback.appender.LogstashTcpSocketAppender[LOGSTASH] - Log destination 192.168.110.57/<unresolved>:4560: Waiting 24935ms before attempting reconnection.
17:59:30,370 |-WARN in net.logstash.logback.appender.LogstashTcpSocketAppender[LOGSTASH] - Log destination 192.168.110.57/<unresolved>:4560: Waiting 24988ms before attempting reconnection.
18:00:00,379 |-WARN in net.logstash.logback.appender.LogstashTcpSocketAppender[LOGSTASH] - Log destination 192.168.110.57/<unresolved>:4560: Waiting 24983ms before attempting reconnection.
18:00:30,378 |-WARN in net.logstash.logback.appender.LogstashTcpSocketAppender[LOGSTASH] - Log destination 192.168.110.57/<unresolved>:4560: Waiting 24985ms before attempting reconnection.
18:01:00,376 |-WARN in net.logstash.logback.appender.LogstashTcpSocketAppender[LOGSTASH] - Log destination 192.168.110.57/<unresolved>:4560: Waiting 24989ms before attempting reconnection.
18:01:30,380 |-WARN in net.logstash.logback.appender.LogstashTcpSocketAppender[LOGSTASH] - Log destination 192.168.110.57/<unresolved>:4560: Waiting 24990ms before attempting reconnection.
18:02:00,398 |-WARN in net.logstash.logback.appender.LogstashTcpSocketAppender[LOGSTASH] - Log destination 192.168.110.57/<unresolved>:4560: Waiting 24981ms before attempting reconnection.
18:02:30,776 |-WARN in net.logstash.logback.appender.LogstashTcpSocketAppender[LOGSTASH] - Log destination 192.168.110.57/<unresolved>:4560: Waiting 24697ms before attempting reconnection.
18:03:00,531 |-WARN in net.logstash.logback.appender.LogstashTcpSocketAppender[LOGSTASH] - Log destination 192.168.110.57/<unresolved>:4560: Waiting 24953ms before attempting reconnection.
18:03:30,503 |-WARN in net.logstash.logback.appender.LogstashTcpSocketAppender[LOGSTASH] - Log destination 192.168.110.57/<unresolved>:4560: Waiting 24983ms before attempting reconnection.
18:04:00,532 |-WARN in net.logstash.logback.appender.LogstashTcpSocketAppender[LOGSTASH] - Log destination 192.168.110.57/<unresolved>:4560: Waiting 24959ms before attempting reconnection.
18:04:30,528 |-WARN in net.logstash.logback.appender.LogstashTcpSocketAppender[LOGSTASH] - Log destination 192.168.110.57/<unresolved>:4560: Waiting 24969ms before attempting reconnection.
18:05:00,515 |-WARN in net.logstash.logback.appender.LogstashTcpSocketAppender[LOGSTASH] - Log destination 192.168.110.57/<unresolved>:4560: Waiting 24987ms before attempting reconnection.
18:05:30,534 |-WARN in net.logstash.logback.appender.LogstashTcpSocketAppender[LOGSTASH] - Log destination 192.168.110.57/<unresolved>:4560: Waiting 24974ms before attempting reconnection.
18:06:00,575 |-WARN in net.logstash.logback.appender.LogstashTcpSocketAppender[LOGSTASH] - Log destination 192.168.110.57/<unresolved>:4560: Waiting 24940ms before attempting reconnection.
18:06:30,757 |-WARN in net.logstash.logback.appender.LogstashTcpSocketAppender[LOGSTASH] - Log destination 192.168.110.57/<unresolved>:4560: Waiting 24852ms before attempting reconnection.
18:07:00,647 |-WARN in net.logstash.logback.appender.LogstashTcpSocketAppender[LOGSTASH] - Log destination 192.168.110.57/<unresolved>:4560: Waiting 24965ms before attempting reconnection.
18:07:30,632 |-WARN in net.logstash.logback.appender.LogstashTcpSocketAppender[LOGSTASH] - Log destination 192.168.110.57/<unresolved>:4560: Waiting 24986ms before attempting reconnection.
18:08:00,631 |-WARN in net.logstash.logback.appender.LogstashTcpSocketAppender[LOGSTASH] - Log destination 192.168.110.57/<unresolved>:4560: Waiting 24988ms before attempting reconnection.
18:08:30,692 |-WARN in net.logstash.logback.appender.LogstashTcpSocketAppender[LOGSTASH] - Log destination 192.168.110.57/<unresolved>:4560: Waiting 24932ms before attempting reconnection.
18:09:00,651 |-WARN in net.logstash.logback.appender.LogstashTcpSocketAppender[LOGSTASH] - Log destination 192.168.110.57/<unresolved>:4560: Waiting 24987ms before attempting reconnection.
18:09:30,714 |-WARN in net.logstash.logback.appender.LogstashTcpSocketAppender[LOGSTASH] - Log destination 192.168.110.57/<unresolved>:4560: Waiting 24932ms before attempting reconnection.
18:10:00,688 |-WARN in net.logstash.logback.appender.LogstashTcpSocketAppender[LOGSTASH] - Log destination 192.168.110.57/<unresolved>:4560: Waiting 24969ms before attempting reconnection.
18:10:30,706 |-WARN in net.logstash.logback.appender.LogstashTcpSocketAppender[LOGSTASH] - Log destination 192.168.110.57/<unresolved>:4560: Waiting 24961ms before attempting reconnection.
18:11:00,686 |-WARN in net.logstash.logback.appender.LogstashTcpSocketAppender[LOGSTASH] - Log destination 192.168.110.57/<unresolved>:4560: Waiting 24986ms before attempting reconnection.
18:11:31,130 |-WARN in net.logstash.logback.appender.LogstashTcpSocketAppender[LOGSTASH] - Log destination 192.168.110.57/<unresolved>:4560: Waiting 24547ms before attempting reconnection.
18:12:00,702 |-WARN in net.logstash.logback.appender.LogstashTcpSocketAppender[LOGSTASH] - Log destination 192.168.110.57/<unresolved>:4560: Waiting 24985ms before attempting reconnection.
18:12:30,718 |-WARN in net.logstash.logback.appender.LogstashTcpSocketAppender[LOGSTASH] - Log destination 192.168.110.57/<unresolved>:4560: Waiting 24974ms before attempting reconnection.
18:13:00,709 |-WARN in net.logstash.logback.appender.LogstashTcpSocketAppender[LOGSTASH] - Log destination 192.168.110.57/<unresolved>:4560: Waiting 24990ms before attempting reconnection.
18:13:30,715 |-WARN in net.logstash.logback.appender.LogstashTcpSocketAppender[LOGSTASH] - Log destination 192.168.110.57/<unresolved>:4560: Waiting 24990ms before attempting reconnection.
18:14:00,720 |-WARN in net.logstash.logback.appender.LogstashTcpSocketAppender[LOGSTASH] - Log destination 192.168.110.57/<unresolved>:4560: Waiting 24989ms before attempting reconnection.
18:14:30,728 |-WARN in net.logstash.logback.appender.LogstashTcpSocketAppender[LOGSTASH] - Log destination 192.168.110.57/<unresolved>:4560: Waiting 24985ms before attempting reconnection.
18:15:00,736 |-WARN in net.logstash.logback.appender.LogstashTcpSocketAppender[LOGSTASH] - Log destination 192.168.110.57/<unresolved>:4560: Waiting 24982ms before attempting reconnection.
18:15:30,745 |-WARN in net.logstash.logback.appender.LogstashTcpSocketAppender[LOGSTASH] - Log destination 192.168.110.57/<unresolved>:4560: Waiting 24976ms before attempting reconnection.
18:16:00,746 |-WARN in net.logstash.logback.appender.LogstashTcpSocketAppender[LOGSTASH] - Log destination 192.168.110.57/<unresolved>:4560: Waiting 24982ms before attempting reconnection.
18:16:30,746 |-WARN in net.logstash.logback.appender.LogstashTcpSocketAppender[LOGSTASH] - Log destination 192.168.110.57/<unresolved>:4560: Waiting 24987ms before attempting reconnection.
18:17:00,744 |-WARN in net.logstash.logback.appender.LogstashTcpSocketAppender[LOGSTASH] - Log destination 192.168.110.57/<unresolved>:4560: Waiting 24990ms before attempting reconnection.
18:17:30,768 |-WARN in net.logstash.logback.appender.LogstashTcpSocketAppender[LOGSTASH] - Log destination 192.168.110.57/<unresolved>:4560: Waiting 24968ms before attempting reconnection.
18:18:00,754 |-WARN in net.logstash.logback.appender.LogstashTcpSocketAppender[LOGSTASH] - Log destination 192.168.110.57/<unresolved>:4560: Waiting 24987ms before attempting reconnection.
18:18:30,771 |-WARN in net.logstash.logback.appender.LogstashTcpSocketAppender[LOGSTASH] - Log destination 192.168.110.57/<unresolved>:4560: Waiting 24981ms before attempting reconnection.
18:19:00,769 |-WARN in net.logstash.logback.appender.LogstashTcpSocketAppender[LOGSTASH] - Log destination 192.168.110.57/<unresolved>:4560: Waiting 24988ms before attempting reconnection.
18:19:30,783 |-WARN in net.logstash.logback.appender.LogstashTcpSocketAppender[LOGSTASH] - Log destination 192.168.110.57/<unresolved>:4560: Waiting 24980ms before attempting reconnection.
18:20:00,804 |-WARN in net.logstash.logback.appender.LogstashTcpSocketAppender[LOGSTASH] - Log destination 192.168.110.57/<unresolved>:4560: Waiting 24961ms before attempting reconnection.
18:20:30,794 |-WARN in net.logstash.logback.appender.LogstashTcpSocketAppender[LOGSTASH] - Log destination 192.168.110.57/<unresolved>:4560: Waiting 24974ms before attempting reconnection.
18:21:00,791 |-WARN in net.logstash.logback.appender.LogstashTcpSocketAppender[LOGSTASH] - Log destination 192.168.110.57/<unresolved>:4560: Waiting 24980ms before attempting reconnection.
18:21:30,842 |-WARN in net.logstash.logback.appender.LogstashTcpSocketAppender[LOGSTASH] - Log destination 192.168.110.57/<unresolved>:4560: Waiting 24967ms before attempting reconnection.
18:22:00,828 |-WARN in net.logstash.logback.appender.LogstashTcpSocketAppender[LOGSTASH] - Log destination 192.168.110.57/<unresolved>:4560: Waiting 24982ms before attempting reconnection.
18:22:30,824 |-WARN in net.logstash.logback.appender.LogstashTcpSocketAppender[LOGSTASH] - Log destination 192.168.110.57/<unresolved>:4560: Waiting 24988ms before attempting reconnection.
18:23:00,837 |-WARN in net.logstash.logback.appender.LogstashTcpSocketAppender[LOGSTASH] - Log destination 192.168.110.57/<unresolved>:4560: Waiting 24986ms before attempting reconnection.
18:23:30,843 |-WARN in net.logstash.logback.appender.LogstashTcpSocketAppender[LOGSTASH] - Log destination 192.168.110.57/<unresolved>:4560: Waiting 24985ms before attempting reconnection.
18:24:00,850 |-WARN in net.logstash.logback.appender.LogstashTcpSocketAppender[LOGSTASH] - Log destination 192.168.110.57/<unresolved>:4560: Waiting 24986ms before attempting reconnection.
18:24:30,853 |-WARN in net.logstash.logback.appender.LogstashTcpSocketAppender[LOGSTASH] - Log destination 192.168.110.57/<unresolved>:4560: Waiting 24988ms before attempting reconnection.
18:25:00,857 |-WARN in net.logstash.logback.appender.LogstashTcpSocketAppender[LOGSTASH] - Log destination 192.168.110.57/<unresolved>:4560: Waiting 24990ms before attempting reconnection.
18:25:30,870 |-WARN in net.logstash.logback.appender.LogstashTcpSocketAppender[LOGSTASH] - Log destination 192.168.110.57/<unresolved>:4560: Waiting 24982ms before attempting reconnection.
18:26:00,911 |-WARN in net.logstash.logback.appender.LogstashTcpSocketAppender[LOGSTASH] - Log destination 192.168.110.57/<unresolved>:4560: Waiting 24986ms before attempting reconnection.
18:26:31,069 |-WARN in net.logstash.logback.appender.LogstashTcpSocketAppender[LOGSTASH] - Log destination 192.168.110.57/<unresolved>:4560: Waiting 24957ms before attempting reconnection.
18:27:01,058 |-WARN in net.logstash.logback.appender.LogstashTcpSocketAppender[LOGSTASH] - Log destination 192.168.110.57/<unresolved>:4560: Waiting 24974ms before attempting reconnection.
18:27:31,046 |-WARN in net.logstash.logback.appender.LogstashTcpSocketAppender[LOGSTASH] - Log destination 192.168.110.57/<unresolved>:4560: Waiting 24991ms before attempting reconnection.
18:28:01,052 |-WARN in net.logstash.logback.appender.LogstashTcpSocketAppender[LOGSTASH] - Log destination 192.168.110.57/<unresolved>:4560: Waiting 24989ms before attempting reconnection.
18:28:31,729 |-WARN in net.logstash.logback.appender.LogstashTcpSocketAppender[LOGSTASH] - Log destination 192.168.110.57/<unresolved>:4560: Waiting 24318ms before attempting reconnection.
18:29:01,067 |-WARN in net.logstash.logback.appender.LogstashTcpSocketAppender[LOGSTASH] - Log destination 192.168.110.57/<unresolved>:4560: Waiting 24981ms before attempting reconnection.
18:29:31,064 |-WARN in net.logstash.logback.appender.LogstashTcpSocketAppender[LOGSTASH] - Log destination 192.168.110.57/<unresolved>:4560: Waiting 24985ms before attempting reconnection.
18:30:01,067 |-WARN in net.logstash.logback.appender.LogstashTcpSocketAppender[LOGSTASH] - Log destination 192.168.110.57/<unresolved>:4560: Waiting 24987ms before attempting reconnection.
18:30:31,066 |-WARN in net.logstash.logback.appender.LogstashTcpSocketAppender[LOGSTASH] - Log destination 192.168.110.57/<unresolved>:4560: Waiting 24990ms before attempting reconnection.
18:31:01,070 |-WARN in net.logstash.logback.appender.LogstashTcpSocketAppender[LOGSTASH] - Log destination 192.168.110.57/<unresolved>:4560: Waiting 24988ms before attempting reconnection.
18:31:31,078 |-WARN in net.logstash.logback.appender.LogstashTcpSocketAppender[LOGSTASH] - Log destination 192.168.110.57/<unresolved>:4560: Waiting 24984ms before attempting reconnection.
18:32:01,075 |-WARN in net.logstash.logback.appender.LogstashTcpSocketAppender[LOGSTASH] - Log destination 192.168.110.57/<unresolved>:4560: Waiting 24987ms before attempting reconnection.
18:32:31,080 |-WARN in net.logstash.logback.appender.LogstashTcpSocketAppender[LOGSTASH] - Log destination 192.168.110.57/<unresolved>:4560: Waiting 24988ms before attempting reconnection.
18:33:01,135 |-WARN in net.logstash.logback.appender.LogstashTcpSocketAppender[LOGSTASH] - Log destination 192.168.110.57/<unresolved>:4560: Waiting 24943ms before attempting reconnection.
18:33:31,108 |-WARN in net.logstash.logback.appender.LogstashTcpSocketAppender[LOGSTASH] - Log destination 192.168.110.57/<unresolved>:4560: Waiting 24973ms before attempting reconnection.
18:34:01,100 |-WARN in net.logstash.logback.appender.LogstashTcpSocketAppender[LOGSTASH] - Log destination 192.168.110.57/<unresolved>:4560: Waiting 24985ms before attempting reconnection.
18:34:31,109 |-WARN in net.logstash.logback.appender.LogstashTcpSocketAppender[LOGSTASH] - Log destination 192.168.110.57/<unresolved>:4560: Waiting 24984ms before attempting reconnection.
18:35:01,258 |-WARN in net.logstash.logback.appender.LogstashTcpSocketAppender[LOGSTASH] - Log destination 192.168.110.57/<unresolved>:4560: Waiting 24843ms before attempting reconnection.
18:35:31,135 |-WARN in net.logstash.logback.appender.LogstashTcpSocketAppender[LOGSTASH] - Log destination 192.168.110.57/<unresolved>:4560: Waiting 24973ms before attempting reconnection.
18:36:01,225 |-WARN in net.logstash.logback.appender.LogstashTcpSocketAppender[LOGSTASH] - Log destination 192.168.110.57/<unresolved>:4560: Waiting 24889ms before attempting reconnection.
18:36:31,135 |-WARN in net.logstash.logback.appender.LogstashTcpSocketAppender[LOGSTASH] - Log destination 192.168.110.57/<unresolved>:4560: Waiting 24987ms before attempting reconnection.
18:37:01,152 |-WARN in net.logstash.logback.appender.LogstashTcpSocketAppender[LOGSTASH] - Log destination 192.168.110.57/<unresolved>:4560: Waiting 24981ms before attempting reconnection.
18:37:31,167 |-WARN in net.logstash.logback.appender.LogstashTcpSocketAppender[LOGSTASH] - Log destination 192.168.110.57/<unresolved>:4560: Waiting 24970ms before attempting reconnection.
18:38:01,153 |-WARN in net.logstash.logback.appender.LogstashTcpSocketAppender[LOGSTASH] - Log destination 192.168.110.57/<unresolved>:4560: Waiting 24989ms before attempting reconnection.
18:38:31,167 |-WARN in net.logstash.logback.appender.LogstashTcpSocketAppender[LOGSTASH] - Log destination 192.168.110.57/<unresolved>:4560: Waiting 24989ms before attempting reconnection.
18:39:01,178 |-WARN in net.logstash.logback.appender.LogstashTcpSocketAppender[LOGSTASH] - Log destination 192.168.110.57/<unresolved>:4560: Waiting 24989ms before attempting reconnection.
18:39:31,183 |-WARN in net.logstash.logback.appender.LogstashTcpSocketAppender[LOGSTASH] - Log destination 192.168.110.57/<unresolved>:4560: Waiting 24986ms before attempting reconnection.
18:40:01,214 |-WARN in net.logstash.logback.appender.LogstashTcpSocketAppender[LOGSTASH] - Log destination 192.168.110.57/<unresolved>:4560: Waiting 24988ms before attempting reconnection.
18:40:31,225 |-WARN in net.logstash.logback.appender.LogstashTcpSocketAppender[LOGSTASH] - Log destination 192.168.110.57/<unresolved>:4560: Waiting 24988ms before attempting reconnection.
18:41:01,238 |-WARN in net.logstash.logback.appender.LogstashTcpSocketAppender[LOGSTASH] - Log destination 192.168.110.57/<unresolved>:4560: Waiting 24983ms before attempting reconnection.
18:41:31,241 |-WARN in net.logstash.logback.appender.LogstashTcpSocketAppender[LOGSTASH] - Log destination 192.168.110.57/<unresolved>:4560: Waiting 24985ms before attempting reconnection.
18:42:01,249 |-WARN in net.logstash.logback.appender.LogstashTcpSocketAppender[LOGSTASH] - Log destination 192.168.110.57/<unresolved>:4560: Waiting 24986ms before attempting reconnection.
18:42:31,258 |-WARN in net.logstash.logback.appender.LogstashTcpSocketAppender[LOGSTASH] - Log destination 192.168.110.57/<unresolved>:4560: Waiting 24987ms before attempting reconnection.
18:43:01,260 |-WARN in net.logstash.logback.appender.LogstashTcpSocketAppender[LOGSTASH] - Log destination 192.168.110.57/<unresolved>:4560: Waiting 24989ms before attempting reconnection.
18:43:31,275 |-WARN in net.logstash.logback.appender.LogstashTcpSocketAppender[LOGSTASH] - Log destination 192.168.110.57/<unresolved>:4560: Waiting 24984ms before attempting reconnection.
18:44:01,285 |-WARN in net.logstash.logback.appender.LogstashTcpSocketAppender[LOGSTASH] - Log destination 192.168.110.57/<unresolved>:4560: Waiting 24984ms before attempting reconnection.
18:44:31,295 |-WARN in net.logstash.logback.appender.LogstashTcpSocketAppender[LOGSTASH] - Log destination 192.168.110.57/<unresolved>:4560: Waiting 24985ms before attempting reconnection.
18:45:01,303 |-WARN in net.logstash.logback.appender.LogstashTcpSocketAppender[LOGSTASH] - Log destination 192.168.110.57/<unresolved>:4560: Waiting 24987ms before attempting reconnection.
18:45:31,319 |-WARN in net.logstash.logback.appender.LogstashTcpSocketAppender[LOGSTASH] - Log destination 192.168.110.57/<unresolved>:4560: Waiting 24984ms before attempting reconnection.
18:46:01,326 |-WARN in net.logstash.logback.appender.LogstashTcpSocketAppender[LOGSTASH] - Log destination 192.168.110.57/<unresolved>:4560: Waiting 24982ms before attempting reconnection.
18:46:31,326 |-WARN in net.logstash.logback.appender.LogstashTcpSocketAppender[LOGSTASH] - Log destination 192.168.110.57/<unresolved>:4560: Waiting 24988ms before attempting reconnection.
18:47:01,327 |-WARN in net.logstash.logback.appender.LogstashTcpSocketAppender[LOGSTASH] - Log destination 192.168.110.57/<unresolved>:4560: Waiting 24989ms before attempting reconnection.
18:47:31,329 |-WARN in net.logstash.logback.appender.LogstashTcpSocketAppender[LOGSTASH] - Log destination 192.168.110.57/<unresolved>:4560: Waiting 24989ms before attempting reconnection.
18:48:01,563 |-WARN in net.logstash.logback.appender.LogstashTcpSocketAppender[LOGSTASH] - Log destination 192.168.110.57/<unresolved>:4560: Waiting 24981ms before attempting reconnection.
18:48:31,559 |-WARN in net.logstash.logback.appender.LogstashTcpSocketAppender[LOGSTASH] - Log destination 192.168.110.57/<unresolved>:4560: Waiting 24989ms before attempting reconnection.
18:49:01,573 |-WARN in net.logstash.logback.appender.LogstashTcpSocketAppender[LOGSTASH] - Log destination 192.168.110.57/<unresolved>:4560: Waiting 24984ms before attempting reconnection.
18:49:31,583 |-WARN in net.logstash.logback.appender.LogstashTcpSocketAppender[LOGSTASH] - Log destination 192.168.110.57/<unresolved>:4560: Waiting 24983ms before attempting reconnection.
18:50:01,598 |-WARN in net.logstash.logback.appender.LogstashTcpSocketAppender[LOGSTASH] - Log destination 192.168.110.57/<unresolved>:4560: Waiting 24980ms before attempting reconnection.
18:50:31,604 |-WARN in net.logstash.logback.appender.LogstashTcpSocketAppender[LOGSTASH] - Log destination 192.168.110.57/<unresolved>:4560: Waiting 24983ms before attempting reconnection.
18:51:01,617 |-WARN in net.logstash.logback.appender.LogstashTcpSocketAppender[LOGSTASH] - Log destination 192.168.110.57/<unresolved>:4560: Waiting 24981ms before attempting reconnection.
18:51:31,628 |-WARN in net.logstash.logback.appender.LogstashTcpSocketAppender[LOGSTASH] - Log destination 192.168.110.57/<unresolved>:4560: Waiting 24981ms before attempting reconnection.
18:52:01,654 |-WARN in net.logstash.logback.appender.LogstashTcpSocketAppender[LOGSTASH] - Log destination 192.168.110.57/<unresolved>:4560: Waiting 24967ms before attempting reconnection.
18:52:31,638 |-WARN in net.logstash.logback.appender.LogstashTcpSocketAppender[LOGSTASH] - Log destination 192.168.110.57/<unresolved>:4560: Waiting 24987ms before attempting reconnection.
18:53:01,648 |-WARN in net.logstash.logback.appender.LogstashTcpSocketAppender[LOGSTASH] - Log destination 192.168.110.57/<unresolved>:4560: Waiting 24984ms before attempting reconnection.
18:53:31,654 |-WARN in net.logstash.logback.appender.LogstashTcpSocketAppender[LOGSTASH] - Log destination 192.168.110.57/<unresolved>:4560: Waiting 24986ms before attempting reconnection.
18:54:01,662 |-WARN in net.logstash.logback.appender.LogstashTcpSocketAppender[LOGSTASH] - Log destination 192.168.110.57/<unresolved>:4560: Waiting 24983ms before attempting reconnection.
18:54:31,669 |-WARN in net.logstash.logback.appender.LogstashTcpSocketAppender[LOGSTASH] - Log destination 192.168.110.57/<unresolved>:4560: Waiting 24987ms before attempting reconnection.
18:55:01,681 |-WARN in net.logstash.logback.appender.LogstashTcpSocketAppender[LOGSTASH] - Log destination 192.168.110.57/<unresolved>:4560: Waiting 24986ms before attempting reconnection.
18:55:31,704 |-WARN in net.logstash.logback.appender.LogstashTcpSocketAppender[LOGSTASH] - Log destination 192.168.110.57/<unresolved>:4560: Waiting 24975ms before attempting reconnection.
18:56:01,703 |-WARN in net.logstash.logback.appender.LogstashTcpSocketAppender[LOGSTASH] - Log destination 192.168.110.57/<unresolved>:4560: Waiting 24986ms before attempting reconnection.
18:56:31,709 |-WARN in net.logstash.logback.appender.LogstashTcpSocketAppender[LOGSTASH] - Log destination 192.168.110.57/<unresolved>:4560: Waiting 24985ms before attempting reconnection.
18:57:01,711 |-WARN in net.logstash.logback.appender.LogstashTcpSocketAppender[LOGSTASH] - Log destination 192.168.110.57/<unresolved>:4560: Waiting 24988ms before attempting reconnection.
18:57:31,722 |-WARN in net.logstash.logback.appender.LogstashTcpSocketAppender[LOGSTASH] - Log destination 192.168.110.57/<unresolved>:4560: Waiting 24985ms before attempting reconnection.
18:58:01,733 |-WARN in net.logstash.logback.appender.LogstashTcpSocketAppender[LOGSTASH] - Log destination 192.168.110.57/<unresolved>:4560: Waiting 24978ms before attempting reconnection.
18:58:31,737 |-WARN in net.logstash.logback.appender.LogstashTcpSocketAppender[LOGSTASH] - Log destination 192.168.110.57/<unresolved>:4560: Waiting 24986ms before attempting reconnection.
18:59:01,744 |-WARN in net.logstash.logback.appender.LogstashTcpSocketAppender[LOGSTASH] - Log destination 192.168.110.57/<unresolved>:4560: Waiting 24988ms before attempting reconnection.
18:59:31,753 |-WARN in net.logstash.logback.appender.LogstashTcpSocketAppender[LOGSTASH] - Log destination 192.168.110.57/<unresolved>:4560: Waiting 24986ms before attempting reconnection.
19:00:01,761 |-WARN in net.logstash.logback.appender.LogstashTcpSocketAppender[LOGSTASH] - Log destination 192.168.110.57/<unresolved>:4560: Waiting 24987ms before attempting reconnection.
19:00:31,763 |-WARN in net.logstash.logback.appender.LogstashTcpSocketAppender[LOGSTASH] - Log destination 192.168.110.57/<unresolved>:4560: Waiting 24987ms before attempting reconnection.
19:01:01,794 |-WARN in net.logstash.logback.appender.LogstashTcpSocketAppender[LOGSTASH] - Log destination 192.168.110.57/<unresolved>:4560: Waiting 24966ms before attempting reconnection.
19:01:31,779 |-WARN in net.logstash.logback.appender.LogstashTcpSocketAppender[LOGSTASH] - Log destination 192.168.110.57/<unresolved>:4560: Waiting 24991ms before attempting reconnection.
19:02:01,785 |-WARN in net.logstash.logback.appender.LogstashTcpSocketAppender[LOGSTASH] - Log destination 192.168.110.57/<unresolved>:4560: Waiting 24989ms before attempting reconnection.
19:02:31,789 |-WARN in net.logstash.logback.appender.LogstashTcpSocketAppender[LOGSTASH] - Log destination 192.168.110.57/<unresolved>:4560: Waiting 24987ms before attempting reconnection.
19:03:01,803 |-WARN in net.logstash.logback.appender.LogstashTcpSocketAppender[LOGSTASH] - Log destination 192.168.110.57/<unresolved>:4560: Waiting 24983ms before attempting reconnection.
19:03:31,843 |-WARN in net.logstash.logback.appender.LogstashTcpSocketAppender[LOGSTASH] - Log destination 192.168.110.57/<unresolved>:4560: Waiting 24982ms before attempting reconnection.
19:04:01,856 |-WARN in net.logstash.logback.appender.LogstashTcpSocketAppender[LOGSTASH] - Log destination 192.168.110.57/<unresolved>:4560: Waiting 24984ms before attempting reconnection.
19:04:31,867 |-WARN in net.logstash.logback.appender.LogstashTcpSocketAppender[LOGSTASH] - Log destination 192.168.110.57/<unresolved>:4560: Waiting 24984ms before attempting reconnection.
19:05:01,875 |-WARN in net.logstash.logback.appender.LogstashTcpSocketAppender[LOGSTASH] - Log destination 192.168.110.57/<unresolved>:4560: Waiting 24985ms before attempting reconnection.
19:05:31,885 |-WARN in net.logstash.logback.appender.LogstashTcpSocketAppender[LOGSTASH] - Log destination 192.168.110.57/<unresolved>:4560: Waiting 24987ms before attempting reconnection.
19:06:01,898 |-WARN in net.logstash.logback.appender.LogstashTcpSocketAppender[LOGSTASH] - Log destination 192.168.110.57/<unresolved>:4560: Waiting 24985ms before attempting reconnection.
19:06:31,909 |-WARN in net.logstash.logback.appender.LogstashTcpSocketAppender[LOGSTASH] - Log destination 192.168.110.57/<unresolved>:4560: Waiting 24984ms before attempting reconnection.
19:07:01,917 |-WARN in net.logstash.logback.appender.LogstashTcpSocketAppender[LOGSTASH] - Log destination 192.168.110.57/<unresolved>:4560: Waiting 24981ms before attempting reconnection.
19:07:31,919 |-WARN in net.logstash.logback.appender.LogstashTcpSocketAppender[LOGSTASH] - Log destination 192.168.110.57/<unresolved>:4560: Waiting 24982ms before attempting reconnection.
19:08:01,927 |-WARN in net.logstash.logback.appender.LogstashTcpSocketAppender[LOGSTASH] - Log destination 192.168.110.57/<unresolved>:4560: Waiting 24982ms before attempting reconnection.
19:08:31,928 |-WARN in net.logstash.logback.appender.LogstashTcpSocketAppender[LOGSTASH] - Log destination 192.168.110.57/<unresolved>:4560: Waiting 24984ms before attempting reconnection.
19:09:01,934 |-WARN in net.logstash.logback.appender.LogstashTcpSocketAppender[LOGSTASH] - Log destination 192.168.110.57/<unresolved>:4560: Waiting 24989ms before attempting reconnection.
19:09:31,940 |-WARN in net.logstash.logback.appender.LogstashTcpSocketAppender[LOGSTASH] - Log destination 192.168.110.57/<unresolved>:4560: Waiting 24986ms before attempting reconnection.
19:10:01,969 |-WARN in net.logstash.logback.appender.LogstashTcpSocketAppender[LOGSTASH] - Log destination 192.168.110.57/<unresolved>:4560: Waiting 24969ms before attempting reconnection.
19:10:31,961 |-WARN in net.logstash.logback.appender.LogstashTcpSocketAppender[LOGSTASH] - Log destination 192.168.110.57/<unresolved>:4560: Waiting 24986ms before attempting reconnection.
19:11:01,978 |-WARN in net.logstash.logback.appender.LogstashTcpSocketAppender[LOGSTASH] - Log destination 192.168.110.57/<unresolved>:4560: Waiting 24982ms before attempting reconnection.
19:11:31,984 |-WARN in net.logstash.logback.appender.LogstashTcpSocketAppender[LOGSTASH] - Log destination 192.168.110.57/<unresolved>:4560: Waiting 24981ms before attempting reconnection.
19:12:01,991 |-WARN in net.logstash.logback.appender.LogstashTcpSocketAppender[LOGSTASH] - Log destination 192.168.110.57/<unresolved>:4560: Waiting 24983ms before attempting reconnection.
19:12:31,999 |-WARN in net.logstash.logback.appender.LogstashTcpSocketAppender[LOGSTASH] - Log destination 192.168.110.57/<unresolved>:4560: Waiting 24983ms before attempting reconnection.
19:13:02,007 |-WARN in net.logstash.logback.appender.LogstashTcpSocketAppender[LOGSTASH] - Log destination 192.168.110.57/<unresolved>:4560: Waiting 24988ms before attempting reconnection.
19:13:32,031 |-WARN in net.logstash.logback.appender.LogstashTcpSocketAppender[LOGSTASH] - Log destination 192.168.110.57/<unresolved>:4560: Waiting 24975ms before attempting reconnection.
19:14:02,031 |-WARN in net.logstash.logback.appender.LogstashTcpSocketAppender[LOGSTASH] - Log destination 192.168.110.57/<unresolved>:4560: Waiting 24987ms before attempting reconnection.
19:14:32,039 |-WARN in net.logstash.logback.appender.LogstashTcpSocketAppender[LOGSTASH] - Log destination 192.168.110.57/<unresolved>:4560: Waiting 24983ms before attempting reconnection.
19:15:02,038 |-WARN in net.logstash.logback.appender.LogstashTcpSocketAppender[LOGSTASH] - Log destination 192.168.110.57/<unresolved>:4560: Waiting 24991ms before attempting reconnection.
19:15:32,049 |-WARN in net.logstash.logback.appender.LogstashTcpSocketAppender[LOGSTASH] - Log destination 192.168.110.57/<unresolved>:4560: Waiting 24991ms before attempting reconnection.
19:16:02,057 |-WARN in net.logstash.logback.appender.LogstashTcpSocketAppender[LOGSTASH] - Log destination 192.168.110.57/<unresolved>:4560: Waiting 24989ms before attempting reconnection.
19:16:32,069 |-WARN in net.logstash.logback.appender.LogstashTcpSocketAppender[LOGSTASH] - Log destination 192.168.110.57/<unresolved>:4560: Waiting 24988ms before attempting reconnection.
19:17:02,074 |-WARN in net.logstash.logback.appender.LogstashTcpSocketAppender[LOGSTASH] - Log destination 192.168.110.57/<unresolved>:4560: Waiting 24991ms before attempting reconnection.
19:17:32,086 |-WARN in net.logstash.logback.appender.LogstashTcpSocketAppender[LOGSTASH] - Log destination 192.168.110.57/<unresolved>:4560: Waiting 24990ms before attempting reconnection.
19:18:02,099 |-WARN in net.logstash.logback.appender.LogstashTcpSocketAppender[LOGSTASH] - Log destination 192.168.110.57/<unresolved>:4560: Waiting 24990ms before attempting reconnection.
19:18:32,116 |-WARN in net.logstash.logback.appender.LogstashTcpSocketAppender[LOGSTASH] - Log destination 192.168.110.57/<unresolved>:4560: Waiting 24983ms before attempting reconnection.
19:19:02,113 |-WARN in net.logstash.logback.appender.LogstashTcpSocketAppender[LOGSTASH] - Log destination 192.168.110.57/<unresolved>:4560: Waiting 24988ms before attempting reconnection.
19:19:32,121 |-WARN in net.logstash.logback.appender.LogstashTcpSocketAppender[LOGSTASH] - Log destination 192.168.110.57/<unresolved>:4560: Waiting 24985ms before attempting reconnection.
19:20:02,128 |-WARN in net.logstash.logback.appender.LogstashTcpSocketAppender[LOGSTASH] - Log destination 192.168.110.57/<unresolved>:4560: Waiting 24986ms before attempting reconnection.
19:20:32,137 |-WARN in net.logstash.logback.appender.LogstashTcpSocketAppender[LOGSTASH] - Log destination 192.168.110.57/<unresolved>:4560: Waiting 24987ms before attempting reconnection.
19:21:02,149 |-WARN in net.logstash.logback.appender.LogstashTcpSocketAppender[LOGSTASH] - Log destination 192.168.110.57/<unresolved>:4560: Waiting 24986ms before attempting reconnection.
19:21:32,156 |-WARN in net.logstash.logback.appender.LogstashTcpSocketAppender[LOGSTASH] - Log destination 192.168.110.57/<unresolved>:4560: Waiting 24985ms before attempting reconnection.
19:22:02,160 |-WARN in net.logstash.logback.appender.LogstashTcpSocketAppender[LOGSTASH] - Log destination 192.168.110.57/<unresolved>:4560: Waiting 24984ms before attempting reconnection.
19:22:32,169 |-WARN in net.logstash.logback.appender.LogstashTcpSocketAppender[LOGSTASH] - Log destination 192.168.110.57/<unresolved>:4560: Waiting 24986ms before attempting reconnection.
19:23:02,173 |-WARN in net.logstash.logback.appender.LogstashTcpSocketAppender[LOGSTASH] - Log destination 192.168.110.57/<unresolved>:4560: Waiting 24987ms before attempting reconnection.
19:23:32,179 |-WARN in net.logstash.logback.appender.LogstashTcpSocketAppender[LOGSTASH] - Log destination 192.168.110.57/<unresolved>:4560: Waiting 24986ms before attempting reconnection.
19:24:02,192 |-WARN in net.logstash.logback.appender.LogstashTcpSocketAppender[LOGSTASH] - Log destination 192.168.110.57/<unresolved>:4560: Waiting 24984ms before attempting reconnection.
19:24:32,200 |-WARN in net.logstash.logback.appender.LogstashTcpSocketAppender[LOGSTASH] - Log destination 192.168.110.57/<unresolved>:4560: Waiting 24988ms before attempting reconnection.
19:25:02,205 |-WARN in net.logstash.logback.appender.LogstashTcpSocketAppender[LOGSTASH] - Log destination 192.168.110.57/<unresolved>:4560: Waiting 24988ms before attempting reconnection.
19:25:32,209 |-WARN in net.logstash.logback.appender.LogstashTcpSocketAppender[LOGSTASH] - Log destination 192.168.110.57/<unresolved>:4560: Waiting 24988ms before attempting reconnection.
19:26:02,221 |-WARN in net.logstash.logback.appender.LogstashTcpSocketAppender[LOGSTASH] - Log destination 192.168.110.57/<unresolved>:4560: Waiting 24984ms before attempting reconnection.
19:26:32,232 |-WARN in net.logstash.logback.appender.LogstashTcpSocketAppender[LOGSTASH] - Log destination 192.168.110.57/<unresolved>:4560: Waiting 24984ms before attempting reconnection.
19:27:02,240 |-WARN in net.logstash.logback.appender.LogstashTcpSocketAppender[LOGSTASH] - Log destination 192.168.110.57/<unresolved>:4560: Waiting 24982ms before attempting reconnection.
19:27:32,244 |-WARN in net.logstash.logback.appender.LogstashTcpSocketAppender[LOGSTASH] - Log destination 192.168.110.57/<unresolved>:4560: Waiting 24985ms before attempting reconnection.
19:28:02,254 |-WARN in net.logstash.logback.appender.LogstashTcpSocketAppender[LOGSTASH] - Log destination 192.168.110.57/<unresolved>:4560: Waiting 24978ms before attempting reconnection.
19:28:32,268 |-WARN in net.logstash.logback.appender.LogstashTcpSocketAppender[LOGSTASH] - Log destination 192.168.110.57/<unresolved>:4560: Waiting 24975ms before attempting reconnection.
19:29:02,271 |-WARN in net.logstash.logback.appender.LogstashTcpSocketAppender[LOGSTASH] - Log destination 192.168.110.57/<unresolved>:4560: Waiting 24983ms before attempting reconnection.
19:29:32,275 |-WARN in net.logstash.logback.appender.LogstashTcpSocketAppender[LOGSTASH] - Log destination 192.168.110.57/<unresolved>:4560: Waiting 24989ms before attempting reconnection.
19:30:02,288 |-WARN in net.logstash.logback.appender.LogstashTcpSocketAppender[LOGSTASH] - Log destination 192.168.110.57/<unresolved>:4560: Waiting 24985ms before attempting reconnection.
19:30:32,298 |-WARN in net.logstash.logback.appender.LogstashTcpSocketAppender[LOGSTASH] - Log destination 192.168.110.57/<unresolved>:4560: Waiting 24984ms before attempting reconnection.
19:31:02,302 |-WARN in net.logstash.logback.appender.LogstashTcpSocketAppender[LOGSTASH] - Log destination 192.168.110.57/<unresolved>:4560: Waiting 24986ms before attempting reconnection.
19:31:32,306 |-WARN in net.logstash.logback.appender.LogstashTcpSocketAppender[LOGSTASH] - Log destination 192.168.110.57/<unresolved>:4560: Waiting 24987ms before attempting reconnection.
19:32:02,313 |-WARN in net.logstash.logback.appender.LogstashTcpSocketAppender[LOGSTASH] - Log destination 192.168.110.57/<unresolved>:4560: Waiting 24989ms before attempting reconnection.
19:32:32,321 |-WARN in net.logstash.logback.appender.LogstashTcpSocketAppender[LOGSTASH] - Log destination 192.168.110.57/<unresolved>:4560: Waiting 24989ms before attempting reconnection.
19:33:02,338 |-WARN in net.logstash.logback.appender.LogstashTcpSocketAppender[LOGSTASH] - Log destination 192.168.110.57/<unresolved>:4560: Waiting 24975ms before attempting reconnection.
19:33:32,338 |-WARN in net.logstash.logback.appender.LogstashTcpSocketAppender[LOGSTASH] - Log destination 192.168.110.57/<unresolved>:4560: Waiting 24983ms before attempting reconnection.
19:34:02,349 |-WARN in net.logstash.logback.appender.LogstashTcpSocketAppender[LOGSTASH] - Log destination 192.168.110.57/<unresolved>:4560: Waiting 24983ms before attempting reconnection.
19:34:32,298 |-WARN in net.logstash.logback.appender.LogstashTcpSocketAppender[LOGSTASH] - Log destination 192.168.110.57/<unresolved>:4560: Waiting 24990ms before attempting reconnection.
19:35:02,326 |-WARN in net.logstash.logback.appender.LogstashTcpSocketAppender[LOGSTASH] - Log destination 192.168.110.57/<unresolved>:4560: Waiting 24971ms before attempting reconnection.
19:35:32,318 |-WARN in net.logstash.logback.appender.LogstashTcpSocketAppender[LOGSTASH] - Log destination 192.168.110.57/<unresolved>:4560: Waiting 24986ms before attempting reconnection.
19:36:02,330 |-WARN in net.logstash.logback.appender.LogstashTcpSocketAppender[LOGSTASH] - Log destination 192.168.110.57/<unresolved>:4560: Waiting 24983ms before attempting reconnection.
19:36:32,343 |-WARN in net.logstash.logback.appender.LogstashTcpSocketAppender[LOGSTASH] - Log destination 192.168.110.57/<unresolved>:4560: Waiting 24979ms before attempting reconnection.
19:37:02,348 |-WARN in net.logstash.logback.appender.LogstashTcpSocketAppender[LOGSTASH] - Log destination 192.168.110.57/<unresolved>:4560: Waiting 24984ms before attempting reconnection.
19:37:32,356 |-WARN in net.logstash.logback.appender.LogstashTcpSocketAppender[LOGSTASH] - Log destination 192.168.110.57/<unresolved>:4560: Waiting 24985ms before attempting reconnection.
19:38:02,362 |-WARN in net.logstash.logback.appender.LogstashTcpSocketAppender[LOGSTASH] - Log destination 192.168.110.57/<unresolved>:4560: Waiting 24984ms before attempting reconnection.
19:38:32,368 |-WARN in net.logstash.logback.appender.LogstashTcpSocketAppender[LOGSTASH] - Log destination 192.168.110.57/<unresolved>:4560: Waiting 24987ms before attempting reconnection.
19:39:02,379 |-WARN in net.logstash.logback.appender.LogstashTcpSocketAppender[LOGSTASH] - Log destination 192.168.110.57/<unresolved>:4560: Waiting 24984ms before attempting reconnection.
19:39:32,381 |-WARN in net.logstash.logback.appender.LogstashTcpSocketAppender[LOGSTASH] - Log destination 192.168.110.57/<unresolved>:4560: Waiting 24989ms before attempting reconnection.
19:40:02,389 |-WARN in net.logstash.logback.appender.LogstashTcpSocketAppender[LOGSTASH] - Log destination 192.168.110.57/<unresolved>:4560: Waiting 24985ms before attempting reconnection.
19:40:32,400 |-WARN in net.logstash.logback.appender.LogstashTcpSocketAppender[LOGSTASH] - Log destination 192.168.110.57/<unresolved>:4560: Waiting 24982ms before attempting reconnection.
19:41:02,404 |-WARN in net.logstash.logback.appender.LogstashTcpSocketAppender[LOGSTASH] - Log destination 192.168.110.57/<unresolved>:4560: Waiting 24982ms before attempting reconnection.
19:41:32,406 |-WARN in net.logstash.logback.appender.LogstashTcpSocketAppender[LOGSTASH] - Log destination 192.168.110.57/<unresolved>:4560: Waiting 24988ms before attempting reconnection.
19:42:02,414 |-WARN in net.logstash.logback.appender.LogstashTcpSocketAppender[LOGSTASH] - Log destination 192.168.110.57/<unresolved>:4560: Waiting 24989ms before attempting reconnection.
19:42:32,435 |-WARN in net.logstash.logback.appender.LogstashTcpSocketAppender[LOGSTASH] - Log destination 192.168.110.57/<unresolved>:4560: Waiting 24980ms before attempting reconnection.
19:43:02,440 |-WARN in net.logstash.logback.appender.LogstashTcpSocketAppender[LOGSTASH] - Log destination 192.168.110.57/<unresolved>:4560: Waiting 24984ms before attempting reconnection.
19:43:32,445 |-WARN in net.logstash.logback.appender.LogstashTcpSocketAppender[LOGSTASH] - Log destination 192.168.110.57/<unresolved>:4560: Waiting 24986ms before attempting reconnection.
19:44:02,450 |-WARN in net.logstash.logback.appender.LogstashTcpSocketAppender[LOGSTASH] - Log destination 192.168.110.57/<unresolved>:4560: Waiting 24988ms before attempting reconnection.
19:44:32,460 |-WARN in net.logstash.logback.appender.LogstashTcpSocketAppender[LOGSTASH] - Log destination 192.168.110.57/<unresolved>:4560: Waiting 24984ms before attempting reconnection.
19:45:02,461 |-WARN in net.logstash.logback.appender.LogstashTcpSocketAppender[LOGSTASH] - Log destination 192.168.110.57/<unresolved>:4560: Waiting 24990ms before attempting reconnection.
19:45:32,478 |-WARN in net.logstash.logback.appender.LogstashTcpSocketAppender[LOGSTASH] - Log destination 192.168.110.57/<unresolved>:4560: Waiting 24982ms before attempting reconnection.
19:46:02,487 |-WARN in net.logstash.logback.appender.LogstashTcpSocketAppender[LOGSTASH] - Log destination 192.168.110.57/<unresolved>:4560: Waiting 24984ms before attempting reconnection.
19:46:32,498 |-WARN in net.logstash.logback.appender.LogstashTcpSocketAppender[LOGSTASH] - Log destination 192.168.110.57/<unresolved>:4560: Waiting 24979ms before attempting reconnection.
19:47:02,496 |-WARN in net.logstash.logback.appender.LogstashTcpSocketAppender[LOGSTASH] - Log destination 192.168.110.57/<unresolved>:4560: Waiting 24992ms before attempting reconnection.
19:47:32,504 |-WARN in net.logstash.logback.appender.LogstashTcpSocketAppender[LOGSTASH] - Log destination 192.168.110.57/<unresolved>:4560: Waiting 24990ms before attempting reconnection.
19:48:02,512 |-WARN in net.logstash.logback.appender.LogstashTcpSocketAppender[LOGSTASH] - Log destination 192.168.110.57/<unresolved>:4560: Waiting 24986ms before attempting reconnection.
19:48:32,531 |-WARN in net.logstash.logback.appender.LogstashTcpSocketAppender[LOGSTASH] - Log destination 192.168.110.57/<unresolved>:4560: Waiting 24975ms before attempting reconnection.
19:49:02,522 |-WARN in net.logstash.logback.appender.LogstashTcpSocketAppender[LOGSTASH] - Log destination 192.168.110.57/<unresolved>:4560: Waiting 24990ms before attempting reconnection.
19:49:32,542 |-WARN in net.logstash.logback.appender.LogstashTcpSocketAppender[LOGSTASH] - Log destination 192.168.110.57/<unresolved>:4560: Waiting 24984ms before attempting reconnection.
19:50:02,554 |-WARN in net.logstash.logback.appender.LogstashTcpSocketAppender[LOGSTASH] - Log destination 192.168.110.57/<unresolved>:4560: Waiting 24985ms before attempting reconnection.
19:50:32,560 |-WARN in net.logstash.logback.appender.LogstashTcpSocketAppender[LOGSTASH] - Log destination 192.168.110.57/<unresolved>:4560: Waiting 24983ms before attempting reconnection.
19:51:02,566 |-WARN in net.logstash.logback.appender.LogstashTcpSocketAppender[LOGSTASH] - Log destination 192.168.110.57/<unresolved>:4560: Waiting 24987ms before attempting reconnection.
19:51:32,579 |-WARN in net.logstash.logback.appender.LogstashTcpSocketAppender[LOGSTASH] - Log destination 192.168.110.57/<unresolved>:4560: Waiting 24984ms before attempting reconnection.
19:52:02,581 |-WARN in net.logstash.logback.appender.LogstashTcpSocketAppender[LOGSTASH] - Log destination 192.168.110.57/<unresolved>:4560: Waiting 24991ms before attempting reconnection.
19:52:32,597 |-WARN in net.logstash.logback.appender.LogstashTcpSocketAppender[LOGSTASH] - Log destination 192.168.110.57/<unresolved>:4560: Waiting 24985ms before attempting reconnection.
19:53:02,602 |-WARN in net.logstash.logback.appender.LogstashTcpSocketAppender[LOGSTASH] - Log destination 192.168.110.57/<unresolved>:4560: Waiting 24983ms before attempting reconnection.
19:53:32,610 |-WARN in net.logstash.logback.appender.LogstashTcpSocketAppender[LOGSTASH] - Log destination 192.168.110.57/<unresolved>:4560: Waiting 24983ms before attempting reconnection.
19:54:02,615 |-WARN in net.logstash.logback.appender.LogstashTcpSocketAppender[LOGSTASH] - Log destination 192.168.110.57/<unresolved>:4560: Waiting 24985ms before attempting reconnection.
19:54:32,618 |-WARN in net.logstash.logback.appender.LogstashTcpSocketAppender[LOGSTASH] - Log destination 192.168.110.57/<unresolved>:4560: Waiting 24988ms before attempting reconnection.
19:55:02,627 |-WARN in net.logstash.logback.appender.LogstashTcpSocketAppender[LOGSTASH] - Log destination 192.168.110.57/<unresolved>:4560: Waiting 24983ms before attempting reconnection.
19:55:32,634 |-WARN in net.logstash.logback.appender.LogstashTcpSocketAppender[LOGSTASH] - Log destination 192.168.110.57/<unresolved>:4560: Waiting 24985ms before attempting reconnection.
19:56:02,653 |-WARN in net.logstash.logback.appender.LogstashTcpSocketAppender[LOGSTASH] - Log destination 192.168.110.57/<unresolved>:4560: Waiting 24976ms before attempting reconnection.
19:56:32,653 |-WARN in net.logstash.logback.appender.LogstashTcpSocketAppender[LOGSTASH] - Log destination 192.168.110.57/<unresolved>:4560: Waiting 24984ms before attempting reconnection.
19:57:02,664 |-WARN in net.logstash.logback.appender.LogstashTcpSocketAppender[LOGSTASH] - Log destination 192.168.110.57/<unresolved>:4560: Waiting 24983ms before attempting reconnection.
19:57:32,669 |-WARN in net.logstash.logback.appender.LogstashTcpSocketAppender[LOGSTASH] - Log destination 192.168.110.57/<unresolved>:4560: Waiting 24984ms before attempting reconnection.
19:58:02,674 |-WARN in net.logstash.logback.appender.LogstashTcpSocketAppender[LOGSTASH] - Log destination 192.168.110.57/<unresolved>:4560: Waiting 24983ms before attempting reconnection.
19:58:32,679 |-WARN in net.logstash.logback.appender.LogstashTcpSocketAppender[LOGSTASH] - Log destination 192.168.110.57/<unresolved>:4560: Waiting 24986ms before attempting reconnection.
19:59:02,686 |-WARN in net.logstash.logback.appender.LogstashTcpSocketAppender[LOGSTASH] - Log destination 192.168.110.57/<unresolved>:4560: Waiting 24985ms before attempting reconnection.
19:59:32,696 |-WARN in net.logstash.logback.appender.LogstashTcpSocketAppender[LOGSTASH] - Log destination 192.168.110.57/<unresolved>:4560: Waiting 24984ms before attempting reconnection.
20:00:02,698 |-WARN in net.logstash.logback.appender.LogstashTcpSocketAppender[LOGSTASH] - Log destination 192.168.110.57/<unresolved>:4560: Waiting 24987ms before attempting reconnection.
20:00:32,700 |-WARN in net.logstash.logback.appender.LogstashTcpSocketAppender[LOGSTASH] - Log destination 192.168.110.57/<unresolved>:4560: Waiting 24990ms before attempting reconnection.
20:01:02,712 |-WARN in net.logstash.logback.appender.LogstashTcpSocketAppender[LOGSTASH] - Log destination 192.168.110.57/<unresolved>:4560: Waiting 24985ms before attempting reconnection.
20:01:32,718 |-WARN in net.logstash.logback.appender.LogstashTcpSocketAppender[LOGSTASH] - Log destination 192.168.110.57/<unresolved>:4560: Waiting 24983ms before attempting reconnection.
20:02:02,719 |-WARN in net.logstash.logback.appender.LogstashTcpSocketAppender[LOGSTASH] - Log destination 192.168.110.57/<unresolved>:4560: Waiting 24989ms before attempting reconnection.
20:02:32,719 |-WARN in net.logstash.logback.appender.LogstashTcpSocketAppender[LOGSTASH] - Log destination 192.168.110.57/<unresolved>:4560: Waiting 24991ms before attempting reconnection.
20:03:02,724 |-WARN in net.logstash.logback.appender.LogstashTcpSocketAppender[LOGSTASH] - Log destination 192.168.110.57/<unresolved>:4560: Waiting 24988ms before attempting reconnection.
20:03:32,732 |-WARN in net.logstash.logback.appender.LogstashTcpSocketAppender[LOGSTASH] - Log destination 192.168.110.57/<unresolved>:4560: Waiting 24986ms before attempting reconnection.
20:04:02,745 |-WARN in net.logstash.logback.appender.LogstashTcpSocketAppender[LOGSTASH] - Log destination 192.168.110.57/<unresolved>:4560: Waiting 24985ms before attempting reconnection.
20:04:32,760 |-WARN in net.logstash.logback.appender.LogstashTcpSocketAppender[LOGSTASH] - Log destination 192.168.110.57/<unresolved>:4560: Waiting 24981ms before attempting reconnection.
20:05:02,765 |-WARN in net.logstash.logback.appender.LogstashTcpSocketAppender[LOGSTASH] - Log destination 192.168.110.57/<unresolved>:4560: Waiting 24973ms before attempting reconnection.
20:05:32,750 |-WARN in net.logstash.logback.appender.LogstashTcpSocketAppender[LOGSTASH] - Log destination 192.168.110.57/<unresolved>:4560: Waiting 24987ms before attempting reconnection.
20:06:02,770 |-WARN in net.logstash.logback.appender.LogstashTcpSocketAppender[LOGSTASH] - Log destination 192.168.110.57/<unresolved>:4560: Waiting 24976ms before attempting reconnection.
20:06:32,770 |-WARN in net.logstash.logback.appender.LogstashTcpSocketAppender[LOGSTASH] - Log destination 192.168.110.57/<unresolved>:4560: Waiting 24982ms before attempting reconnection.
20:07:02,788 |-WARN in net.logstash.logback.appender.LogstashTcpSocketAppender[LOGSTASH] - Log destination 192.168.110.57/<unresolved>:4560: Waiting 24969ms before attempting reconnection.
20:07:32,775 |-WARN in net.logstash.logback.appender.LogstashTcpSocketAppender[LOGSTASH] - Log destination 192.168.110.57/<unresolved>:4560: Waiting 24990ms before attempting reconnection.
20:08:02,783 |-WARN in net.logstash.logback.appender.LogstashTcpSocketAppender[LOGSTASH] - Log destination 192.168.110.57/<unresolved>:4560: Waiting 24991ms before attempting reconnection.
20:08:32,801 |-WARN in net.logstash.logback.appender.LogstashTcpSocketAppender[LOGSTASH] - Log destination 192.168.110.57/<unresolved>:4560: Waiting 24982ms before attempting reconnection.
20:09:02,807 |-WARN in net.logstash.logback.appender.LogstashTcpSocketAppender[LOGSTASH] - Log destination 192.168.110.57/<unresolved>:4560: Waiting 24986ms before attempting reconnection.
20:09:32,816 |-WARN in net.logstash.logback.appender.LogstashTcpSocketAppender[LOGSTASH] - Log destination 192.168.110.57/<unresolved>:4560: Waiting 24987ms before attempting reconnection.
20:10:02,821 |-WARN in net.logstash.logback.appender.LogstashTcpSocketAppender[LOGSTASH] - Log destination 192.168.110.57/<unresolved>:4560: Waiting 24986ms before attempting reconnection.
20:10:32,829 |-WARN in net.logstash.logback.appender.LogstashTcpSocketAppender[LOGSTASH] - Log destination 192.168.110.57/<unresolved>:4560: Waiting 24988ms before attempting reconnection.
20:11:02,853 |-WARN in net.logstash.logback.appender.LogstashTcpSocketAppender[LOGSTASH] - Log destination 192.168.110.57/<unresolved>:4560: Waiting 24973ms before attempting reconnection.
20:11:32,862 |-WARN in net.logstash.logback.appender.LogstashTcpSocketAppender[LOGSTASH] - Log destination 192.168.110.57/<unresolved>:4560: Waiting 24972ms before attempting reconnection.
20:12:02,857 |-WARN in net.logstash.logback.appender.LogstashTcpSocketAppender[LOGSTASH] - Log destination 192.168.110.57/<unresolved>:4560: Waiting 24986ms before attempting reconnection.
20:12:32,860 |-WARN in net.logstash.logback.appender.LogstashTcpSocketAppender[LOGSTASH] - Log destination 192.168.110.57/<unresolved>:4560: Waiting 24986ms before attempting reconnection.
20:13:02,882 |-WARN in net.logstash.logback.appender.LogstashTcpSocketAppender[LOGSTASH] - Log destination 192.168.110.57/<unresolved>:4560: Waiting 24975ms before attempting reconnection.
20:13:32,888 |-WARN in net.logstash.logback.appender.LogstashTcpSocketAppender[LOGSTASH] - Log destination 192.168.110.57/<unresolved>:4560: Waiting 24978ms before attempting reconnection.
20:14:02,885 |-WARN in net.logstash.logback.appender.LogstashTcpSocketAppender[LOGSTASH] - Log destination 192.168.110.57/<unresolved>:4560: Waiting 24985ms before attempting reconnection.
20:14:32,898 |-WARN in net.logstash.logback.appender.LogstashTcpSocketAppender[LOGSTASH] - Log destination 192.168.110.57/<unresolved>:4560: Waiting 24976ms before attempting reconnection.
20:15:02,896 |-WARN in net.logstash.logback.appender.LogstashTcpSocketAppender[LOGSTASH] - Log destination 192.168.110.57/<unresolved>:4560: Waiting 24984ms before attempting reconnection.
20:15:32,896 |-WARN in net.logstash.logback.appender.LogstashTcpSocketAppender[LOGSTASH] - Log destination 192.168.110.57/<unresolved>:4560: Waiting 24988ms before attempting reconnection.
20:16:02,897 |-WARN in net.logstash.logback.appender.LogstashTcpSocketAppender[LOGSTASH] - Log destination 192.168.110.57/<unresolved>:4560: Waiting 24991ms before attempting reconnection.
20:16:32,908 |-WARN in net.logstash.logback.appender.LogstashTcpSocketAppender[LOGSTASH] - Log destination 192.168.110.57/<unresolved>:4560: Waiting 24986ms before attempting reconnection.
20:17:02,913 |-WARN in net.logstash.logback.appender.LogstashTcpSocketAppender[LOGSTASH] - Log destination 192.168.110.57/<unresolved>:4560: Waiting 24986ms before attempting reconnection.
20:17:32,920 |-WARN in net.logstash.logback.appender.LogstashTcpSocketAppender[LOGSTASH] - Log destination 192.168.110.57/<unresolved>:4560: Waiting 24990ms before attempting reconnection.
20:18:02,928 |-WARN in net.logstash.logback.appender.LogstashTcpSocketAppender[LOGSTASH] - Log destination 192.168.110.57/<unresolved>:4560: Waiting 24984ms before attempting reconnection.
20:18:32,946 |-WARN in net.logstash.logback.appender.LogstashTcpSocketAppender[LOGSTASH] - Log destination 192.168.110.57/<unresolved>:4560: Waiting 24976ms before attempting reconnection.
20:19:02,945 |-WARN in net.logstash.logback.appender.LogstashTcpSocketAppender[LOGSTASH] - Log destination 192.168.110.57/<unresolved>:4560: Waiting 24985ms before attempting reconnection.
20:19:32,955 |-WARN in net.logstash.logback.appender.LogstashTcpSocketAppender[LOGSTASH] - Log destination 192.168.110.57/<unresolved>:4560: Waiting 24984ms before attempting reconnection.
20:20:02,952 |-WARN in net.logstash.logback.appender.LogstashTcpSocketAppender[LOGSTASH] - Log destination 192.168.110.57/<unresolved>:4560: Waiting 24989ms before attempting reconnection.
20:20:32,953 |-WARN in net.logstash.logback.appender.LogstashTcpSocketAppender[LOGSTASH] - Log destination 192.168.110.57/<unresolved>:4560: Waiting 24984ms before attempting reconnection.
20:21:02,960 |-WARN in net.logstash.logback.appender.LogstashTcpSocketAppender[LOGSTASH] - Log destination 192.168.110.57/<unresolved>:4560: Waiting 24983ms before attempting reconnection.
20:21:32,979 |-WARN in net.logstash.logback.appender.LogstashTcpSocketAppender[LOGSTASH] - Log destination 192.168.110.57/<unresolved>:4560: Waiting 24974ms before attempting reconnection.
20:22:02,970 |-WARN in net.logstash.logback.appender.LogstashTcpSocketAppender[LOGSTASH] - Log destination 192.168.110.57/<unresolved>:4560: Waiting 24985ms before attempting reconnection.
20:22:32,969 |-WARN in net.logstash.logback.appender.LogstashTcpSocketAppender[LOGSTASH] - Log destination 192.168.110.57/<unresolved>:4560: Waiting 24990ms before attempting reconnection.
20:23:02,981 |-WARN in net.logstash.logback.appender.LogstashTcpSocketAppender[LOGSTASH] - Log destination 192.168.110.57/<unresolved>:4560: Waiting 24988ms before attempting reconnection.
20:23:32,992 |-WARN in net.logstash.logback.appender.LogstashTcpSocketAppender[LOGSTASH] - Log destination 192.168.110.57/<unresolved>:4560: Waiting 24985ms before attempting reconnection.
20:24:02,995 |-WARN in net.logstash.logback.appender.LogstashTcpSocketAppender[LOGSTASH] - Log destination 192.168.110.57/<unresolved>:4560: Waiting 24986ms before attempting reconnection.
20:24:33,004 |-WARN in net.logstash.logback.appender.LogstashTcpSocketAppender[LOGSTASH] - Log destination 192.168.110.57/<unresolved>:4560: Waiting 24981ms before attempting reconnection.
20:25:03,012 |-WARN in net.logstash.logback.appender.LogstashTcpSocketAppender[LOGSTASH] - Log destination 192.168.110.57/<unresolved>:4560: Waiting 24983ms before attempting reconnection.
20:25:33,016 |-WARN in net.logstash.logback.appender.LogstashTcpSocketAppender[LOGSTASH] - Log destination 192.168.110.57/<unresolved>:4560: Waiting 24988ms before attempting reconnection.
20:26:03,028 |-WARN in net.logstash.logback.appender.LogstashTcpSocketAppender[LOGSTASH] - Log destination 192.168.110.57/<unresolved>:4560: Waiting 24986ms before attempting reconnection.
20:26:33,046 |-WARN in net.logstash.logback.appender.LogstashTcpSocketAppender[LOGSTASH] - Log destination 192.168.110.57/<unresolved>:4560: Waiting 24975ms before attempting reconnection.
20:27:03,041 |-WARN in net.logstash.logback.appender.LogstashTcpSocketAppender[LOGSTASH] - Log destination 192.168.110.57/<unresolved>:4560: Waiting 24985ms before attempting reconnection.
20:27:33,047 |-WARN in net.logstash.logback.appender.LogstashTcpSocketAppender[LOGSTASH] - Log destination 192.168.110.57/<unresolved>:4560: Waiting 24987ms before attempting reconnection.
20:28:03,061 |-WARN in net.logstash.logback.appender.LogstashTcpSocketAppender[LOGSTASH] - Log destination 192.168.110.57/<unresolved>:4560: Waiting 24983ms before attempting reconnection.
20:28:33,070 |-WARN in net.logstash.logback.appender.LogstashTcpSocketAppender[LOGSTASH] - Log destination 192.168.110.57/<unresolved>:4560: Waiting 24986ms before attempting reconnection.
20:29:03,085 |-WARN in net.logstash.logback.appender.LogstashTcpSocketAppender[LOGSTASH] - Log destination 192.168.110.57/<unresolved>:4560: Waiting 24979ms before attempting reconnection.
20:29:33,075 |-WARN in net.logstash.logback.appender.LogstashTcpSocketAppender[LOGSTASH] - Log destination 192.168.110.57/<unresolved>:4560: Waiting 24991ms before attempting reconnection.
20:30:03,084 |-WARN in net.logstash.logback.appender.LogstashTcpSocketAppender[LOGSTASH] - Log destination 192.168.110.57/<unresolved>:4560: Waiting 24990ms before attempting reconnection.
20:30:33,104 |-WARN in net.logstash.logback.appender.LogstashTcpSocketAppender[LOGSTASH] - Log destination 192.168.110.57/<unresolved>:4560: Waiting 24976ms before attempting reconnection.
20:31:03,101 |-WARN in net.logstash.logback.appender.LogstashTcpSocketAppender[LOGSTASH] - Log destination 192.168.110.57/<unresolved>:4560: Waiting 24990ms before attempting reconnection.
20:31:33,126 |-WARN in net.logstash.logback.appender.LogstashTcpSocketAppender[LOGSTASH] - Log destination 192.168.110.57/<unresolved>:4560: Waiting 24975ms before attempting reconnection.
20:32:03,116 |-WARN in net.logstash.logback.appender.LogstashTcpSocketAppender[LOGSTASH] - Log destination 192.168.110.57/<unresolved>:4560: Waiting 24992ms before attempting reconnection.
20:32:33,136 |-WARN in net.logstash.logback.appender.LogstashTcpSocketAppender[LOGSTASH] - Log destination 192.168.110.57/<unresolved>:4560: Waiting 24980ms before attempting reconnection.
20:33:03,139 |-WARN in net.logstash.logback.appender.LogstashTcpSocketAppender[LOGSTASH] - Log destination 192.168.110.57/<unresolved>:4560: Waiting 24984ms before attempting reconnection.
20:33:33,157 |-WARN in net.logstash.logback.appender.LogstashTcpSocketAppender[LOGSTASH] - Log destination 192.168.110.57/<unresolved>:4560: Waiting 24977ms before attempting reconnection.
20:34:03,160 |-WARN in net.logstash.logback.appender.LogstashTcpSocketAppender[LOGSTASH] - Log destination 192.168.110.57/<unresolved>:4560: Waiting 24984ms before attempting reconnection.
20:34:33,170 |-WARN in net.logstash.logback.appender.LogstashTcpSocketAppender[LOGSTASH] - Log destination 192.168.110.57/<unresolved>:4560: Waiting 24984ms before attempting reconnection.
20:35:03,178 |-WARN in net.logstash.logback.appender.LogstashTcpSocketAppender[LOGSTASH] - Log destination 192.168.110.57/<unresolved>:4560: Waiting 24986ms before attempting reconnection.
20:35:33,188 |-WARN in net.logstash.logback.appender.LogstashTcpSocketAppender[LOGSTASH] - Log destination 192.168.110.57/<unresolved>:4560: Waiting 24986ms before attempting reconnection.
20:36:03,205 |-WARN in net.logstash.logback.appender.LogstashTcpSocketAppender[LOGSTASH] - Log destination 192.168.110.57/<unresolved>:4560: Waiting 24980ms before attempting reconnection.
20:36:33,218 |-WARN in net.logstash.logback.appender.LogstashTcpSocketAppender[LOGSTASH] - Log destination 192.168.110.57/<unresolved>:4560: Waiting 24976ms before attempting reconnection.
20:37:03,209 |-WARN in net.logstash.logback.appender.LogstashTcpSocketAppender[LOGSTASH] - Log destination 192.168.110.57/<unresolved>:4560: Waiting 24988ms before attempting reconnection.
20:37:33,242 |-WARN in net.logstash.logback.appender.LogstashTcpSocketAppender[LOGSTASH] - Log destination 192.168.110.57/<unresolved>:4560: Waiting 24962ms before attempting reconnection.
20:38:03,236 |-WARN in net.logstash.logback.appender.LogstashTcpSocketAppender[LOGSTASH] - Log destination 192.168.110.57/<unresolved>:4560: Waiting 24974ms before attempting reconnection.
20:38:33,234 |-WARN in net.logstash.logback.appender.LogstashTcpSocketAppender[LOGSTASH] - Log destination 192.168.110.57/<unresolved>:4560: Waiting 24986ms before attempting reconnection.
20:39:03,238 |-WARN in net.logstash.logback.appender.LogstashTcpSocketAppender[LOGSTASH] - Log destination 192.168.110.57/<unresolved>:4560: Waiting 24991ms before attempting reconnection.
20:39:33,250 |-WARN in net.logstash.logback.appender.LogstashTcpSocketAppender[LOGSTASH] - Log destination 192.168.110.57/<unresolved>:4560: Waiting 24983ms before attempting reconnection.
20:40:03,252 |-WARN in net.logstash.logback.appender.LogstashTcpSocketAppender[LOGSTASH] - Log destination 192.168.110.57/<unresolved>:4560: Waiting 24984ms before attempting reconnection.
20:40:33,254 |-WARN in net.logstash.logback.appender.LogstashTcpSocketAppender[LOGSTASH] - Log destination 192.168.110.57/<unresolved>:4560: Waiting 24989ms before attempting reconnection.
20:41:03,263 |-WARN in net.logstash.logback.appender.LogstashTcpSocketAppender[LOGSTASH] - Log destination 192.168.110.57/<unresolved>:4560: Waiting 24986ms before attempting reconnection.
20:41:33,283 |-WARN in net.logstash.logback.appender.LogstashTcpSocketAppender[LOGSTASH] - Log destination 192.168.110.57/<unresolved>:4560: Waiting 24976ms before attempting reconnection.
20:42:03,280 |-WARN in net.logstash.logback.appender.LogstashTcpSocketAppender[LOGSTASH] - Log destination 192.168.110.57/<unresolved>:4560: Waiting 24983ms before attempting reconnection.
20:42:33,283 |-WARN in net.logstash.logback.appender.LogstashTcpSocketAppender[LOGSTASH] - Log destination 192.168.110.57/<unresolved>:4560: Waiting 24990ms before attempting reconnection.
20:43:03,290 |-WARN in net.logstash.logback.appender.LogstashTcpSocketAppender[LOGSTASH] - Log destination 192.168.110.57/<unresolved>:4560: Waiting 24989ms before attempting reconnection.
20:43:33,299 |-WARN in net.logstash.logback.appender.LogstashTcpSocketAppender[LOGSTASH] - Log destination 192.168.110.57/<unresolved>:4560: Waiting 24984ms before attempting reconnection.
20:44:03,305 |-WARN in net.logstash.logback.appender.LogstashTcpSocketAppender[LOGSTASH] - Log destination 192.168.110.57/<unresolved>:4560: Waiting 24989ms before attempting reconnection.
20:44:33,322 |-WARN in net.logstash.logback.appender.LogstashTcpSocketAppender[LOGSTASH] - Log destination 192.168.110.57/<unresolved>:4560: Waiting 24978ms before attempting reconnection.
20:45:03,310 |-WARN in net.logstash.logback.appender.LogstashTcpSocketAppender[LOGSTASH] - Log destination 192.168.110.57/<unresolved>:4560: Waiting 24991ms before attempting reconnection.
20:45:33,319 |-WARN in net.logstash.logback.appender.LogstashTcpSocketAppender[LOGSTASH] - Log destination 192.168.110.57/<unresolved>:4560: Waiting 24984ms before attempting reconnection.
20:46:03,327 |-WARN in net.logstash.logback.appender.LogstashTcpSocketAppender[LOGSTASH] - Log destination 192.168.110.57/<unresolved>:4560: Waiting 24984ms before attempting reconnection.
20:46:33,354 |-WARN in net.logstash.logback.appender.LogstashTcpSocketAppender[LOGSTASH] - Log destination 192.168.110.57/<unresolved>:4560: Waiting 24962ms before attempting reconnection.
20:47:03,339 |-WARN in net.logstash.logback.appender.LogstashTcpSocketAppender[LOGSTASH] - Log destination 192.168.110.57/<unresolved>:4560: Waiting 24985ms before attempting reconnection.
20:47:33,345 |-WARN in net.logstash.logback.appender.LogstashTcpSocketAppender[LOGSTASH] - Log destination 192.168.110.57/<unresolved>:4560: Waiting 24986ms before attempting reconnection.
20:48:03,360 |-WARN in net.logstash.logback.appender.LogstashTcpSocketAppender[LOGSTASH] - Log destination 192.168.110.57/<unresolved>:4560: Waiting 24979ms before attempting reconnection.
20:48:33,358 |-WARN in net.logstash.logback.appender.LogstashTcpSocketAppender[LOGSTASH] - Log destination 192.168.110.57/<unresolved>:4560: Waiting 24986ms before attempting reconnection.
20:49:03,369 |-WARN in net.logstash.logback.appender.LogstashTcpSocketAppender[LOGSTASH] - Log destination 192.168.110.57/<unresolved>:4560: Waiting 24984ms before attempting reconnection.
20:49:33,379 |-WARN in net.logstash.logback.appender.LogstashTcpSocketAppender[LOGSTASH] - Log destination 192.168.110.57/<unresolved>:4560: Waiting 24985ms before attempting reconnection.
20:50:03,385 |-WARN in net.logstash.logback.appender.LogstashTcpSocketAppender[LOGSTASH] - Log destination 192.168.110.57/<unresolved>:4560: Waiting 24987ms before attempting reconnection.
20:50:33,405 |-WARN in net.logstash.logback.appender.LogstashTcpSocketAppender[LOGSTASH] - Log destination 192.168.110.57/<unresolved>:4560: Waiting 24977ms before attempting reconnection.
20:51:03,416 |-WARN in net.logstash.logback.appender.LogstashTcpSocketAppender[LOGSTASH] - Log destination 192.168.110.57/<unresolved>:4560: Waiting 24984ms before attempting reconnection.
20:51:33,436 |-WARN in net.logstash.logback.appender.LogstashTcpSocketAppender[LOGSTASH] - Log destination 192.168.110.57/<unresolved>:4560: Waiting 24969ms before attempting reconnection.
20:52:03,433 |-WARN in net.logstash.logback.appender.LogstashTcpSocketAppender[LOGSTASH] - Log destination 192.168.110.57/<unresolved>:4560: Waiting 24979ms before attempting reconnection.
20:52:33,432 |-WARN in net.logstash.logback.appender.LogstashTcpSocketAppender[LOGSTASH] - Log destination 192.168.110.57/<unresolved>:4560: Waiting 24990ms before attempting reconnection.
20:53:03,441 |-WARN in net.logstash.logback.appender.LogstashTcpSocketAppender[LOGSTASH] - Log destination 192.168.110.57/<unresolved>:4560: Waiting 24990ms before attempting reconnection.
20:53:33,442 |-WARN in net.logstash.logback.appender.LogstashTcpSocketAppender[LOGSTASH] - Log destination 192.168.110.57/<unresolved>:4560: Waiting 24990ms before attempting reconnection.
20:54:03,454 |-WARN in net.logstash.logback.appender.LogstashTcpSocketAppender[LOGSTASH] - Log destination 192.168.110.57/<unresolved>:4560: Waiting 24989ms before attempting reconnection.
20:54:33,464 |-WARN in net.logstash.logback.appender.LogstashTcpSocketAppender[LOGSTASH] - Log destination 192.168.110.57/<unresolved>:4560: Waiting 24990ms before attempting reconnection.
20:55:03,481 |-WARN in net.logstash.logback.appender.LogstashTcpSocketAppender[LOGSTASH] - Log destination 192.168.110.57/<unresolved>:4560: Waiting 24983ms before attempting reconnection.
20:55:33,486 |-WARN in net.logstash.logback.appender.LogstashTcpSocketAppender[LOGSTASH] - Log destination 192.168.110.57/<unresolved>:4560: Waiting 24989ms before attempting reconnection.
20:56:03,489 |-WARN in net.logstash.logback.appender.LogstashTcpSocketAppender[LOGSTASH] - Log destination 192.168.110.57/<unresolved>:4560: Waiting 24989ms before attempting reconnection.
20:56:33,506 |-WARN in net.logstash.logback.appender.LogstashTcpSocketAppender[LOGSTASH] - Log destination 192.168.110.57/<unresolved>:4560: Waiting 24982ms before attempting reconnection.
20:57:03,504 |-WARN in net.logstash.logback.appender.LogstashTcpSocketAppender[LOGSTASH] - Log destination 192.168.110.57/<unresolved>:4560: Waiting 24988ms before attempting reconnection.
20:57:33,510 |-WARN in net.logstash.logback.appender.LogstashTcpSocketAppender[LOGSTASH] - Log destination 192.168.110.57/<unresolved>:4560: Waiting 24985ms before attempting reconnection.
20:58:03,520 |-WARN in net.logstash.logback.appender.LogstashTcpSocketAppender[LOGSTASH] - Log destination 192.168.110.57/<unresolved>:4560: Waiting 24986ms before attempting reconnection.
20:58:33,526 |-WARN in net.logstash.logback.appender.LogstashTcpSocketAppender[LOGSTASH] - Log destination 192.168.110.57/<unresolved>:4560: Waiting 24984ms before attempting reconnection.
20:59:03,526 |-WARN in net.logstash.logback.appender.LogstashTcpSocketAppender[LOGSTASH] - Log destination 192.168.110.57/<unresolved>:4560: Waiting 24987ms before attempting reconnection.
20:59:33,535 |-WARN in net.logstash.logback.appender.LogstashTcpSocketAppender[LOGSTASH] - Log destination 192.168.110.57/<unresolved>:4560: Waiting 24988ms before attempting reconnection.
21:00:03,544 |-WARN in net.logstash.logback.appender.LogstashTcpSocketAppender[LOGSTASH] - Log destination 192.168.110.57/<unresolved>:4560: Waiting 24982ms before attempting reconnection.
21:00:33,541 |-WARN in net.logstash.logback.appender.LogstashTcpSocketAppender[LOGSTASH] - Log destination 192.168.110.57/<unresolved>:4560: Waiting 24991ms before attempting reconnection.
21:01:03,555 |-WARN in net.logstash.logback.appender.LogstashTcpSocketAppender[LOGSTASH] - Log destination 192.168.110.57/<unresolved>:4560: Waiting 24986ms before attempting reconnection.
21:01:33,566 |-WARN in net.logstash.logback.appender.LogstashTcpSocketAppender[LOGSTASH] - Log destination 192.168.110.57/<unresolved>:4560: Waiting 24985ms before attempting reconnection.
21:02:03,575 |-WARN in net.logstash.logback.appender.LogstashTcpSocketAppender[LOGSTASH] - Log destination 192.168.110.57/<unresolved>:4560: Waiting 24986ms before attempting reconnection.
21:02:33,581 |-WARN in net.logstash.logback.appender.LogstashTcpSocketAppender[LOGSTASH] - Log destination 192.168.110.57/<unresolved>:4560: Waiting 24986ms before attempting reconnection.
21:03:03,586 |-WARN in net.logstash.logback.appender.LogstashTcpSocketAppender[LOGSTASH] - Log destination 192.168.110.57/<unresolved>:4560: Waiting 24984ms before attempting reconnection.
21:03:33,596 |-WARN in net.logstash.logback.appender.LogstashTcpSocketAppender[LOGSTASH] - Log destination 192.168.110.57/<unresolved>:4560: Waiting 24982ms before attempting reconnection.
21:04:03,605 |-WARN in net.logstash.logback.appender.LogstashTcpSocketAppender[LOGSTASH] - Log destination 192.168.110.57/<unresolved>:4560: Waiting 24983ms before attempting reconnection.
21:04:33,610 |-WARN in net.logstash.logback.appender.LogstashTcpSocketAppender[LOGSTASH] - Log destination 192.168.110.57/<unresolved>:4560: Waiting 24988ms before attempting reconnection.
21:05:03,618 |-WARN in net.logstash.logback.appender.LogstashTcpSocketAppender[LOGSTASH] - Log destination 192.168.110.57/<unresolved>:4560: Waiting 24988ms before attempting reconnection.
21:05:33,630 |-WARN in net.logstash.logback.appender.LogstashTcpSocketAppender[LOGSTASH] - Log destination 192.168.110.57/<unresolved>:4560: Waiting 24986ms before attempting reconnection.
21:06:03,636 |-WARN in net.logstash.logback.appender.LogstashTcpSocketAppender[LOGSTASH] - Log destination 192.168.110.57/<unresolved>:4560: Waiting 24989ms before attempting reconnection.
21:06:33,663 |-WARN in net.logstash.logback.appender.LogstashTcpSocketAppender[LOGSTASH] - Log destination 192.168.110.57/<unresolved>:4560: Waiting 24970ms before attempting reconnection.
21:07:03,664 |-WARN in net.logstash.logback.appender.LogstashTcpSocketAppender[LOGSTASH] - Log destination 192.168.110.57/<unresolved>:4560: Waiting 24979ms before attempting reconnection.
21:07:33,659 |-WARN in net.logstash.logback.appender.LogstashTcpSocketAppender[LOGSTASH] - Log destination 192.168.110.57/<unresolved>:4560: Waiting 24990ms before attempting reconnection.
21:08:03,676 |-WARN in net.logstash.logback.appender.LogstashTcpSocketAppender[LOGSTASH] - Log destination 192.168.110.57/<unresolved>:4560: Waiting 24983ms before attempting reconnection.
21:08:33,682 |-WARN in net.logstash.logback.appender.LogstashTcpSocketAppender[LOGSTASH] - Log destination 192.168.110.57/<unresolved>:4560: Waiting 24986ms before attempting reconnection.
21:09:03,685 |-WARN in net.logstash.logback.appender.LogstashTcpSocketAppender[LOGSTASH] - Log destination 192.168.110.57/<unresolved>:4560: Waiting 24986ms before attempting reconnection.
21:09:33,695 |-WARN in net.logstash.logback.appender.LogstashTcpSocketAppender[LOGSTASH] - Log destination 192.168.110.57/<unresolved>:4560: Waiting 24985ms before attempting reconnection.
21:10:03,718 |-WARN in net.logstash.logback.appender.LogstashTcpSocketAppender[LOGSTASH] - Log destination 192.168.110.57/<unresolved>:4560: Waiting 24973ms before attempting reconnection.
21:10:33,704 |-WARN in net.logstash.logback.appender.LogstashTcpSocketAppender[LOGSTASH] - Log destination 192.168.110.57/<unresolved>:4560: Waiting 24990ms before attempting reconnection.
21:11:03,718 |-WARN in net.logstash.logback.appender.LogstashTcpSocketAppender[LOGSTASH] - Log destination 192.168.110.57/<unresolved>:4560: Waiting 24981ms before attempting reconnection.
21:11:33,727 |-WARN in net.logstash.logback.appender.LogstashTcpSocketAppender[LOGSTASH] - Log destination 192.168.110.57/<unresolved>:4560: Waiting 24982ms before attempting reconnection.
21:12:03,741 |-WARN in net.logstash.logback.appender.LogstashTcpSocketAppender[LOGSTASH] - Log destination 192.168.110.57/<unresolved>:4560: Waiting 24980ms before attempting reconnection.
21:12:33,746 |-WARN in net.logstash.logback.appender.LogstashTcpSocketAppender[LOGSTASH] - Log destination 192.168.110.57/<unresolved>:4560: Waiting 24987ms before attempting reconnection.
21:13:03,755 |-WARN in net.logstash.logback.appender.LogstashTcpSocketAppender[LOGSTASH] - Log destination 192.168.110.57/<unresolved>:4560: Waiting 24985ms before attempting reconnection.
21:13:33,766 |-WARN in net.logstash.logback.appender.LogstashTcpSocketAppender[LOGSTASH] - Log destination 192.168.110.57/<unresolved>:4560: Waiting 24985ms before attempting reconnection.
21:14:03,768 |-WARN in net.logstash.logback.appender.LogstashTcpSocketAppender[LOGSTASH] - Log destination 192.168.110.57/<unresolved>:4560: Waiting 24985ms before attempting reconnection.
21:14:33,776 |-WARN in net.logstash.logback.appender.LogstashTcpSocketAppender[LOGSTASH] - Log destination 192.168.110.57/<unresolved>:4560: Waiting 24987ms before attempting reconnection.
21:15:03,785 |-WARN in net.logstash.logback.appender.LogstashTcpSocketAppender[LOGSTASH] - Log destination 192.168.110.57/<unresolved>:4560: Waiting 24984ms before attempting reconnection.
21:15:33,793 |-WARN in net.logstash.logback.appender.LogstashTcpSocketAppender[LOGSTASH] - Log destination 192.168.110.57/<unresolved>:4560: Waiting 24987ms before attempting reconnection.
21:16:03,797 |-WARN in net.logstash.logback.appender.LogstashTcpSocketAppender[LOGSTASH] - Log destination 192.168.110.57/<unresolved>:4560: Waiting 24986ms before attempting reconnection.
21:16:33,806 |-WARN in net.logstash.logback.appender.LogstashTcpSocketAppender[LOGSTASH] - Log destination 192.168.110.57/<unresolved>:4560: Waiting 24986ms before attempting reconnection.
21:17:03,813 |-WARN in net.logstash.logback.appender.LogstashTcpSocketAppender[LOGSTASH] - Log destination 192.168.110.57/<unresolved>:4560: Waiting 24987ms before attempting reconnection.
21:17:33,823 |-WARN in net.logstash.logback.appender.LogstashTcpSocketAppender[LOGSTASH] - Log destination 192.168.110.57/<unresolved>:4560: Waiting 24986ms before attempting reconnection.
21:18:03,832 |-WARN in net.logstash.logback.appender.LogstashTcpSocketAppender[LOGSTASH] - Log destination 192.168.110.57/<unresolved>:4560: Waiting 24987ms before attempting reconnection.
21:18:33,840 |-WARN in net.logstash.logback.appender.LogstashTcpSocketAppender[LOGSTASH] - Log destination 192.168.110.57/<unresolved>:4560: Waiting 24985ms before attempting reconnection.
21:19:03,851 |-WARN in net.logstash.logback.appender.LogstashTcpSocketAppender[LOGSTASH] - Log destination 192.168.110.57/<unresolved>:4560: Waiting 24985ms before attempting reconnection.
21:19:33,859 |-WARN in net.logstash.logback.appender.LogstashTcpSocketAppender[LOGSTASH] - Log destination 192.168.110.57/<unresolved>:4560: Waiting 24987ms before attempting reconnection.
21:20:03,869 |-WARN in net.logstash.logback.appender.LogstashTcpSocketAppender[LOGSTASH] - Log destination 192.168.110.57/<unresolved>:4560: Waiting 24985ms before attempting reconnection.
21:20:33,873 |-WARN in net.logstash.logback.appender.LogstashTcpSocketAppender[LOGSTASH] - Log destination 192.168.110.57/<unresolved>:4560: Waiting 24985ms before attempting reconnection.
21:21:03,872 |-WARN in net.logstash.logback.appender.LogstashTcpSocketAppender[LOGSTASH] - Log destination 192.168.110.57/<unresolved>:4560: Waiting 24989ms before attempting reconnection.
21:21:33,886 |-WARN in net.logstash.logback.appender.LogstashTcpSocketAppender[LOGSTASH] - Log destination 192.168.110.57/<unresolved>:4560: Waiting 24982ms before attempting reconnection.
21:22:03,884 |-WARN in net.logstash.logback.appender.LogstashTcpSocketAppender[LOGSTASH] - Log destination 192.168.110.57/<unresolved>:4560: Waiting 24992ms before attempting reconnection.
21:22:33,891 |-WARN in net.logstash.logback.appender.LogstashTcpSocketAppender[LOGSTASH] - Log destination 192.168.110.57/<unresolved>:4560: Waiting 24988ms before attempting reconnection.
21:23:03,904 |-WARN in net.logstash.logback.appender.LogstashTcpSocketAppender[LOGSTASH] - Log destination 192.168.110.57/<unresolved>:4560: Waiting 24985ms before attempting reconnection.
21:23:33,910 |-WARN in net.logstash.logback.appender.LogstashTcpSocketAppender[LOGSTASH] - Log destination 192.168.110.57/<unresolved>:4560: Waiting 24990ms before attempting reconnection.
21:24:03,914 |-WARN in net.logstash.logback.appender.LogstashTcpSocketAppender[LOGSTASH] - Log destination 192.168.110.57/<unresolved>:4560: Waiting 24987ms before attempting reconnection.
21:24:33,921 |-WARN in net.logstash.logback.appender.LogstashTcpSocketAppender[LOGSTASH] - Log destination 192.168.110.57/<unresolved>:4560: Waiting 24987ms before attempting reconnection.
21:25:03,932 |-WARN in net.logstash.logback.appender.LogstashTcpSocketAppender[LOGSTASH] - Log destination 192.168.110.57/<unresolved>:4560: Waiting 24987ms before attempting reconnection.
21:25:33,946 |-WARN in net.logstash.logback.appender.LogstashTcpSocketAppender[LOGSTASH] - Log destination 192.168.110.57/<unresolved>:4560: Waiting 24985ms before attempting reconnection.
21:26:03,951 |-WARN in net.logstash.logback.appender.LogstashTcpSocketAppender[LOGSTASH] - Log destination 192.168.110.57/<unresolved>:4560: Waiting 24989ms before attempting reconnection.
21:26:33,979 |-WARN in net.logstash.logback.appender.LogstashTcpSocketAppender[LOGSTASH] - Log destination 192.168.110.57/<unresolved>:4560: Waiting 24971ms before attempting reconnection.
21:27:03,971 |-WARN in net.logstash.logback.appender.LogstashTcpSocketAppender[LOGSTASH] - Log destination 192.168.110.57/<unresolved>:4560: Waiting 24985ms before attempting reconnection.
21:27:33,983 |-WARN in net.logstash.logback.appender.LogstashTcpSocketAppender[LOGSTASH] - Log destination 192.168.110.57/<unresolved>:4560: Waiting 24980ms before attempting reconnection.
21:28:03,989 |-WARN in net.logstash.logback.appender.LogstashTcpSocketAppender[LOGSTASH] - Log destination 192.168.110.57/<unresolved>:4560: Waiting 24980ms before attempting reconnection.
21:28:33,985 |-WARN in net.logstash.logback.appender.LogstashTcpSocketAppender[LOGSTASH] - Log destination 192.168.110.57/<unresolved>:4560: Waiting 24992ms before attempting reconnection.
21:29:03,993 |-WARN in net.logstash.logback.appender.LogstashTcpSocketAppender[LOGSTASH] - Log destination 192.168.110.57/<unresolved>:4560: Waiting 24990ms before attempting reconnection.
21:29:33,997 |-WARN in net.logstash.logback.appender.LogstashTcpSocketAppender[LOGSTASH] - Log destination 192.168.110.57/<unresolved>:4560: Waiting 24991ms before attempting reconnection.
21:30:04,000 |-WARN in net.logstash.logback.appender.LogstashTcpSocketAppender[LOGSTASH] - Log destination 192.168.110.57/<unresolved>:4560: Waiting 24990ms before attempting reconnection.
21:30:34,007 |-WARN in net.logstash.logback.appender.LogstashTcpSocketAppender[LOGSTASH] - Log destination 192.168.110.57/<unresolved>:4560: Waiting 24989ms before attempting reconnection.
21:31:04,026 |-WARN in net.logstash.logback.appender.LogstashTcpSocketAppender[LOGSTASH] - Log destination 192.168.110.57/<unresolved>:4560: Waiting 24980ms before attempting reconnection.
21:31:34,050 |-WARN in net.logstash.logback.appender.LogstashTcpSocketAppender[LOGSTASH] - Log destination 192.168.110.57/<unresolved>:4560: Waiting 24967ms before attempting reconnection.
21:32:04,044 |-WARN in net.logstash.logback.appender.LogstashTcpSocketAppender[LOGSTASH] - Log destination 192.168.110.57/<unresolved>:4560: Waiting 24980ms before attempting reconnection.
21:32:34,043 |-WARN in net.logstash.logback.appender.LogstashTcpSocketAppender[LOGSTASH] - Log destination 192.168.110.57/<unresolved>:4560: Waiting 24988ms before attempting reconnection.
21:33:04,064 |-WARN in net.logstash.logback.appender.LogstashTcpSocketAppender[LOGSTASH] - Log destination 192.168.110.57/<unresolved>:4560: Waiting 24970ms before attempting reconnection.
21:33:34,062 |-WARN in net.logstash.logback.appender.LogstashTcpSocketAppender[LOGSTASH] - Log destination 192.168.110.57/<unresolved>:4560: Waiting 24975ms before attempting reconnection.
21:34:04,056 |-WARN in net.logstash.logback.appender.LogstashTcpSocketAppender[LOGSTASH] - Log destination 192.168.110.57/<unresolved>:4560: Waiting 24987ms before attempting reconnection.
21:34:34,066 |-WARN in net.logstash.logback.appender.LogstashTcpSocketAppender[LOGSTASH] - Log destination 192.168.110.57/<unresolved>:4560: Waiting 24987ms before attempting reconnection.
21:35:04,080 |-WARN in net.logstash.logback.appender.LogstashTcpSocketAppender[LOGSTASH] - Log destination 192.168.110.57/<unresolved>:4560: Waiting 24984ms before attempting reconnection.
21:35:34,074 |-WARN in net.logstash.logback.appender.LogstashTcpSocketAppender[LOGSTASH] - Log destination 192.168.110.57/<unresolved>:4560: Waiting 24991ms before attempting reconnection.
21:36:04,086 |-WARN in net.logstash.logback.appender.LogstashTcpSocketAppender[LOGSTASH] - Log destination 192.168.110.57/<unresolved>:4560: Waiting 24989ms before attempting reconnection.
21:36:34,102 |-WARN in net.logstash.logback.appender.LogstashTcpSocketAppender[LOGSTASH] - Log destination 192.168.110.57/<unresolved>:4560: Waiting 24983ms before attempting reconnection.
21:37:04,099 |-WARN in net.logstash.logback.appender.LogstashTcpSocketAppender[LOGSTASH] - Log destination 192.168.110.57/<unresolved>:4560: Waiting 24987ms before attempting reconnection.
21:37:34,112 |-WARN in net.logstash.logback.appender.LogstashTcpSocketAppender[LOGSTASH] - Log destination 192.168.110.57/<unresolved>:4560: Waiting 24984ms before attempting reconnection.
21:38:04,128 |-WARN in net.logstash.logback.appender.LogstashTcpSocketAppender[LOGSTASH] - Log destination 192.168.110.57/<unresolved>:4560: Waiting 24979ms before attempting reconnection.
21:38:34,146 |-WARN in net.logstash.logback.appender.LogstashTcpSocketAppender[LOGSTASH] - Log destination 192.168.110.57/<unresolved>:4560: Waiting 24968ms before attempting reconnection.
21:39:04,139 |-WARN in net.logstash.logback.appender.LogstashTcpSocketAppender[LOGSTASH] - Log destination 192.168.110.57/<unresolved>:4560: Waiting 24984ms before attempting reconnection.
21:39:34,145 |-WARN in net.logstash.logback.appender.LogstashTcpSocketAppender[LOGSTASH] - Log destination 192.168.110.57/<unresolved>:4560: Waiting 24986ms before attempting reconnection.
21:40:04,155 |-WARN in net.logstash.logback.appender.LogstashTcpSocketAppender[LOGSTASH] - Log destination 192.168.110.57/<unresolved>:4560: Waiting 24986ms before attempting reconnection.
21:40:34,170 |-WARN in net.logstash.logback.appender.LogstashTcpSocketAppender[LOGSTASH] - Log destination 192.168.110.57/<unresolved>:4560: Waiting 24976ms before attempting reconnection.
21:41:04,168 |-WARN in net.logstash.logback.appender.LogstashTcpSocketAppender[LOGSTASH] - Log destination 192.168.110.57/<unresolved>:4560: Waiting 24986ms before attempting reconnection.
21:41:34,174 |-WARN in net.logstash.logback.appender.LogstashTcpSocketAppender[LOGSTASH] - Log destination 192.168.110.57/<unresolved>:4560: Waiting 24984ms before attempting reconnection.
21:42:04,184 |-WARN in net.logstash.logback.appender.LogstashTcpSocketAppender[LOGSTASH] - Log destination 192.168.110.57/<unresolved>:4560: Waiting 24985ms before attempting reconnection.
21:42:34,189 |-WARN in net.logstash.logback.appender.LogstashTcpSocketAppender[LOGSTASH] - Log destination 192.168.110.57/<unresolved>:4560: Waiting 24985ms before attempting reconnection.
21:43:04,192 |-WARN in net.logstash.logback.appender.LogstashTcpSocketAppender[LOGSTASH] - Log destination 192.168.110.57/<unresolved>:4560: Waiting 24989ms before attempting reconnection.
21:43:34,202 |-WARN in net.logstash.logback.appender.LogstashTcpSocketAppender[LOGSTASH] - Log destination 192.168.110.57/<unresolved>:4560: Waiting 24982ms before attempting reconnection.
21:44:04,204 |-WARN in net.logstash.logback.appender.LogstashTcpSocketAppender[LOGSTASH] - Log destination 192.168.110.57/<unresolved>:4560: Waiting 24987ms before attempting reconnection.
21:44:34,210 |-WARN in net.logstash.logback.appender.LogstashTcpSocketAppender[LOGSTASH] - Log destination 192.168.110.57/<unresolved>:4560: Waiting 24990ms before attempting reconnection.
21:45:04,226 |-WARN in net.logstash.logback.appender.LogstashTcpSocketAppender[LOGSTASH] - Log destination 192.168.110.57/<unresolved>:4560: Waiting 24982ms before attempting reconnection.
21:45:34,230 |-WARN in net.logstash.logback.appender.LogstashTcpSocketAppender[LOGSTASH] - Log destination 192.168.110.57/<unresolved>:4560: Waiting 24986ms before attempting reconnection.
21:46:04,239 |-WARN in net.logstash.logback.appender.LogstashTcpSocketAppender[LOGSTASH] - Log destination 192.168.110.57/<unresolved>:4560: Waiting 24986ms before attempting reconnection.
21:46:34,255 |-WARN in net.logstash.logback.appender.LogstashTcpSocketAppender[LOGSTASH] - Log destination 192.168.110.57/<unresolved>:4560: Waiting 24981ms before attempting reconnection.
21:47:04,260 |-WARN in net.logstash.logback.appender.LogstashTcpSocketAppender[LOGSTASH] - Log destination 192.168.110.57/<unresolved>:4560: Waiting 24984ms before attempting reconnection.
21:47:34,269 |-WARN in net.logstash.logback.appender.LogstashTcpSocketAppender[LOGSTASH] - Log destination 192.168.110.57/<unresolved>:4560: Waiting 24986ms before attempting reconnection.
21:48:04,271 |-WARN in net.logstash.logback.appender.LogstashTcpSocketAppender[LOGSTASH] - Log destination 192.168.110.57/<unresolved>:4560: Waiting 24985ms before attempting reconnection.
21:48:34,280 |-WARN in net.logstash.logback.appender.LogstashTcpSocketAppender[LOGSTASH] - Log destination 192.168.110.57/<unresolved>:4560: Waiting 24984ms before attempting reconnection.
21:49:04,285 |-WARN in net.logstash.logback.appender.LogstashTcpSocketAppender[LOGSTASH] - Log destination 192.168.110.57/<unresolved>:4560: Waiting 24985ms before attempting reconnection.
21:49:34,297 |-WARN in net.logstash.logback.appender.LogstashTcpSocketAppender[LOGSTASH] - Log destination 192.168.110.57/<unresolved>:4560: Waiting 24983ms before attempting reconnection.
21:50:04,314 |-WARN in net.logstash.logback.appender.LogstashTcpSocketAppender[LOGSTASH] - Log destination 192.168.110.57/<unresolved>:4560: Waiting 24969ms before attempting reconnection.
21:50:34,314 |-WARN in net.logstash.logback.appender.LogstashTcpSocketAppender[LOGSTASH] - Log destination 192.168.110.57/<unresolved>:4560: Waiting 24980ms before attempting reconnection.
21:51:04,317 |-WARN in net.logstash.logback.appender.LogstashTcpSocketAppender[LOGSTASH] - Log destination 192.168.110.57/<unresolved>:4560: Waiting 24984ms before attempting reconnection.
21:51:34,301 |-WARN in net.logstash.logback.appender.LogstashTcpSocketAppender[LOGSTASH] - Log destination 192.168.110.57/<unresolved>:4560: Waiting 24995ms before attempting reconnection.
21:52:04,297 |-WARN in net.logstash.logback.appender.LogstashTcpSocketAppender[LOGSTASH] - Log destination 192.168.110.57/<unresolved>:4560: Waiting 24986ms before attempting reconnection.
21:52:34,307 |-WARN in net.logstash.logback.appender.LogstashTcpSocketAppender[LOGSTASH] - Log destination 192.168.110.57/<unresolved>:4560: Waiting 24985ms before attempting reconnection.
21:53:04,313 |-WARN in net.logstash.logback.appender.LogstashTcpSocketAppender[LOGSTASH] - Log destination 192.168.110.57/<unresolved>:4560: Waiting 24987ms before attempting reconnection.
21:53:34,332 |-WARN in net.logstash.logback.appender.LogstashTcpSocketAppender[LOGSTASH] - Log destination 192.168.110.57/<unresolved>:4560: Waiting 24977ms before attempting reconnection.
21:54:04,332 |-WARN in net.logstash.logback.appender.LogstashTcpSocketAppender[LOGSTASH] - Log destination 192.168.110.57/<unresolved>:4560: Waiting 24986ms before attempting reconnection.
21:54:34,344 |-WARN in net.logstash.logback.appender.LogstashTcpSocketAppender[LOGSTASH] - Log destination 192.168.110.57/<unresolved>:4560: Waiting 24982ms before attempting reconnection.
21:55:04,346 |-WARN in net.logstash.logback.appender.LogstashTcpSocketAppender[LOGSTASH] - Log destination 192.168.110.57/<unresolved>:4560: Waiting 24984ms before attempting reconnection.
21:55:34,351 |-WARN in net.logstash.logback.appender.LogstashTcpSocketAppender[LOGSTASH] - Log destination 192.168.110.57/<unresolved>:4560: Waiting 24985ms before attempting reconnection.
21:56:04,348 |-WARN in net.logstash.logback.appender.LogstashTcpSocketAppender[LOGSTASH] - Log destination 192.168.110.57/<unresolved>:4560: Waiting 24991ms before attempting reconnection.
21:56:34,379 |-WARN in net.logstash.logback.appender.LogstashTcpSocketAppender[LOGSTASH] - Log destination 192.168.110.57/<unresolved>:4560: Waiting 24969ms before attempting reconnection.
21:57:04,372 |-WARN in net.logstash.logback.appender.LogstashTcpSocketAppender[LOGSTASH] - Log destination 192.168.110.57/<unresolved>:4560: Waiting 24985ms before attempting reconnection.
21:57:34,377 |-WARN in net.logstash.logback.appender.LogstashTcpSocketAppender[LOGSTASH] - Log destination 192.168.110.57/<unresolved>:4560: Waiting 24984ms before attempting reconnection.
21:58:04,388 |-WARN in net.logstash.logback.appender.LogstashTcpSocketAppender[LOGSTASH] - Log destination 192.168.110.57/<unresolved>:4560: Waiting 24984ms before attempting reconnection.
21:58:34,395 |-WARN in net.logstash.logback.appender.LogstashTcpSocketAppender[LOGSTASH] - Log destination 192.168.110.57/<unresolved>:4560: Waiting 24986ms before attempting reconnection.
21:59:04,406 |-WARN in net.logstash.logback.appender.LogstashTcpSocketAppender[LOGSTASH] - Log destination 192.168.110.57/<unresolved>:4560: Waiting 24986ms before attempting reconnection.
21:59:34,420 |-WARN in net.logstash.logback.appender.LogstashTcpSocketAppender[LOGSTASH] - Log destination 192.168.110.57/<unresolved>:4560: Waiting 24983ms before attempting reconnection.
22:00:04,424 |-WARN in net.logstash.logback.appender.LogstashTcpSocketAppender[LOGSTASH] - Log destination 192.168.110.57/<unresolved>:4560: Waiting 24984ms before attempting reconnection.
22:00:34,424 |-WARN in net.logstash.logback.appender.LogstashTcpSocketAppender[LOGSTASH] - Log destination 192.168.110.57/<unresolved>:4560: Waiting 24987ms before attempting reconnection.
22:01:04,426 |-WARN in net.logstash.logback.appender.LogstashTcpSocketAppender[LOGSTASH] - Log destination 192.168.110.57/<unresolved>:4560: Waiting 24986ms before attempting reconnection.
22:01:34,435 |-WARN in net.logstash.logback.appender.LogstashTcpSocketAppender[LOGSTASH] - Log destination 192.168.110.57/<unresolved>:4560: Waiting 24987ms before attempting reconnection.
22:02:04,448 |-WARN in net.logstash.logback.appender.LogstashTcpSocketAppender[LOGSTASH] - Log destination 192.168.110.57/<unresolved>:4560: Waiting 24981ms before attempting reconnection.
22:02:34,443 |-WARN in net.logstash.logback.appender.LogstashTcpSocketAppender[LOGSTASH] - Log destination 192.168.110.57/<unresolved>:4560: Waiting 24986ms before attempting reconnection.
22:03:04,449 |-WARN in net.logstash.logback.appender.LogstashTcpSocketAppender[LOGSTASH] - Log destination 192.168.110.57/<unresolved>:4560: Waiting 24990ms before attempting reconnection.
22:03:34,453 |-WARN in net.logstash.logback.appender.LogstashTcpSocketAppender[LOGSTASH] - Log destination 192.168.110.57/<unresolved>:4560: Waiting 24988ms before attempting reconnection.
22:04:04,464 |-WARN in net.logstash.logback.appender.LogstashTcpSocketAppender[LOGSTASH] - Log destination 192.168.110.57/<unresolved>:4560: Waiting 24982ms before attempting reconnection.
22:04:34,470 |-WARN in net.logstash.logback.appender.LogstashTcpSocketAppender[LOGSTASH] - Log destination 192.168.110.57/<unresolved>:4560: Waiting 24987ms before attempting reconnection.
22:05:04,498 |-WARN in net.logstash.logback.appender.LogstashTcpSocketAppender[LOGSTASH] - Log destination 192.168.110.57/<unresolved>:4560: Waiting 24961ms before attempting reconnection.
22:05:34,483 |-WARN in net.logstash.logback.appender.LogstashTcpSocketAppender[LOGSTASH] - Log destination 192.168.110.57/<unresolved>:4560: Waiting 24986ms before attempting reconnection.
22:06:04,480 |-WARN in net.logstash.logback.appender.LogstashTcpSocketAppender[LOGSTASH] - Log destination 192.168.110.57/<unresolved>:4560: Waiting 24990ms before attempting reconnection.
22:06:34,512 |-WARN in net.logstash.logback.appender.LogstashTcpSocketAppender[LOGSTASH] - Log destination 192.168.110.57/<unresolved>:4560: Waiting 24968ms before attempting reconnection.
22:07:04,504 |-WARN in net.logstash.logback.appender.LogstashTcpSocketAppender[LOGSTASH] - Log destination 192.168.110.57/<unresolved>:4560: Waiting 24984ms before attempting reconnection.
22:07:34,515 |-WARN in net.logstash.logback.appender.LogstashTcpSocketAppender[LOGSTASH] - Log destination 192.168.110.57/<unresolved>:4560: Waiting 24981ms before attempting reconnection.
22:08:04,515 |-WARN in net.logstash.logback.appender.LogstashTcpSocketAppender[LOGSTASH] - Log destination 192.168.110.57/<unresolved>:4560: Waiting 24985ms before attempting reconnection.
22:08:34,524 |-WARN in net.logstash.logback.appender.LogstashTcpSocketAppender[LOGSTASH] - Log destination 192.168.110.57/<unresolved>:4560: Waiting 24979ms before attempting reconnection.
22:09:04,523 |-WARN in net.logstash.logback.appender.LogstashTcpSocketAppender[LOGSTASH] - Log destination 192.168.110.57/<unresolved>:4560: Waiting 24986ms before attempting reconnection.
22:09:34,534 |-WARN in net.logstash.logback.appender.LogstashTcpSocketAppender[LOGSTASH] - Log destination 192.168.110.57/<unresolved>:4560: Waiting 24986ms before attempting reconnection.
22:10:04,544 |-WARN in net.logstash.logback.appender.LogstashTcpSocketAppender[LOGSTASH] - Log destination 192.168.110.57/<unresolved>:4560: Waiting 24983ms before attempting reconnection.
22:10:34,554 |-WARN in net.logstash.logback.appender.LogstashTcpSocketAppender[LOGSTASH] - Log destination 192.168.110.57/<unresolved>:4560: Waiting 24981ms before attempting reconnection.
22:11:04,562 |-WARN in net.logstash.logback.appender.LogstashTcpSocketAppender[LOGSTASH] - Log destination 192.168.110.57/<unresolved>:4560: Waiting 24983ms before attempting reconnection.
22:11:34,563 |-WARN in net.logstash.logback.appender.LogstashTcpSocketAppender[LOGSTASH] - Log destination 192.168.110.57/<unresolved>:4560: Waiting 24984ms before attempting reconnection.
22:12:04,580 |-WARN in net.logstash.logback.appender.LogstashTcpSocketAppender[LOGSTASH] - Log destination 192.168.110.57/<unresolved>:4560: Waiting 24977ms before attempting reconnection.
22:12:34,577 |-WARN in net.logstash.logback.appender.LogstashTcpSocketAppender[LOGSTASH] - Log destination 192.168.110.57/<unresolved>:4560: Waiting 24982ms before attempting reconnection.
22:13:04,581 |-WARN in net.logstash.logback.appender.LogstashTcpSocketAppender[LOGSTASH] - Log destination 192.168.110.57/<unresolved>:4560: Waiting 24982ms before attempting reconnection.
22:13:34,583 |-WARN in net.logstash.logback.appender.LogstashTcpSocketAppender[LOGSTASH] - Log destination 192.168.110.57/<unresolved>:4560: Waiting 24990ms before attempting reconnection.
22:14:04,601 |-WARN in net.logstash.logback.appender.LogstashTcpSocketAppender[LOGSTASH] - Log destination 192.168.110.57/<unresolved>:4560: Waiting 24982ms before attempting reconnection.
22:14:34,607 |-WARN in net.logstash.logback.appender.LogstashTcpSocketAppender[LOGSTASH] - Log destination 192.168.110.57/<unresolved>:4560: Waiting 24985ms before attempting reconnection.
22:15:04,620 |-WARN in net.logstash.logback.appender.LogstashTcpSocketAppender[LOGSTASH] - Log destination 192.168.110.57/<unresolved>:4560: Waiting 24982ms before attempting reconnection.
22:15:34,626 |-WARN in net.logstash.logback.appender.LogstashTcpSocketAppender[LOGSTASH] - Log destination 192.168.110.57/<unresolved>:4560: Waiting 24986ms before attempting reconnection.
22:16:04,637 |-WARN in net.logstash.logback.appender.LogstashTcpSocketAppender[LOGSTASH] - Log destination 192.168.110.57/<unresolved>:4560: Waiting 24985ms before attempting reconnection.
22:16:34,654 |-WARN in net.logstash.logback.appender.LogstashTcpSocketAppender[LOGSTASH] - Log destination 192.168.110.57/<unresolved>:4560: Waiting 24979ms before attempting reconnection.
22:17:04,652 |-WARN in net.logstash.logback.appender.LogstashTcpSocketAppender[LOGSTASH] - Log destination 192.168.110.57/<unresolved>:4560: Waiting 24987ms before attempting reconnection.
22:17:34,658 |-WARN in net.logstash.logback.appender.LogstashTcpSocketAppender[LOGSTASH] - Log destination 192.168.110.57/<unresolved>:4560: Waiting 24986ms before attempting reconnection.
22:18:04,668 |-WARN in net.logstash.logback.appender.LogstashTcpSocketAppender[LOGSTASH] - Log destination 192.168.110.57/<unresolved>:4560: Waiting 24985ms before attempting reconnection.
22:18:34,677 |-WARN in net.logstash.logback.appender.LogstashTcpSocketAppender[LOGSTASH] - Log destination 192.168.110.57/<unresolved>:4560: Waiting 24985ms before attempting reconnection.
22:19:04,686 |-WARN in net.logstash.logback.appender.LogstashTcpSocketAppender[LOGSTASH] - Log destination 192.168.110.57/<unresolved>:4560: Waiting 24985ms before attempting reconnection.
22:19:34,696 |-WARN in net.logstash.logback.appender.LogstashTcpSocketAppender[LOGSTASH] - Log destination 192.168.110.57/<unresolved>:4560: Waiting 24984ms before attempting reconnection.
22:20:04,705 |-WARN in net.logstash.logback.appender.LogstashTcpSocketAppender[LOGSTASH] - Log destination 192.168.110.57/<unresolved>:4560: Waiting 24985ms before attempting reconnection.
22:20:34,718 |-WARN in net.logstash.logback.appender.LogstashTcpSocketAppender[LOGSTASH] - Log destination 192.168.110.57/<unresolved>:4560: Waiting 24984ms before attempting reconnection.
22:21:04,730 |-WARN in net.logstash.logback.appender.LogstashTcpSocketAppender[LOGSTASH] - Log destination 192.168.110.57/<unresolved>:4560: Waiting 24982ms before attempting reconnection.
22:21:34,738 |-WARN in net.logstash.logback.appender.LogstashTcpSocketAppender[LOGSTASH] - Log destination 192.168.110.57/<unresolved>:4560: Waiting 24985ms before attempting reconnection.
22:22:04,745 |-WARN in net.logstash.logback.appender.LogstashTcpSocketAppender[LOGSTASH] - Log destination 192.168.110.57/<unresolved>:4560: Waiting 24982ms before attempting reconnection.
22:22:34,752 |-WARN in net.logstash.logback.appender.LogstashTcpSocketAppender[LOGSTASH] - Log destination 192.168.110.57/<unresolved>:4560: Waiting 24985ms before attempting reconnection.
22:23:04,760 |-WARN in net.logstash.logback.appender.LogstashTcpSocketAppender[LOGSTASH] - Log destination 192.168.110.57/<unresolved>:4560: Waiting 24979ms before attempting reconnection.
22:23:34,766 |-WARN in net.logstash.logback.appender.LogstashTcpSocketAppender[LOGSTASH] - Log destination 192.168.110.57/<unresolved>:4560: Waiting 24983ms before attempting reconnection.
22:24:04,771 |-WARN in net.logstash.logback.appender.LogstashTcpSocketAppender[LOGSTASH] - Log destination 192.168.110.57/<unresolved>:4560: Waiting 24984ms before attempting reconnection.
22:24:34,780 |-WARN in net.logstash.logback.appender.LogstashTcpSocketAppender[LOGSTASH] - Log destination 192.168.110.57/<unresolved>:4560: Waiting 24983ms before attempting reconnection.
22:25:04,789 |-WARN in net.logstash.logback.appender.LogstashTcpSocketAppender[LOGSTASH] - Log destination 192.168.110.57/<unresolved>:4560: Waiting 24984ms before attempting reconnection.
22:25:34,791 |-WARN in net.logstash.logback.appender.LogstashTcpSocketAppender[LOGSTASH] - Log destination 192.168.110.57/<unresolved>:4560: Waiting 24985ms before attempting reconnection.
22:26:04,793 |-WARN in net.logstash.logback.appender.LogstashTcpSocketAppender[LOGSTASH] - Log destination 192.168.110.57/<unresolved>:4560: Waiting 24987ms before attempting reconnection.
22:26:34,813 |-WARN in net.logstash.logback.appender.LogstashTcpSocketAppender[LOGSTASH] - Log destination 192.168.110.57/<unresolved>:4560: Waiting 24970ms before attempting reconnection.
22:27:04,801 |-WARN in net.logstash.logback.appender.LogstashTcpSocketAppender[LOGSTASH] - Log destination 192.168.110.57/<unresolved>:4560: Waiting 24985ms before attempting reconnection.
22:27:34,813 |-WARN in net.logstash.logback.appender.LogstashTcpSocketAppender[LOGSTASH] - Log destination 192.168.110.57/<unresolved>:4560: Waiting 24984ms before attempting reconnection.
22:28:04,822 |-WARN in net.logstash.logback.appender.LogstashTcpSocketAppender[LOGSTASH] - Log destination 192.168.110.57/<unresolved>:4560: Waiting 24983ms before attempting reconnection.
22:28:34,822 |-WARN in net.logstash.logback.appender.LogstashTcpSocketAppender[LOGSTASH] - Log destination 192.168.110.57/<unresolved>:4560: Waiting 24989ms before attempting reconnection.
22:29:04,835 |-WARN in net.logstash.logback.appender.LogstashTcpSocketAppender[LOGSTASH] - Log destination 192.168.110.57/<unresolved>:4560: Waiting 24980ms before attempting reconnection.
22:29:34,839 |-WARN in net.logstash.logback.appender.LogstashTcpSocketAppender[LOGSTASH] - Log destination 192.168.110.57/<unresolved>:4560: Waiting 24985ms before attempting reconnection.
22:30:04,854 |-WARN in net.logstash.logback.appender.LogstashTcpSocketAppender[LOGSTASH] - Log destination 192.168.110.57/<unresolved>:4560: Waiting 24974ms before attempting reconnection.
22:30:34,858 |-WARN in net.logstash.logback.appender.LogstashTcpSocketAppender[LOGSTASH] - Log destination 192.168.110.57/<unresolved>:4560: Waiting 24978ms before attempting reconnection.
22:31:04,857 |-WARN in net.logstash.logback.appender.LogstashTcpSocketAppender[LOGSTASH] - Log destination 192.168.110.57/<unresolved>:4560: Waiting 24985ms before attempting reconnection.
22:31:34,876 |-WARN in net.logstash.logback.appender.LogstashTcpSocketAppender[LOGSTASH] - Log destination 192.168.110.57/<unresolved>:4560: Waiting 24976ms before attempting reconnection.
22:32:04,886 |-WARN in net.logstash.logback.appender.LogstashTcpSocketAppender[LOGSTASH] - Log destination 192.168.110.57/<unresolved>:4560: Waiting 24976ms before attempting reconnection.
22:32:34,880 |-WARN in net.logstash.logback.appender.LogstashTcpSocketAppender[LOGSTASH] - Log destination 192.168.110.57/<unresolved>:4560: Waiting 24991ms before attempting reconnection.
22:33:04,888 |-WARN in net.logstash.logback.appender.LogstashTcpSocketAppender[LOGSTASH] - Log destination 192.168.110.57/<unresolved>:4560: Waiting 24984ms before attempting reconnection.
22:33:34,905 |-WARN in net.logstash.logback.appender.LogstashTcpSocketAppender[LOGSTASH] - Log destination 192.168.110.57/<unresolved>:4560: Waiting 24976ms before attempting reconnection.
22:34:04,898 |-WARN in net.logstash.logback.appender.LogstashTcpSocketAppender[LOGSTASH] - Log destination 192.168.110.57/<unresolved>:4560: Waiting 24989ms before attempting reconnection.
22:34:34,907 |-WARN in net.logstash.logback.appender.LogstashTcpSocketAppender[LOGSTASH] - Log destination 192.168.110.57/<unresolved>:4560: Waiting 24988ms before attempting reconnection.
22:35:04,913 |-WARN in net.logstash.logback.appender.LogstashTcpSocketAppender[LOGSTASH] - Log destination 192.168.110.57/<unresolved>:4560: Waiting 24986ms before attempting reconnection.
22:35:34,928 |-WARN in net.logstash.logback.appender.LogstashTcpSocketAppender[LOGSTASH] - Log destination 192.168.110.57/<unresolved>:4560: Waiting 24981ms before attempting reconnection.
22:36:04,930 |-WARN in net.logstash.logback.appender.LogstashTcpSocketAppender[LOGSTASH] - Log destination 192.168.110.57/<unresolved>:4560: Waiting 24983ms before attempting reconnection.
22:36:34,935 |-WARN in net.logstash.logback.appender.LogstashTcpSocketAppender[LOGSTASH] - Log destination 192.168.110.57/<unresolved>:4560: Waiting 24987ms before attempting reconnection.
22:37:04,954 |-WARN in net.logstash.logback.appender.LogstashTcpSocketAppender[LOGSTASH] - Log destination 192.168.110.57/<unresolved>:4560: Waiting 24978ms before attempting reconnection.
22:37:34,980 |-WARN in net.logstash.logback.appender.LogstashTcpSocketAppender[LOGSTASH] - Log destination 192.168.110.57/<unresolved>:4560: Waiting 24987ms before attempting reconnection.
22:38:04,986 |-WARN in net.logstash.logback.appender.LogstashTcpSocketAppender[LOGSTASH] - Log destination 192.168.110.57/<unresolved>:4560: Waiting 24987ms before attempting reconnection.
22:38:35,002 |-WARN in net.logstash.logback.appender.LogstashTcpSocketAppender[LOGSTASH] - Log destination 192.168.110.57/<unresolved>:4560: Waiting 24981ms before attempting reconnection.
22:39:04,997 |-WARN in net.logstash.logback.appender.LogstashTcpSocketAppender[LOGSTASH] - Log destination 192.168.110.57/<unresolved>:4560: Waiting 24989ms before attempting reconnection.
22:39:35,016 |-WARN in net.logstash.logback.appender.LogstashTcpSocketAppender[LOGSTASH] - Log destination 192.168.110.57/<unresolved>:4560: Waiting 24981ms before attempting reconnection.
22:40:05,040 |-WARN in net.logstash.logback.appender.LogstashTcpSocketAppender[LOGSTASH] - Log destination 192.168.110.57/<unresolved>:4560: Waiting 24981ms before attempting reconnection.
22:40:35,038 |-WARN in net.logstash.logback.appender.LogstashTcpSocketAppender[LOGSTASH] - Log destination 192.168.110.57/<unresolved>:4560: Waiting 24984ms before attempting reconnection.
22:41:05,040 |-WARN in net.logstash.logback.appender.LogstashTcpSocketAppender[LOGSTASH] - Log destination 192.168.110.57/<unresolved>:4560: Waiting 24988ms before attempting reconnection.
22:41:35,054 |-WARN in net.logstash.logback.appender.LogstashTcpSocketAppender[LOGSTASH] - Log destination 192.168.110.57/<unresolved>:4560: Waiting 24984ms before attempting reconnection.
22:42:05,057 |-WARN in net.logstash.logback.appender.LogstashTcpSocketAppender[LOGSTASH] - Log destination 192.168.110.57/<unresolved>:4560: Waiting 24989ms before attempting reconnection.
22:42:35,076 |-WARN in net.logstash.logback.appender.LogstashTcpSocketAppender[LOGSTASH] - Log destination 192.168.110.57/<unresolved>:4560: Waiting 24979ms before attempting reconnection.
22:43:05,078 |-WARN in net.logstash.logback.appender.LogstashTcpSocketAppender[LOGSTASH] - Log destination 192.168.110.57/<unresolved>:4560: Waiting 24986ms before attempting reconnection.
22:43:35,090 |-WARN in net.logstash.logback.appender.LogstashTcpSocketAppender[LOGSTASH] - Log destination 192.168.110.57/<unresolved>:4560: Waiting 24984ms before attempting reconnection.
22:44:05,100 |-WARN in net.logstash.logback.appender.LogstashTcpSocketAppender[LOGSTASH] - Log destination 192.168.110.57/<unresolved>:4560: Waiting 24982ms before attempting reconnection.
22:44:35,104 |-WARN in net.logstash.logback.appender.LogstashTcpSocketAppender[LOGSTASH] - Log destination 192.168.110.57/<unresolved>:4560: Waiting 24986ms before attempting reconnection.
22:45:05,114 |-WARN in net.logstash.logback.appender.LogstashTcpSocketAppender[LOGSTASH] - Log destination 192.168.110.57/<unresolved>:4560: Waiting 24986ms before attempting reconnection.
22:45:35,123 |-WARN in net.logstash.logback.appender.LogstashTcpSocketAppender[LOGSTASH] - Log destination 192.168.110.57/<unresolved>:4560: Waiting 24987ms before attempting reconnection.
22:46:05,131 |-WARN in net.logstash.logback.appender.LogstashTcpSocketAppender[LOGSTASH] - Log destination 192.168.110.57/<unresolved>:4560: Waiting 24986ms before attempting reconnection.
22:46:35,140 |-WARN in net.logstash.logback.appender.LogstashTcpSocketAppender[LOGSTASH] - Log destination 192.168.110.57/<unresolved>:4560: Waiting 24984ms before attempting reconnection.
22:47:05,155 |-WARN in net.logstash.logback.appender.LogstashTcpSocketAppender[LOGSTASH] - Log destination 192.168.110.57/<unresolved>:4560: Waiting 24977ms before attempting reconnection.
22:47:35,168 |-WARN in net.logstash.logback.appender.LogstashTcpSocketAppender[LOGSTASH] - Log destination 192.168.110.57/<unresolved>:4560: Waiting 24968ms before attempting reconnection.
22:48:05,156 |-WARN in net.logstash.logback.appender.LogstashTcpSocketAppender[LOGSTASH] - Log destination 192.168.110.57/<unresolved>:4560: Waiting 24987ms before attempting reconnection.
22:48:35,162 |-WARN in net.logstash.logback.appender.LogstashTcpSocketAppender[LOGSTASH] - Log destination 192.168.110.57/<unresolved>:4560: Waiting 24985ms before attempting reconnection.
22:49:05,163 |-WARN in net.logstash.logback.appender.LogstashTcpSocketAppender[LOGSTASH] - Log destination 192.168.110.57/<unresolved>:4560: Waiting 24990ms before attempting reconnection.
22:49:35,180 |-WARN in net.logstash.logback.appender.LogstashTcpSocketAppender[LOGSTASH] - Log destination 192.168.110.57/<unresolved>:4560: Waiting 24982ms before attempting reconnection.
22:50:05,184 |-WARN in net.logstash.logback.appender.LogstashTcpSocketAppender[LOGSTASH] - Log destination 192.168.110.57/<unresolved>:4560: Waiting 24986ms before attempting reconnection.
22:50:35,194 |-WARN in net.logstash.logback.appender.LogstashTcpSocketAppender[LOGSTASH] - Log destination 192.168.110.57/<unresolved>:4560: Waiting 24985ms before attempting reconnection.
22:51:05,198 |-WARN in net.logstash.logback.appender.LogstashTcpSocketAppender[LOGSTASH] - Log destination 192.168.110.57/<unresolved>:4560: Waiting 24983ms before attempting reconnection.
22:51:35,213 |-WARN in net.logstash.logback.appender.LogstashTcpSocketAppender[LOGSTASH] - Log destination 192.168.110.57/<unresolved>:4560: Waiting 24976ms before attempting reconnection.
22:52:05,230 |-WARN in net.logstash.logback.appender.LogstashTcpSocketAppender[LOGSTASH] - Log destination 192.168.110.57/<unresolved>:4560: Waiting 24968ms before attempting reconnection.
22:52:35,230 |-WARN in net.logstash.logback.appender.LogstashTcpSocketAppender[LOGSTASH] - Log destination 192.168.110.57/<unresolved>:4560: Waiting 24981ms before attempting reconnection.
22:53:05,235 |-WARN in net.logstash.logback.appender.LogstashTcpSocketAppender[LOGSTASH] - Log destination 192.168.110.57/<unresolved>:4560: Waiting 24986ms before attempting reconnection.
22:53:35,246 |-WARN in net.logstash.logback.appender.LogstashTcpSocketAppender[LOGSTASH] - Log destination 192.168.110.57/<unresolved>:4560: Waiting 24987ms before attempting reconnection.
22:54:05,256 |-WARN in net.logstash.logback.appender.LogstashTcpSocketAppender[LOGSTASH] - Log destination 192.168.110.57/<unresolved>:4560: Waiting 24988ms before attempting reconnection.
22:54:35,274 |-WARN in net.logstash.logback.appender.LogstashTcpSocketAppender[LOGSTASH] - Log destination 192.168.110.57/<unresolved>:4560: Waiting 24980ms before attempting reconnection.
22:55:05,301 |-WARN in net.logstash.logback.appender.LogstashTcpSocketAppender[LOGSTASH] - Log destination 192.168.110.57/<unresolved>:4560: Waiting 24965ms before attempting reconnection.
22:55:35,287 |-WARN in net.logstash.logback.appender.LogstashTcpSocketAppender[LOGSTASH] - Log destination 192.168.110.57/<unresolved>:4560: Waiting 24989ms before attempting reconnection.
22:56:05,307 |-WARN in net.logstash.logback.appender.LogstashTcpSocketAppender[LOGSTASH] - Log destination 192.168.110.57/<unresolved>:4560: Waiting 24975ms before attempting reconnection.
22:56:35,313 |-WARN in net.logstash.logback.appender.LogstashTcpSocketAppender[LOGSTASH] - Log destination 192.168.110.57/<unresolved>:4560: Waiting 24977ms before attempting reconnection.
22:57:05,307 |-WARN in net.logstash.logback.appender.LogstashTcpSocketAppender[LOGSTASH] - Log destination 192.168.110.57/<unresolved>:4560: Waiting 24985ms before attempting reconnection.
22:57:35,322 |-WARN in net.logstash.logback.appender.LogstashTcpSocketAppender[LOGSTASH] - Log destination 192.168.110.57/<unresolved>:4560: Waiting 24973ms before attempting reconnection.
22:58:05,326 |-WARN in net.logstash.logback.appender.LogstashTcpSocketAppender[LOGSTASH] - Log destination 192.168.110.57/<unresolved>:4560: Waiting 24980ms before attempting reconnection.
22:58:35,329 |-WARN in net.logstash.logback.appender.LogstashTcpSocketAppender[LOGSTASH] - Log destination 192.168.110.57/<unresolved>:4560: Waiting 24986ms before attempting reconnection.
22:59:05,339 |-WARN in net.logstash.logback.appender.LogstashTcpSocketAppender[LOGSTASH] - Log destination 192.168.110.57/<unresolved>:4560: Waiting 24983ms before attempting reconnection.
22:59:35,356 |-WARN in net.logstash.logback.appender.LogstashTcpSocketAppender[LOGSTASH] - Log destination 192.168.110.57/<unresolved>:4560: Waiting 24973ms before attempting reconnection.
23:00:05,366 |-WARN in net.logstash.logback.appender.LogstashTcpSocketAppender[LOGSTASH] - Log destination 192.168.110.57/<unresolved>:4560: Waiting 24973ms before attempting reconnection.
23:00:35,356 |-WARN in net.logstash.logback.appender.LogstashTcpSocketAppender[LOGSTASH] - Log destination 192.168.110.57/<unresolved>:4560: Waiting 24990ms before attempting reconnection.
23:01:05,391 |-WARN in net.logstash.logback.appender.LogstashTcpSocketAppender[LOGSTASH] - Log destination 192.168.110.57/<unresolved>:4560: Waiting 24978ms before attempting reconnection.
23:01:35,403 |-WARN in net.logstash.logback.appender.LogstashTcpSocketAppender[LOGSTASH] - Log destination 192.168.110.57/<unresolved>:4560: Waiting 24975ms before attempting reconnection.
23:02:05,404 |-WARN in net.logstash.logback.appender.LogstashTcpSocketAppender[LOGSTASH] - Log destination 192.168.110.57/<unresolved>:4560: Waiting 24983ms before attempting reconnection.
23:02:35,413 |-WARN in net.logstash.logback.appender.LogstashTcpSocketAppender[LOGSTASH] - Log destination 192.168.110.57/<unresolved>:4560: Waiting 24984ms before attempting reconnection.
23:03:05,437 |-WARN in net.logstash.logback.appender.LogstashTcpSocketAppender[LOGSTASH] - Log destination 192.168.110.57/<unresolved>:4560: Waiting 24968ms before attempting reconnection.
23:03:35,429 |-WARN in net.logstash.logback.appender.LogstashTcpSocketAppender[LOGSTASH] - Log destination 192.168.110.57/<unresolved>:4560: Waiting 24980ms before attempting reconnection.
23:04:05,432 |-WARN in net.logstash.logback.appender.LogstashTcpSocketAppender[LOGSTASH] - Log destination 192.168.110.57/<unresolved>:4560: Waiting 24980ms before attempting reconnection.
23:04:35,434 |-WARN in net.logstash.logback.appender.LogstashTcpSocketAppender[LOGSTASH] - Log destination 192.168.110.57/<unresolved>:4560: Waiting 24989ms before attempting reconnection.
23:05:05,447 |-WARN in net.logstash.logback.appender.LogstashTcpSocketAppender[LOGSTASH] - Log destination 192.168.110.57/<unresolved>:4560: Waiting 24980ms before attempting reconnection.
23:05:35,466 |-WARN in net.logstash.logback.appender.LogstashTcpSocketAppender[LOGSTASH] - Log destination 192.168.110.57/<unresolved>:4560: Waiting 24969ms before attempting reconnection.
23:06:05,460 |-WARN in net.logstash.logback.appender.LogstashTcpSocketAppender[LOGSTASH] - Log destination 192.168.110.57/<unresolved>:4560: Waiting 24985ms before attempting reconnection.
23:06:35,481 |-WARN in net.logstash.logback.appender.LogstashTcpSocketAppender[LOGSTASH] - Log destination 192.168.110.57/<unresolved>:4560: Waiting 24975ms before attempting reconnection.
23:07:05,479 |-WARN in net.logstash.logback.appender.LogstashTcpSocketAppender[LOGSTASH] - Log destination 192.168.110.57/<unresolved>:4560: Waiting 24981ms before attempting reconnection.
23:07:35,485 |-WARN in net.logstash.logback.appender.LogstashTcpSocketAppender[LOGSTASH] - Log destination 192.168.110.57/<unresolved>:4560: Waiting 24986ms before attempting reconnection.
23:08:05,486 |-WARN in net.logstash.logback.appender.LogstashTcpSocketAppender[LOGSTASH] - Log destination 192.168.110.57/<unresolved>:4560: Waiting 24987ms before attempting reconnection.
23:08:35,498 |-WARN in net.logstash.logback.appender.LogstashTcpSocketAppender[LOGSTASH] - Log destination 192.168.110.57/<unresolved>:4560: Waiting 24984ms before attempting reconnection.
23:09:05,508 |-WARN in net.logstash.logback.appender.LogstashTcpSocketAppender[LOGSTASH] - Log destination 192.168.110.57/<unresolved>:4560: Waiting 24985ms before attempting reconnection.
23:09:35,522 |-WARN in net.logstash.logback.appender.LogstashTcpSocketAppender[LOGSTASH] - Log destination 192.168.110.57/<unresolved>:4560: Waiting 24977ms before attempting reconnection.
23:10:05,521 |-WARN in net.logstash.logback.appender.LogstashTcpSocketAppender[LOGSTASH] - Log destination 192.168.110.57/<unresolved>:4560: Waiting 24985ms before attempting reconnection.
23:10:35,522 |-WARN in net.logstash.logback.appender.LogstashTcpSocketAppender[LOGSTASH] - Log destination 192.168.110.57/<unresolved>:4560: Waiting 24984ms before attempting reconnection.
23:11:05,528 |-WARN in net.logstash.logback.appender.LogstashTcpSocketAppender[LOGSTASH] - Log destination 192.168.110.57/<unresolved>:4560: Waiting 24985ms before attempting reconnection.
23:11:35,531 |-WARN in net.logstash.logback.appender.LogstashTcpSocketAppender[LOGSTASH] - Log destination 192.168.110.57/<unresolved>:4560: Waiting 24986ms before attempting reconnection.
23:12:05,543 |-WARN in net.logstash.logback.appender.LogstashTcpSocketAppender[LOGSTASH] - Log destination 192.168.110.57/<unresolved>:4560: Waiting 24984ms before attempting reconnection.
23:12:35,548 |-WARN in net.logstash.logback.appender.LogstashTcpSocketAppender[LOGSTASH] - Log destination 192.168.110.57/<unresolved>:4560: Waiting 24991ms before attempting reconnection.
23:13:05,575 |-WARN in net.logstash.logback.appender.LogstashTcpSocketAppender[LOGSTASH] - Log destination 192.168.110.57/<unresolved>:4560: Waiting 24977ms before attempting reconnection.
23:13:35,576 |-WARN in net.logstash.logback.appender.LogstashTcpSocketAppender[LOGSTASH] - Log destination 192.168.110.57/<unresolved>:4560: Waiting 24982ms before attempting reconnection.
23:14:05,583 |-WARN in net.logstash.logback.appender.LogstashTcpSocketAppender[LOGSTASH] - Log destination 192.168.110.57/<unresolved>:4560: Waiting 24986ms before attempting reconnection.
23:14:35,589 |-WARN in net.logstash.logback.appender.LogstashTcpSocketAppender[LOGSTASH] - Log destination 192.168.110.57/<unresolved>:4560: Waiting 24985ms before attempting reconnection.
23:15:05,596 |-WARN in net.logstash.logback.appender.LogstashTcpSocketAppender[LOGSTASH] - Log destination 192.168.110.57/<unresolved>:4560: Waiting 24986ms before attempting reconnection.
23:15:35,601 |-WARN in net.logstash.logback.appender.LogstashTcpSocketAppender[LOGSTASH] - Log destination 192.168.110.57/<unresolved>:4560: Waiting 24983ms before attempting reconnection.
23:16:05,625 |-WARN in net.logstash.logback.appender.LogstashTcpSocketAppender[LOGSTASH] - Log destination 192.168.110.57/<unresolved>:4560: Waiting 24969ms before attempting reconnection.
23:16:35,607 |-WARN in net.logstash.logback.appender.LogstashTcpSocketAppender[LOGSTASH] - Log destination 192.168.110.57/<unresolved>:4560: Waiting 24990ms before attempting reconnection.
23:17:05,621 |-WARN in net.logstash.logback.appender.LogstashTcpSocketAppender[LOGSTASH] - Log destination 192.168.110.57/<unresolved>:4560: Waiting 24986ms before attempting reconnection.
23:17:35,624 |-WARN in net.logstash.logback.appender.LogstashTcpSocketAppender[LOGSTASH] - Log destination 192.168.110.57/<unresolved>:4560: Waiting 24985ms before attempting reconnection.
23:18:05,644 |-WARN in net.logstash.logback.appender.LogstashTcpSocketAppender[LOGSTASH] - Log destination 192.168.110.57/<unresolved>:4560: Waiting 24974ms before attempting reconnection.
23:18:35,646 |-WARN in net.logstash.logback.appender.LogstashTcpSocketAppender[LOGSTASH] - Log destination 192.168.110.57/<unresolved>:4560: Waiting 24982ms before attempting reconnection.
23:19:05,650 |-WARN in net.logstash.logback.appender.LogstashTcpSocketAppender[LOGSTASH] - Log destination 192.168.110.57/<unresolved>:4560: Waiting 24987ms before attempting reconnection.
23:19:35,656 |-WARN in net.logstash.logback.appender.LogstashTcpSocketAppender[LOGSTASH] - Log destination 192.168.110.57/<unresolved>:4560: Waiting 24985ms before attempting reconnection.
23:20:05,663 |-WARN in net.logstash.logback.appender.LogstashTcpSocketAppender[LOGSTASH] - Log destination 192.168.110.57/<unresolved>:4560: Waiting 24983ms before attempting reconnection.
23:20:35,666 |-WARN in net.logstash.logback.appender.LogstashTcpSocketAppender[LOGSTASH] - Log destination 192.168.110.57/<unresolved>:4560: Waiting 24984ms before attempting reconnection.
23:21:05,682 |-WARN in net.logstash.logback.appender.LogstashTcpSocketAppender[LOGSTASH] - Log destination 192.168.110.57/<unresolved>:4560: Waiting 24976ms before attempting reconnection.
23:21:35,681 |-WARN in net.logstash.logback.appender.LogstashTcpSocketAppender[LOGSTASH] - Log destination 192.168.110.57/<unresolved>:4560: Waiting 24985ms before attempting reconnection.
23:22:05,690 |-WARN in net.logstash.logback.appender.LogstashTcpSocketAppender[LOGSTASH] - Log destination 192.168.110.57/<unresolved>:4560: Waiting 24982ms before attempting reconnection.
23:22:35,688 |-WARN in net.logstash.logback.appender.LogstashTcpSocketAppender[LOGSTASH] - Log destination 192.168.110.57/<unresolved>:4560: Waiting 24986ms before attempting reconnection.
23:23:05,705 |-WARN in net.logstash.logback.appender.LogstashTcpSocketAppender[LOGSTASH] - Log destination 192.168.110.57/<unresolved>:4560: Waiting 24980ms before attempting reconnection.
23:23:35,715 |-WARN in net.logstash.logback.appender.LogstashTcpSocketAppender[LOGSTASH] - Log destination 192.168.110.57/<unresolved>:4560: Waiting 24979ms before attempting reconnection.
23:24:05,713 |-WARN in net.logstash.logback.appender.LogstashTcpSocketAppender[LOGSTASH] - Log destination 192.168.110.57/<unresolved>:4560: Waiting 24990ms before attempting reconnection.
23:24:35,727 |-WARN in net.logstash.logback.appender.LogstashTcpSocketAppender[LOGSTASH] - Log destination 192.168.110.57/<unresolved>:4560: Waiting 24986ms before attempting reconnection.
23:25:05,743 |-WARN in net.logstash.logback.appender.LogstashTcpSocketAppender[LOGSTASH] - Log destination 192.168.110.57/<unresolved>:4560: Waiting 24974ms before attempting reconnection.
23:25:35,740 |-WARN in net.logstash.logback.appender.LogstashTcpSocketAppender[LOGSTASH] - Log destination 192.168.110.57/<unresolved>:4560: Waiting 24986ms before attempting reconnection.
23:26:05,760 |-WARN in net.logstash.logback.appender.LogstashTcpSocketAppender[LOGSTASH] - Log destination 192.168.110.57/<unresolved>:4560: Waiting 24971ms before attempting reconnection.
23:26:35,762 |-WARN in net.logstash.logback.appender.LogstashTcpSocketAppender[LOGSTASH] - Log destination 192.168.110.57/<unresolved>:4560: Waiting 24971ms before attempting reconnection.
23:27:05,749 |-WARN in net.logstash.logback.appender.LogstashTcpSocketAppender[LOGSTASH] - Log destination 192.168.110.57/<unresolved>:4560: Waiting 24987ms before attempting reconnection.
23:27:35,754 |-WARN in net.logstash.logback.appender.LogstashTcpSocketAppender[LOGSTASH] - Log destination 192.168.110.57/<unresolved>:4560: Waiting 24985ms before attempting reconnection.
23:28:05,755 |-WARN in net.logstash.logback.appender.LogstashTcpSocketAppender[LOGSTASH] - Log destination 192.168.110.57/<unresolved>:4560: Waiting 24987ms before attempting reconnection.
23:28:35,812 |-WARN in net.logstash.logback.appender.LogstashTcpSocketAppender[LOGSTASH] - Log destination 192.168.110.57/<unresolved>:4560: Waiting 24941ms before attempting reconnection.
23:29:05,776 |-WARN in net.logstash.logback.appender.LogstashTcpSocketAppender[LOGSTASH] - Log destination 192.168.110.57/<unresolved>:4560: Waiting 24986ms before attempting reconnection.
23:29:35,784 |-WARN in net.logstash.logback.appender.LogstashTcpSocketAppender[LOGSTASH] - Log destination 192.168.110.57/<unresolved>:4560: Waiting 24987ms before attempting reconnection.
23:30:05,795 |-WARN in net.logstash.logback.appender.LogstashTcpSocketAppender[LOGSTASH] - Log destination 192.168.110.57/<unresolved>:4560: Waiting 24983ms before attempting reconnection.
23:30:35,804 |-WARN in net.logstash.logback.appender.LogstashTcpSocketAppender[LOGSTASH] - Log destination 192.168.110.57/<unresolved>:4560: Waiting 24983ms before attempting reconnection.
23:31:05,810 |-WARN in net.logstash.logback.appender.LogstashTcpSocketAppender[LOGSTASH] - Log destination 192.168.110.57/<unresolved>:4560: Waiting 24986ms before attempting reconnection.
23:31:35,818 |-WARN in net.logstash.logback.appender.LogstashTcpSocketAppender[LOGSTASH] - Log destination 192.168.110.57/<unresolved>:4560: Waiting 24984ms before attempting reconnection.
23:32:05,839 |-WARN in net.logstash.logback.appender.LogstashTcpSocketAppender[LOGSTASH] - Log destination 192.168.110.57/<unresolved>:4560: Waiting 24970ms before attempting reconnection.
23:32:35,826 |-WARN in net.logstash.logback.appender.LogstashTcpSocketAppender[LOGSTASH] - Log destination 192.168.110.57/<unresolved>:4560: Waiting 24989ms before attempting reconnection.
23:33:05,831 |-WARN in net.logstash.logback.appender.LogstashTcpSocketAppender[LOGSTASH] - Log destination 192.168.110.57/<unresolved>:4560: Waiting 24989ms before attempting reconnection.
23:33:35,842 |-WARN in net.logstash.logback.appender.LogstashTcpSocketAppender[LOGSTASH] - Log destination 192.168.110.57/<unresolved>:4560: Waiting 24986ms before attempting reconnection.
23:34:05,849 |-WARN in net.logstash.logback.appender.LogstashTcpSocketAppender[LOGSTASH] - Log destination 192.168.110.57/<unresolved>:4560: Waiting 24988ms before attempting reconnection.
23:34:35,866 |-WARN in net.logstash.logback.appender.LogstashTcpSocketAppender[LOGSTASH] - Log destination 192.168.110.57/<unresolved>:4560: Waiting 24982ms before attempting reconnection.
23:35:05,875 |-WARN in net.logstash.logback.appender.LogstashTcpSocketAppender[LOGSTASH] - Log destination 192.168.110.57/<unresolved>:4560: Waiting 24985ms before attempting reconnection.
23:35:35,885 |-WARN in net.logstash.logback.appender.LogstashTcpSocketAppender[LOGSTASH] - Log destination 192.168.110.57/<unresolved>:4560: Waiting 24987ms before attempting reconnection.
23:36:05,887 |-WARN in net.logstash.logback.appender.LogstashTcpSocketAppender[LOGSTASH] - Log destination 192.168.110.57/<unresolved>:4560: Waiting 24988ms before attempting reconnection.
23:36:35,916 |-WARN in net.logstash.logback.appender.LogstashTcpSocketAppender[LOGSTASH] - Log destination 192.168.110.57/<unresolved>:4560: Waiting 24966ms before attempting reconnection.
23:37:05,911 |-WARN in net.logstash.logback.appender.LogstashTcpSocketAppender[LOGSTASH] - Log destination 192.168.110.57/<unresolved>:4560: Waiting 24982ms before attempting reconnection.
23:37:35,920 |-WARN in net.logstash.logback.appender.LogstashTcpSocketAppender[LOGSTASH] - Log destination 192.168.110.57/<unresolved>:4560: Waiting 24983ms before attempting reconnection.
23:38:05,931 |-WARN in net.logstash.logback.appender.LogstashTcpSocketAppender[LOGSTASH] - Log destination 192.168.110.57/<unresolved>:4560: Waiting 24982ms before attempting reconnection.
23:38:35,937 |-WARN in net.logstash.logback.appender.LogstashTcpSocketAppender[LOGSTASH] - Log destination 192.168.110.57/<unresolved>:4560: Waiting 24981ms before attempting reconnection.
23:39:05,946 |-WARN in net.logstash.logback.appender.LogstashTcpSocketAppender[LOGSTASH] - Log destination 192.168.110.57/<unresolved>:4560: Waiting 24984ms before attempting reconnection.
23:39:35,962 |-WARN in net.logstash.logback.appender.LogstashTcpSocketAppender[LOGSTASH] - Log destination 192.168.110.57/<unresolved>:4560: Waiting 24978ms before attempting reconnection.
23:40:05,965 |-WARN in net.logstash.logback.appender.LogstashTcpSocketAppender[LOGSTASH] - Log destination 192.168.110.57/<unresolved>:4560: Waiting 24984ms before attempting reconnection.
23:40:35,969 |-WARN in net.logstash.logback.appender.LogstashTcpSocketAppender[LOGSTASH] - Log destination 192.168.110.57/<unresolved>:4560: Waiting 24984ms before attempting reconnection.
23:41:05,977 |-WARN in net.logstash.logback.appender.LogstashTcpSocketAppender[LOGSTASH] - Log destination 192.168.110.57/<unresolved>:4560: Waiting 24985ms before attempting reconnection.
23:41:35,988 |-WARN in net.logstash.logback.appender.LogstashTcpSocketAppender[LOGSTASH] - Log destination 192.168.110.57/<unresolved>:4560: Waiting 24984ms before attempting reconnection.
23:42:05,992 |-WARN in net.logstash.logback.appender.LogstashTcpSocketAppender[LOGSTASH] - Log destination 192.168.110.57/<unresolved>:4560: Waiting 24985ms before attempting reconnection.
23:42:35,999 |-WARN in net.logstash.logback.appender.LogstashTcpSocketAppender[LOGSTASH] - Log destination 192.168.110.57/<unresolved>:4560: Waiting 24988ms before attempting reconnection.
23:43:06,010 |-WARN in net.logstash.logback.appender.LogstashTcpSocketAppender[LOGSTASH] - Log destination 192.168.110.57/<unresolved>:4560: Waiting 24988ms before attempting reconnection.
23:43:36,018 |-WARN in net.logstash.logback.appender.LogstashTcpSocketAppender[LOGSTASH] - Log destination 192.168.110.57/<unresolved>:4560: Waiting 24986ms before attempting reconnection.
23:44:06,022 |-WARN in net.logstash.logback.appender.LogstashTcpSocketAppender[LOGSTASH] - Log destination 192.168.110.57/<unresolved>:4560: Waiting 24990ms before attempting reconnection.
23:44:36,024 |-WARN in net.logstash.logback.appender.LogstashTcpSocketAppender[LOGSTASH] - Log destination 192.168.110.57/<unresolved>:4560: Waiting 24990ms before attempting reconnection.
23:45:06,033 |-WARN in net.logstash.logback.appender.LogstashTcpSocketAppender[LOGSTASH] - Log destination 192.168.110.57/<unresolved>:4560: Waiting 24991ms before attempting reconnection.
23:45:36,055 |-WARN in net.logstash.logback.appender.LogstashTcpSocketAppender[LOGSTASH] - Log destination 192.168.110.57/<unresolved>:4560: Waiting 24979ms before attempting reconnection.
23:46:06,051 |-WARN in net.logstash.logback.appender.LogstashTcpSocketAppender[LOGSTASH] - Log destination 192.168.110.57/<unresolved>:4560: Waiting 24989ms before attempting reconnection.
23:46:36,059 |-WARN in net.logstash.logback.appender.LogstashTcpSocketAppender[LOGSTASH] - Log destination 192.168.110.57/<unresolved>:4560: Waiting 24984ms before attempting reconnection.
23:47:06,064 |-WARN in net.logstash.logback.appender.LogstashTcpSocketAppender[LOGSTASH] - Log destination 192.168.110.57/<unresolved>:4560: Waiting 24987ms before attempting reconnection.
23:47:36,068 |-WARN in net.logstash.logback.appender.LogstashTcpSocketAppender[LOGSTASH] - Log destination 192.168.110.57/<unresolved>:4560: Waiting 24990ms before attempting reconnection.
23:48:06,083 |-WARN in net.logstash.logback.appender.LogstashTcpSocketAppender[LOGSTASH] - Log destination 192.168.110.57/<unresolved>:4560: Waiting 24985ms before attempting reconnection.
23:48:36,093 |-WARN in net.logstash.logback.appender.LogstashTcpSocketAppender[LOGSTASH] - Log destination 192.168.110.57/<unresolved>:4560: Waiting 24978ms before attempting reconnection.
23:49:06,104 |-WARN in net.logstash.logback.appender.LogstashTcpSocketAppender[LOGSTASH] - Log destination 192.168.110.57/<unresolved>:4560: Waiting 24976ms before attempting reconnection.
23:49:36,108 |-WARN in net.logstash.logback.appender.LogstashTcpSocketAppender[LOGSTASH] - Log destination 192.168.110.57/<unresolved>:4560: Waiting 24981ms before attempting reconnection.
23:50:06,108 |-WARN in net.logstash.logback.appender.LogstashTcpSocketAppender[LOGSTASH] - Log destination 192.168.110.57/<unresolved>:4560: Waiting 24983ms before attempting reconnection.
23:50:36,117 |-WARN in net.logstash.logback.appender.LogstashTcpSocketAppender[LOGSTASH] - Log destination 192.168.110.57/<unresolved>:4560: Waiting 24984ms before attempting reconnection.
23:51:06,148 |-WARN in net.logstash.logback.appender.LogstashTcpSocketAppender[LOGSTASH] - Log destination 192.168.110.57/<unresolved>:4560: Waiting 24960ms before attempting reconnection.
23:51:36,135 |-WARN in net.logstash.logback.appender.LogstashTcpSocketAppender[LOGSTASH] - Log destination 192.168.110.57/<unresolved>:4560: Waiting 24983ms before attempting reconnection.
23:52:06,144 |-WARN in net.logstash.logback.appender.LogstashTcpSocketAppender[LOGSTASH] - Log destination 192.168.110.57/<unresolved>:4560: Waiting 24980ms before attempting reconnection.
23:52:36,151 |-WARN in net.logstash.logback.appender.LogstashTcpSocketAppender[LOGSTASH] - Log destination 192.168.110.57/<unresolved>:4560: Waiting 24983ms before attempting reconnection.
23:53:06,153 |-WARN in net.logstash.logback.appender.LogstashTcpSocketAppender[LOGSTASH] - Log destination 192.168.110.57/<unresolved>:4560: Waiting 24986ms before attempting reconnection.
23:53:36,154 |-WARN in net.logstash.logback.appender.LogstashTcpSocketAppender[LOGSTASH] - Log destination 192.168.110.57/<unresolved>:4560: Waiting 24990ms before attempting reconnection.
23:54:06,180 |-WARN in net.logstash.logback.appender.LogstashTcpSocketAppender[LOGSTASH] - Log destination 192.168.110.57/<unresolved>:4560: Waiting 24973ms before attempting reconnection.
23:54:36,175 |-WARN in net.logstash.logback.appender.LogstashTcpSocketAppender[LOGSTASH] - Log destination 192.168.110.57/<unresolved>:4560: Waiting 24988ms before attempting reconnection.
23:55:06,193 |-WARN in net.logstash.logback.appender.LogstashTcpSocketAppender[LOGSTASH] - Log destination 192.168.110.57/<unresolved>:4560: Waiting 24977ms before attempting reconnection.
23:55:36,212 |-WARN in net.logstash.logback.appender.LogstashTcpSocketAppender[LOGSTASH] - Log destination 192.168.110.57/<unresolved>:4560: Waiting 24972ms before attempting reconnection.
23:56:06,200 |-WARN in net.logstash.logback.appender.LogstashTcpSocketAppender[LOGSTASH] - Log destination 192.168.110.57/<unresolved>:4560: Waiting 24983ms before attempting reconnection.
23:56:36,217 |-WARN in net.logstash.logback.appender.LogstashTcpSocketAppender[LOGSTASH] - Log destination 192.168.110.57/<unresolved>:4560: Waiting 24976ms before attempting reconnection.
23:57:06,220 |-WARN in net.logstash.logback.appender.LogstashTcpSocketAppender[LOGSTASH] - Log destination 192.168.110.57/<unresolved>:4560: Waiting 24983ms before attempting reconnection.
23:57:36,230 |-WARN in net.logstash.logback.appender.LogstashTcpSocketAppender[LOGSTASH] - Log destination 192.168.110.57/<unresolved>:4560: Waiting 24984ms before attempting reconnection.
23:58:06,235 |-WARN in net.logstash.logback.appender.LogstashTcpSocketAppender[LOGSTASH] - Log destination 192.168.110.57/<unresolved>:4560: Waiting 24985ms before attempting reconnection.
23:58:36,242 |-WARN in net.logstash.logback.appender.LogstashTcpSocketAppender[LOGSTASH] - Log destination 192.168.110.57/<unresolved>:4560: Waiting 24988ms before attempting reconnection.
23:59:06,257 |-WARN in net.logstash.logback.appender.LogstashTcpSocketAppender[LOGSTASH] - Log destination 192.168.110.57/<unresolved>:4560: Waiting 24984ms before attempting reconnection.
23:59:36,260 |-WARN in net.logstash.logback.appender.LogstashTcpSocketAppender[LOGSTASH] - Log destination 192.168.110.57/<unresolved>:4560: Waiting 24984ms before attempting reconnection.
00:00:06,280 |-WARN in net.logstash.logback.appender.LogstashTcpSocketAppender[LOGSTASH] - Log destination 192.168.110.57/<unresolved>:4560: Waiting 24974ms before attempting reconnection.
00:00:36,277 |-WARN in net.logstash.logback.appender.LogstashTcpSocketAppender[LOGSTASH] - Log destination 192.168.110.57/<unresolved>:4560: Waiting 24987ms before attempting reconnection.
00:01:06,283 |-WARN in net.logstash.logback.appender.LogstashTcpSocketAppender[LOGSTASH] - Log destination 192.168.110.57/<unresolved>:4560: Waiting 24988ms before attempting reconnection.
00:01:36,294 |-WARN in net.logstash.logback.appender.LogstashTcpSocketAppender[LOGSTASH] - Log destination 192.168.110.57/<unresolved>:4560: Waiting 24984ms before attempting reconnection.
00:02:06,302 |-WARN in net.logstash.logback.appender.LogstashTcpSocketAppender[LOGSTASH] - Log destination 192.168.110.57/<unresolved>:4560: Waiting 24985ms before attempting reconnection.
00:02:36,299 |-WARN in net.logstash.logback.appender.LogstashTcpSocketAppender[LOGSTASH] - Log destination 192.168.110.57/<unresolved>:4560: Waiting 24992ms before attempting reconnection.
00:03:06,319 |-WARN in net.logstash.logback.appender.LogstashTcpSocketAppender[LOGSTASH] - Log destination 192.168.110.57/<unresolved>:4560: Waiting 24981ms before attempting reconnection.
00:03:36,319 |-WARN in net.logstash.logback.appender.LogstashTcpSocketAppender[LOGSTASH] - Log destination 192.168.110.57/<unresolved>:4560: Waiting 24989ms before attempting reconnection.
00:04:06,334 |-WARN in net.logstash.logback.appender.LogstashTcpSocketAppender[LOGSTASH] - Log destination 192.168.110.57/<unresolved>:4560: Waiting 24985ms before attempting reconnection.
00:04:36,344 |-WARN in net.logstash.logback.appender.LogstashTcpSocketAppender[LOGSTASH] - Log destination 192.168.110.57/<unresolved>:4560: Waiting 24983ms before attempting reconnection.
00:05:06,345 |-WARN in net.logstash.logback.appender.LogstashTcpSocketAppender[LOGSTASH] - Log destination 192.168.110.57/<unresolved>:4560: Waiting 24991ms before attempting reconnection.
00:05:36,359 |-WARN in net.logstash.logback.appender.LogstashTcpSocketAppender[LOGSTASH] - Log destination 192.168.110.57/<unresolved>:4560: Waiting 24985ms before attempting reconnection.
00:06:06,369 |-WARN in net.logstash.logback.appender.LogstashTcpSocketAppender[LOGSTASH] - Log destination 192.168.110.57/<unresolved>:4560: Waiting 24985ms before attempting reconnection.
00:06:36,390 |-WARN in net.logstash.logback.appender.LogstashTcpSocketAppender[LOGSTASH] - Log destination 192.168.110.57/<unresolved>:4560: Waiting 24975ms before attempting reconnection.
00:07:06,391 |-WARN in net.logstash.logback.appender.LogstashTcpSocketAppender[LOGSTASH] - Log destination 192.168.110.57/<unresolved>:4560: Waiting 24984ms before attempting reconnection.
00:07:36,396 |-WARN in net.logstash.logback.appender.LogstashTcpSocketAppender[LOGSTASH] - Log destination 192.168.110.57/<unresolved>:4560: Waiting 24989ms before attempting reconnection.
00:08:06,405 |-WARN in net.logstash.logback.appender.LogstashTcpSocketAppender[LOGSTASH] - Log destination 192.168.110.57/<unresolved>:4560: Waiting 24990ms before attempting reconnection.
00:08:36,413 |-WARN in net.logstash.logback.appender.LogstashTcpSocketAppender[LOGSTASH] - Log destination 192.168.110.57/<unresolved>:4560: Waiting 24990ms before attempting reconnection.
00:09:06,421 |-WARN in net.logstash.logback.appender.LogstashTcpSocketAppender[LOGSTASH] - Log destination 192.168.110.57/<unresolved>:4560: Waiting 24989ms before attempting reconnection.
00:09:36,429 |-WARN in net.logstash.logback.appender.LogstashTcpSocketAppender[LOGSTASH] - Log destination 192.168.110.57/<unresolved>:4560: Waiting 24989ms before attempting reconnection.
00:10:06,438 |-WARN in net.logstash.logback.appender.LogstashTcpSocketAppender[LOGSTASH] - Log destination 192.168.110.57/<unresolved>:4560: Waiting 24987ms before attempting reconnection.
00:10:36,450 |-WARN in net.logstash.logback.appender.LogstashTcpSocketAppender[LOGSTASH] - Log destination 192.168.110.57/<unresolved>:4560: Waiting 24982ms before attempting reconnection.
00:11:06,423 |-WARN in net.logstash.logback.appender.LogstashTcpSocketAppender[LOGSTASH] - Log destination 192.168.110.57/<unresolved>:4560: Waiting 24989ms before attempting reconnection.
00:11:36,420 |-WARN in net.logstash.logback.appender.LogstashTcpSocketAppender[LOGSTASH] - Log destination 192.168.110.57/<unresolved>:4560: Waiting 24986ms before attempting reconnection.
00:12:06,427 |-WARN in net.logstash.logback.appender.LogstashTcpSocketAppender[LOGSTASH] - Log destination 192.168.110.57/<unresolved>:4560: Waiting 24987ms before attempting reconnection.
00:12:36,437 |-WARN in net.logstash.logback.appender.LogstashTcpSocketAppender[LOGSTASH] - Log destination 192.168.110.57/<unresolved>:4560: Waiting 24986ms before attempting reconnection.
00:13:06,439 |-WARN in net.logstash.logback.appender.LogstashTcpSocketAppender[LOGSTASH] - Log destination 192.168.110.57/<unresolved>:4560: Waiting 24985ms before attempting reconnection.
00:13:36,449 |-WARN in net.logstash.logback.appender.LogstashTcpSocketAppender[LOGSTASH] - Log destination 192.168.110.57/<unresolved>:4560: Waiting 24985ms before attempting reconnection.
00:14:06,448 |-WARN in net.logstash.logback.appender.LogstashTcpSocketAppender[LOGSTASH] - Log destination 192.168.110.57/<unresolved>:4560: Waiting 24987ms before attempting reconnection.
00:14:36,454 |-WARN in net.logstash.logback.appender.LogstashTcpSocketAppender[LOGSTASH] - Log destination 192.168.110.57/<unresolved>:4560: Waiting 24987ms before attempting reconnection.
00:15:06,467 |-WARN in net.logstash.logback.appender.LogstashTcpSocketAppender[LOGSTASH] - Log destination 192.168.110.57/<unresolved>:4560: Waiting 24979ms before attempting reconnection.
00:15:36,470 |-WARN in net.logstash.logback.appender.LogstashTcpSocketAppender[LOGSTASH] - Log destination 192.168.110.57/<unresolved>:4560: Waiting 24980ms before attempting reconnection.
00:16:06,469 |-WARN in net.logstash.logback.appender.LogstashTcpSocketAppender[LOGSTASH] - Log destination 192.168.110.57/<unresolved>:4560: Waiting 24989ms before attempting reconnection.
00:16:36,482 |-WARN in net.logstash.logback.appender.LogstashTcpSocketAppender[LOGSTASH] - Log destination 192.168.110.57/<unresolved>:4560: Waiting 24986ms before attempting reconnection.
00:17:06,479 |-WARN in net.logstash.logback.appender.LogstashTcpSocketAppender[LOGSTASH] - Log destination 192.168.110.57/<unresolved>:4560: Waiting 24991ms before attempting reconnection.
00:17:36,491 |-WARN in net.logstash.logback.appender.LogstashTcpSocketAppender[LOGSTASH] - Log destination 192.168.110.57/<unresolved>:4560: Waiting 24990ms before attempting reconnection.
00:18:06,501 |-WARN in net.logstash.logback.appender.LogstashTcpSocketAppender[LOGSTASH] - Log destination 192.168.110.57/<unresolved>:4560: Waiting 24988ms before attempting reconnection.
00:18:36,508 |-WARN in net.logstash.logback.appender.LogstashTcpSocketAppender[LOGSTASH] - Log destination 192.168.110.57/<unresolved>:4560: Waiting 24988ms before attempting reconnection.
00:19:06,519 |-WARN in net.logstash.logback.appender.LogstashTcpSocketAppender[LOGSTASH] - Log destination 192.168.110.57/<unresolved>:4560: Waiting 24986ms before attempting reconnection.
00:19:36,529 |-WARN in net.logstash.logback.appender.LogstashTcpSocketAppender[LOGSTASH] - Log destination 192.168.110.57/<unresolved>:4560: Waiting 24985ms before attempting reconnection.
00:20:06,530 |-WARN in net.logstash.logback.appender.LogstashTcpSocketAppender[LOGSTASH] - Log destination 192.168.110.57/<unresolved>:4560: Waiting 24986ms before attempting reconnection.
00:20:36,540 |-WARN in net.logstash.logback.appender.LogstashTcpSocketAppender[LOGSTASH] - Log destination 192.168.110.57/<unresolved>:4560: Waiting 24984ms before attempting reconnection.
00:21:06,547 |-WARN in net.logstash.logback.appender.LogstashTcpSocketAppender[LOGSTASH] - Log destination 192.168.110.57/<unresolved>:4560: Waiting 24983ms before attempting reconnection.
00:21:36,556 |-WARN in net.logstash.logback.appender.LogstashTcpSocketAppender[LOGSTASH] - Log destination 192.168.110.57/<unresolved>:4560: Waiting 24985ms before attempting reconnection.
00:22:06,567 |-WARN in net.logstash.logback.appender.LogstashTcpSocketAppender[LOGSTASH] - Log destination 192.168.110.57/<unresolved>:4560: Waiting 24985ms before attempting reconnection.
00:22:36,576 |-WARN in net.logstash.logback.appender.LogstashTcpSocketAppender[LOGSTASH] - Log destination 192.168.110.57/<unresolved>:4560: Waiting 24986ms before attempting reconnection.
00:23:06,578 |-WARN in net.logstash.logback.appender.LogstashTcpSocketAppender[LOGSTASH] - Log destination 192.168.110.57/<unresolved>:4560: Waiting 24989ms before attempting reconnection.
00:23:36,596 |-WARN in net.logstash.logback.appender.LogstashTcpSocketAppender[LOGSTASH] - Log destination 192.168.110.57/<unresolved>:4560: Waiting 24982ms before attempting reconnection.
00:24:06,592 |-WARN in net.logstash.logback.appender.LogstashTcpSocketAppender[LOGSTASH] - Log destination 192.168.110.57/<unresolved>:4560: Waiting 24989ms before attempting reconnection.
00:24:36,609 |-WARN in net.logstash.logback.appender.LogstashTcpSocketAppender[LOGSTASH] - Log destination 192.168.110.57/<unresolved>:4560: Waiting 24982ms before attempting reconnection.
00:25:06,617 |-WARN in net.logstash.logback.appender.LogstashTcpSocketAppender[LOGSTASH] - Log destination 192.168.110.57/<unresolved>:4560: Waiting 24985ms before attempting reconnection.
00:25:36,628 |-WARN in net.logstash.logback.appender.LogstashTcpSocketAppender[LOGSTASH] - Log destination 192.168.110.57/<unresolved>:4560: Waiting 24985ms before attempting reconnection.
00:26:06,643 |-WARN in net.logstash.logback.appender.LogstashTcpSocketAppender[LOGSTASH] - Log destination 192.168.110.57/<unresolved>:4560: Waiting 24979ms before attempting reconnection.
00:26:36,655 |-WARN in net.logstash.logback.appender.LogstashTcpSocketAppender[LOGSTASH] - Log destination 192.168.110.57/<unresolved>:4560: Waiting 24972ms before attempting reconnection.
00:27:06,643 |-WARN in net.logstash.logback.appender.LogstashTcpSocketAppender[LOGSTASH] - Log destination 192.168.110.57/<unresolved>:4560: Waiting 24986ms before attempting reconnection.
00:27:36,656 |-WARN in net.logstash.logback.appender.LogstashTcpSocketAppender[LOGSTASH] - Log destination 192.168.110.57/<unresolved>:4560: Waiting 24983ms before attempting reconnection.
00:28:06,664 |-WARN in net.logstash.logback.appender.LogstashTcpSocketAppender[LOGSTASH] - Log destination 192.168.110.57/<unresolved>:4560: Waiting 24984ms before attempting reconnection.
00:28:36,669 |-WARN in net.logstash.logback.appender.LogstashTcpSocketAppender[LOGSTASH] - Log destination 192.168.110.57/<unresolved>:4560: Waiting 24984ms before attempting reconnection.
00:29:06,673 |-WARN in net.logstash.logback.appender.LogstashTcpSocketAppender[LOGSTASH] - Log destination 192.168.110.57/<unresolved>:4560: Waiting 24989ms before attempting reconnection.
00:29:36,684 |-WARN in net.logstash.logback.appender.LogstashTcpSocketAppender[LOGSTASH] - Log destination 192.168.110.57/<unresolved>:4560: Waiting 24987ms before attempting reconnection.
00:30:06,695 |-WARN in net.logstash.logback.appender.LogstashTcpSocketAppender[LOGSTASH] - Log destination 192.168.110.57/<unresolved>:4560: Waiting 24983ms before attempting reconnection.
00:30:36,695 |-WARN in net.logstash.logback.appender.LogstashTcpSocketAppender[LOGSTASH] - Log destination 192.168.110.57/<unresolved>:4560: Waiting 24989ms before attempting reconnection.
00:31:06,711 |-WARN in net.logstash.logback.appender.LogstashTcpSocketAppender[LOGSTASH] - Log destination 192.168.110.57/<unresolved>:4560: Waiting 24984ms before attempting reconnection.
00:31:36,711 |-WARN in net.logstash.logback.appender.LogstashTcpSocketAppender[LOGSTASH] - Log destination 192.168.110.57/<unresolved>:4560: Waiting 24989ms before attempting reconnection.
00:32:06,735 |-WARN in net.logstash.logback.appender.LogstashTcpSocketAppender[LOGSTASH] - Log destination 192.168.110.57/<unresolved>:4560: Waiting 24972ms before attempting reconnection.
00:32:36,729 |-WARN in net.logstash.logback.appender.LogstashTcpSocketAppender[LOGSTASH] - Log destination 192.168.110.57/<unresolved>:4560: Waiting 24988ms before attempting reconnection.
00:33:06,740 |-WARN in net.logstash.logback.appender.LogstashTcpSocketAppender[LOGSTASH] - Log destination 192.168.110.57/<unresolved>:4560: Waiting 24986ms before attempting reconnection.
00:33:36,747 |-WARN in net.logstash.logback.appender.LogstashTcpSocketAppender[LOGSTASH] - Log destination 192.168.110.57/<unresolved>:4560: Waiting 24986ms before attempting reconnection.
00:34:06,755 |-WARN in net.logstash.logback.appender.LogstashTcpSocketAppender[LOGSTASH] - Log destination 192.168.110.57/<unresolved>:4560: Waiting 24984ms before attempting reconnection.
00:34:36,757 |-WARN in net.logstash.logback.appender.LogstashTcpSocketAppender[LOGSTASH] - Log destination 192.168.110.57/<unresolved>:4560: Waiting 24984ms before attempting reconnection.
00:35:06,765 |-WARN in net.logstash.logback.appender.LogstashTcpSocketAppender[LOGSTASH] - Log destination 192.168.110.57/<unresolved>:4560: Waiting 24987ms before attempting reconnection.
00:35:36,772 |-WARN in net.logstash.logback.appender.LogstashTcpSocketAppender[LOGSTASH] - Log destination 192.168.110.57/<unresolved>:4560: Waiting 24985ms before attempting reconnection.
00:36:06,775 |-WARN in net.logstash.logback.appender.LogstashTcpSocketAppender[LOGSTASH] - Log destination 192.168.110.57/<unresolved>:4560: Waiting 24986ms before attempting reconnection.
00:36:36,791 |-WARN in net.logstash.logback.appender.LogstashTcpSocketAppender[LOGSTASH] - Log destination 192.168.110.57/<unresolved>:4560: Waiting 24979ms before attempting reconnection.
00:37:06,788 |-WARN in net.logstash.logback.appender.LogstashTcpSocketAppender[LOGSTASH] - Log destination 192.168.110.57/<unresolved>:4560: Waiting 24987ms before attempting reconnection.
00:37:36,793 |-WARN in net.logstash.logback.appender.LogstashTcpSocketAppender[LOGSTASH] - Log destination 192.168.110.57/<unresolved>:4560: Waiting 24986ms before attempting reconnection.
00:38:06,796 |-WARN in net.logstash.logback.appender.LogstashTcpSocketAppender[LOGSTASH] - Log destination 192.168.110.57/<unresolved>:4560: Waiting 24987ms before attempting reconnection.
00:38:36,800 |-WARN in net.logstash.logback.appender.LogstashTcpSocketAppender[LOGSTASH] - Log destination 192.168.110.57/<unresolved>:4560: Waiting 24990ms before attempting reconnection.
00:39:06,814 |-WARN in net.logstash.logback.appender.LogstashTcpSocketAppender[LOGSTASH] - Log destination 192.168.110.57/<unresolved>:4560: Waiting 24985ms before attempting reconnection.
00:39:36,824 |-WARN in net.logstash.logback.appender.LogstashTcpSocketAppender[LOGSTASH] - Log destination 192.168.110.57/<unresolved>:4560: Waiting 24986ms before attempting reconnection.
00:40:06,832 |-WARN in net.logstash.logback.appender.LogstashTcpSocketAppender[LOGSTASH] - Log destination 192.168.110.57/<unresolved>:4560: Waiting 24988ms before attempting reconnection.
00:40:36,845 |-WARN in net.logstash.logback.appender.LogstashTcpSocketAppender[LOGSTASH] - Log destination 192.168.110.57/<unresolved>:4560: Waiting 24987ms before attempting reconnection.
00:41:06,840 |-WARN in net.logstash.logback.appender.LogstashTcpSocketAppender[LOGSTASH] - Log destination 192.168.110.57/<unresolved>:4560: Waiting 24985ms before attempting reconnection.
00:41:36,852 |-WARN in net.logstash.logback.appender.LogstashTcpSocketAppender[LOGSTASH] - Log destination 192.168.110.57/<unresolved>:4560: Waiting 24985ms before attempting reconnection.
00:42:06,856 |-WARN in net.logstash.logback.appender.LogstashTcpSocketAppender[LOGSTASH] - Log destination 192.168.110.57/<unresolved>:4560: Waiting 24986ms before attempting reconnection.
00:42:36,864 |-WARN in net.logstash.logback.appender.LogstashTcpSocketAppender[LOGSTASH] - Log destination 192.168.110.57/<unresolved>:4560: Waiting 24986ms before attempting reconnection.
00:43:06,875 |-WARN in net.logstash.logback.appender.LogstashTcpSocketAppender[LOGSTASH] - Log destination 192.168.110.57/<unresolved>:4560: Waiting 24983ms before attempting reconnection.
00:43:36,879 |-WARN in net.logstash.logback.appender.LogstashTcpSocketAppender[LOGSTASH] - Log destination 192.168.110.57/<unresolved>:4560: Waiting 24988ms before attempting reconnection.
00:44:06,896 |-WARN in net.logstash.logback.appender.LogstashTcpSocketAppender[LOGSTASH] - Log destination 192.168.110.57/<unresolved>:4560: Waiting 24980ms before attempting reconnection.
00:44:36,892 |-WARN in net.logstash.logback.appender.LogstashTcpSocketAppender[LOGSTASH] - Log destination 192.168.110.57/<unresolved>:4560: Waiting 24988ms before attempting reconnection.
00:45:06,899 |-WARN in net.logstash.logback.appender.LogstashTcpSocketAppender[LOGSTASH] - Log destination 192.168.110.57/<unresolved>:4560: Waiting 24985ms before attempting reconnection.
00:45:36,914 |-WARN in net.logstash.logback.appender.LogstashTcpSocketAppender[LOGSTASH] - Log destination 192.168.110.57/<unresolved>:4560: Waiting 24979ms before attempting reconnection.
00:46:06,935 |-WARN in net.logstash.logback.appender.LogstashTcpSocketAppender[LOGSTASH] - Log destination 192.168.110.57/<unresolved>:4560: Waiting 24967ms before attempting reconnection.
00:46:36,926 |-WARN in net.logstash.logback.appender.LogstashTcpSocketAppender[LOGSTASH] - Log destination 192.168.110.57/<unresolved>:4560: Waiting 24979ms before attempting reconnection.
00:47:06,925 |-WARN in net.logstash.logback.appender.LogstashTcpSocketAppender[LOGSTASH] - Log destination 192.168.110.57/<unresolved>:4560: Waiting 24988ms before attempting reconnection.
00:47:36,934 |-WARN in net.logstash.logback.appender.LogstashTcpSocketAppender[LOGSTASH] - Log destination 192.168.110.57/<unresolved>:4560: Waiting 24986ms before attempting reconnection.
00:48:06,951 |-WARN in net.logstash.logback.appender.LogstashTcpSocketAppender[LOGSTASH] - Log destination 192.168.110.57/<unresolved>:4560: Waiting 24970ms before attempting reconnection.
00:48:36,935 |-WARN in net.logstash.logback.appender.LogstashTcpSocketAppender[LOGSTASH] - Log destination 192.168.110.57/<unresolved>:4560: Waiting 24988ms before attempting reconnection.
00:49:06,949 |-WARN in net.logstash.logback.appender.LogstashTcpSocketAppender[LOGSTASH] - Log destination 192.168.110.57/<unresolved>:4560: Waiting 24985ms before attempting reconnection.
00:49:36,952 |-WARN in net.logstash.logback.appender.LogstashTcpSocketAppender[LOGSTASH] - Log destination 192.168.110.57/<unresolved>:4560: Waiting 24986ms before attempting reconnection.
00:50:06,969 |-WARN in net.logstash.logback.appender.LogstashTcpSocketAppender[LOGSTASH] - Log destination 192.168.110.57/<unresolved>:4560: Waiting 24977ms before attempting reconnection.
00:50:36,968 |-WARN in net.logstash.logback.appender.LogstashTcpSocketAppender[LOGSTASH] - Log destination 192.168.110.57/<unresolved>:4560: Waiting 24989ms before attempting reconnection.
00:51:06,981 |-WARN in net.logstash.logback.appender.LogstashTcpSocketAppender[LOGSTASH] - Log destination 192.168.110.57/<unresolved>:4560: Waiting 24986ms before attempting reconnection.
00:51:36,986 |-WARN in net.logstash.logback.appender.LogstashTcpSocketAppender[LOGSTASH] - Log destination 192.168.110.57/<unresolved>:4560: Waiting 24986ms before attempting reconnection.
00:52:06,999 |-WARN in net.logstash.logback.appender.LogstashTcpSocketAppender[LOGSTASH] - Log destination 192.168.110.57/<unresolved>:4560: Waiting 24978ms before attempting reconnection.
00:52:36,992 |-WARN in net.logstash.logback.appender.LogstashTcpSocketAppender[LOGSTASH] - Log destination 192.168.110.57/<unresolved>:4560: Waiting 24988ms before attempting reconnection.
00:53:06,995 |-WARN in net.logstash.logback.appender.LogstashTcpSocketAppender[LOGSTASH] - Log destination 192.168.110.57/<unresolved>:4560: Waiting 24989ms before attempting reconnection.
00:53:37,003 |-WARN in net.logstash.logback.appender.LogstashTcpSocketAppender[LOGSTASH] - Log destination 192.168.110.57/<unresolved>:4560: Waiting 24990ms before attempting reconnection.
00:54:07,015 |-WARN in net.logstash.logback.appender.LogstashTcpSocketAppender[LOGSTASH] - Log destination 192.168.110.57/<unresolved>:4560: Waiting 24986ms before attempting reconnection.
00:54:37,027 |-WARN in net.logstash.logback.appender.LogstashTcpSocketAppender[LOGSTASH] - Log destination 192.168.110.57/<unresolved>:4560: Waiting 24985ms before attempting reconnection.
00:55:07,036 |-WARN in net.logstash.logback.appender.LogstashTcpSocketAppender[LOGSTASH] - Log destination 192.168.110.57/<unresolved>:4560: Waiting 24986ms before attempting reconnection.
00:55:37,048 |-WARN in net.logstash.logback.appender.LogstashTcpSocketAppender[LOGSTASH] - Log destination 192.168.110.57/<unresolved>:4560: Waiting 24984ms before attempting reconnection.
00:56:07,061 |-WARN in net.logstash.logback.appender.LogstashTcpSocketAppender[LOGSTASH] - Log destination 192.168.110.57/<unresolved>:4560: Waiting 24984ms before attempting reconnection.
00:56:37,076 |-WARN in net.logstash.logback.appender.LogstashTcpSocketAppender[LOGSTASH] - Log destination 192.168.110.57/<unresolved>:4560: Waiting 24973ms before attempting reconnection.
00:57:07,074 |-WARN in net.logstash.logback.appender.LogstashTcpSocketAppender[LOGSTASH] - Log destination 192.168.110.57/<unresolved>:4560: Waiting 24986ms before attempting reconnection.
00:57:37,093 |-WARN in net.logstash.logback.appender.LogstashTcpSocketAppender[LOGSTASH] - Log destination 192.168.110.57/<unresolved>:4560: Waiting 24974ms before attempting reconnection.
00:58:07,096 |-WARN in net.logstash.logback.appender.LogstashTcpSocketAppender[LOGSTASH] - Log destination 192.168.110.57/<unresolved>:4560: Waiting 24981ms before attempting reconnection.
00:58:37,096 |-WARN in net.logstash.logback.appender.LogstashTcpSocketAppender[LOGSTASH] - Log destination 192.168.110.57/<unresolved>:4560: Waiting 24985ms before attempting reconnection.
00:59:07,107 |-WARN in net.logstash.logback.appender.LogstashTcpSocketAppender[LOGSTASH] - Log destination 192.168.110.57/<unresolved>:4560: Waiting 24982ms before attempting reconnection.
00:59:37,107 |-WARN in net.logstash.logback.appender.LogstashTcpSocketAppender[LOGSTASH] - Log destination 192.168.110.57/<unresolved>:4560: Waiting 24985ms before attempting reconnection.
01:00:07,129 |-WARN in net.logstash.logback.appender.LogstashTcpSocketAppender[LOGSTASH] - Log destination 192.168.110.57/<unresolved>:4560: Waiting 24972ms before attempting reconnection.
01:00:37,146 |-WARN in net.logstash.logback.appender.LogstashTcpSocketAppender[LOGSTASH] - Log destination 192.168.110.57/<unresolved>:4560: Waiting 24964ms before attempting reconnection.
01:01:07,141 |-WARN in net.logstash.logback.appender.LogstashTcpSocketAppender[LOGSTASH] - Log destination 192.168.110.57/<unresolved>:4560: Waiting 24977ms before attempting reconnection.
01:01:37,141 |-WARN in net.logstash.logback.appender.LogstashTcpSocketAppender[LOGSTASH] - Log destination 192.168.110.57/<unresolved>:4560: Waiting 24987ms before attempting reconnection.
01:02:07,142 |-WARN in net.logstash.logback.appender.LogstashTcpSocketAppender[LOGSTASH] - Log destination 192.168.110.57/<unresolved>:4560: Waiting 24989ms before attempting reconnection.
01:02:37,154 |-WARN in net.logstash.logback.appender.LogstashTcpSocketAppender[LOGSTASH] - Log destination 192.168.110.57/<unresolved>:4560: Waiting 24986ms before attempting reconnection.
01:03:07,163 |-WARN in net.logstash.logback.appender.LogstashTcpSocketAppender[LOGSTASH] - Log destination 192.168.110.57/<unresolved>:4560: Waiting 24985ms before attempting reconnection.
01:03:37,165 |-WARN in net.logstash.logback.appender.LogstashTcpSocketAppender[LOGSTASH] - Log destination 192.168.110.57/<unresolved>:4560: Waiting 24992ms before attempting reconnection.
01:04:07,182 |-WARN in net.logstash.logback.appender.LogstashTcpSocketAppender[LOGSTASH] - Log destination 192.168.110.57/<unresolved>:4560: Waiting 24984ms before attempting reconnection.
01:04:37,187 |-WARN in net.logstash.logback.appender.LogstashTcpSocketAppender[LOGSTASH] - Log destination 192.168.110.57/<unresolved>:4560: Waiting 24986ms before attempting reconnection.
01:05:07,191 |-WARN in net.logstash.logback.appender.LogstashTcpSocketAppender[LOGSTASH] - Log destination 192.168.110.57/<unresolved>:4560: Waiting 24991ms before attempting reconnection.
01:05:37,208 |-WARN in net.logstash.logback.appender.LogstashTcpSocketAppender[LOGSTASH] - Log destination 192.168.110.57/<unresolved>:4560: Waiting 24984ms before attempting reconnection.
01:06:07,211 |-WARN in net.logstash.logback.appender.LogstashTcpSocketAppender[LOGSTASH] - Log destination 192.168.110.57/<unresolved>:4560: Waiting 24985ms before attempting reconnection.
01:06:37,226 |-WARN in net.logstash.logback.appender.LogstashTcpSocketAppender[LOGSTASH] - Log destination 192.168.110.57/<unresolved>:4560: Waiting 24979ms before attempting reconnection.
01:07:07,222 |-WARN in net.logstash.logback.appender.LogstashTcpSocketAppender[LOGSTASH] - Log destination 192.168.110.57/<unresolved>:4560: Waiting 24985ms before attempting reconnection.
01:07:37,233 |-WARN in net.logstash.logback.appender.LogstashTcpSocketAppender[LOGSTASH] - Log destination 192.168.110.57/<unresolved>:4560: Waiting 24985ms before attempting reconnection.
01:08:07,240 |-WARN in net.logstash.logback.appender.LogstashTcpSocketAppender[LOGSTASH] - Log destination 192.168.110.57/<unresolved>:4560: Waiting 24983ms before attempting reconnection.
01:08:37,247 |-WARN in net.logstash.logback.appender.LogstashTcpSocketAppender[LOGSTASH] - Log destination 192.168.110.57/<unresolved>:4560: Waiting 24985ms before attempting reconnection.
01:09:07,256 |-WARN in net.logstash.logback.appender.LogstashTcpSocketAppender[LOGSTASH] - Log destination 192.168.110.57/<unresolved>:4560: Waiting 24985ms before attempting reconnection.
01:09:37,268 |-WARN in net.logstash.logback.appender.LogstashTcpSocketAppender[LOGSTASH] - Log destination 192.168.110.57/<unresolved>:4560: Waiting 24984ms before attempting reconnection.
01:10:07,275 |-WARN in net.logstash.logback.appender.LogstashTcpSocketAppender[LOGSTASH] - Log destination 192.168.110.57/<unresolved>:4560: Waiting 24986ms before attempting reconnection.
01:10:37,296 |-WARN in net.logstash.logback.appender.LogstashTcpSocketAppender[LOGSTASH] - Log destination 192.168.110.57/<unresolved>:4560: Waiting 24976ms before attempting reconnection.
01:11:07,286 |-WARN in net.logstash.logback.appender.LogstashTcpSocketAppender[LOGSTASH] - Log destination 192.168.110.57/<unresolved>:4560: Waiting 24989ms before attempting reconnection.
01:11:37,287 |-WARN in net.logstash.logback.appender.LogstashTcpSocketAppender[LOGSTASH] - Log destination 192.168.110.57/<unresolved>:4560: Waiting 24986ms before attempting reconnection.
01:12:07,289 |-WARN in net.logstash.logback.appender.LogstashTcpSocketAppender[LOGSTASH] - Log destination 192.168.110.57/<unresolved>:4560: Waiting 24986ms before attempting reconnection.
01:12:37,314 |-WARN in net.logstash.logback.appender.LogstashTcpSocketAppender[LOGSTASH] - Log destination 192.168.110.57/<unresolved>:4560: Waiting 24967ms before attempting reconnection.
01:13:07,304 |-WARN in net.logstash.logback.appender.LogstashTcpSocketAppender[LOGSTASH] - Log destination 192.168.110.57/<unresolved>:4560: Waiting 24986ms before attempting reconnection.
01:13:37,309 |-WARN in net.logstash.logback.appender.LogstashTcpSocketAppender[LOGSTASH] - Log destination 192.168.110.57/<unresolved>:4560: Waiting 24990ms before attempting reconnection.
01:14:07,315 |-WARN in net.logstash.logback.appender.LogstashTcpSocketAppender[LOGSTASH] - Log destination 192.168.110.57/<unresolved>:4560: Waiting 24990ms before attempting reconnection.
01:14:37,327 |-WARN in net.logstash.logback.appender.LogstashTcpSocketAppender[LOGSTASH] - Log destination 192.168.110.57/<unresolved>:4560: Waiting 24987ms before attempting reconnection.
01:15:07,333 |-WARN in net.logstash.logback.appender.LogstashTcpSocketAppender[LOGSTASH] - Log destination 192.168.110.57/<unresolved>:4560: Waiting 24990ms before attempting reconnection.
01:15:37,342 |-WARN in net.logstash.logback.appender.LogstashTcpSocketAppender[LOGSTASH] - Log destination 192.168.110.57/<unresolved>:4560: Waiting 24983ms before attempting reconnection.
01:16:07,345 |-WARN in net.logstash.logback.appender.LogstashTcpSocketAppender[LOGSTASH] - Log destination 192.168.110.57/<unresolved>:4560: Waiting 24991ms before attempting reconnection.
01:16:37,371 |-WARN in net.logstash.logback.appender.LogstashTcpSocketAppender[LOGSTASH] - Log destination 192.168.110.57/<unresolved>:4560: Waiting 24970ms before attempting reconnection.
01:17:07,359 |-WARN in net.logstash.logback.appender.LogstashTcpSocketAppender[LOGSTASH] - Log destination 192.168.110.57/<unresolved>:4560: Waiting 24985ms before attempting reconnection.
01:17:37,369 |-WARN in net.logstash.logback.appender.LogstashTcpSocketAppender[LOGSTASH] - Log destination 192.168.110.57/<unresolved>:4560: Waiting 24985ms before attempting reconnection.
01:18:07,375 |-WARN in net.logstash.logback.appender.LogstashTcpSocketAppender[LOGSTASH] - Log destination 192.168.110.57/<unresolved>:4560: Waiting 24988ms before attempting reconnection.
01:18:37,384 |-WARN in net.logstash.logback.appender.LogstashTcpSocketAppender[LOGSTASH] - Log destination 192.168.110.57/<unresolved>:4560: Waiting 24988ms before attempting reconnection.
01:19:07,394 |-WARN in net.logstash.logback.appender.LogstashTcpSocketAppender[LOGSTASH] - Log destination 192.168.110.57/<unresolved>:4560: Waiting 24984ms before attempting reconnection.
01:19:37,391 |-WARN in net.logstash.logback.appender.LogstashTcpSocketAppender[LOGSTASH] - Log destination 192.168.110.57/<unresolved>:4560: Waiting 24987ms before attempting reconnection.
01:20:07,399 |-WARN in net.logstash.logback.appender.LogstashTcpSocketAppender[LOGSTASH] - Log destination 192.168.110.57/<unresolved>:4560: Waiting 24985ms before attempting reconnection.
01:20:37,406 |-WARN in net.logstash.logback.appender.LogstashTcpSocketAppender[LOGSTASH] - Log destination 192.168.110.57/<unresolved>:4560: Waiting 24989ms before attempting reconnection.
01:21:07,416 |-WARN in net.logstash.logback.appender.LogstashTcpSocketAppender[LOGSTASH] - Log destination 192.168.110.57/<unresolved>:4560: Waiting 24990ms before attempting reconnection.
01:21:37,423 |-WARN in net.logstash.logback.appender.LogstashTcpSocketAppender[LOGSTASH] - Log destination 192.168.110.57/<unresolved>:4560: Waiting 24991ms before attempting reconnection.
01:22:07,438 |-WARN in net.logstash.logback.appender.LogstashTcpSocketAppender[LOGSTASH] - Log destination 192.168.110.57/<unresolved>:4560: Waiting 24986ms before attempting reconnection.
01:22:37,439 |-WARN in net.logstash.logback.appender.LogstashTcpSocketAppender[LOGSTASH] - Log destination 192.168.110.57/<unresolved>:4560: Waiting 24989ms before attempting reconnection.
01:23:07,451 |-WARN in net.logstash.logback.appender.LogstashTcpSocketAppender[LOGSTASH] - Log destination 192.168.110.57/<unresolved>:4560: Waiting 24983ms before attempting reconnection.
01:23:37,457 |-WARN in net.logstash.logback.appender.LogstashTcpSocketAppender[LOGSTASH] - Log destination 192.168.110.57/<unresolved>:4560: Waiting 24985ms before attempting reconnection.
01:24:07,471 |-WARN in net.logstash.logback.appender.LogstashTcpSocketAppender[LOGSTASH] - Log destination 192.168.110.57/<unresolved>:4560: Waiting 24979ms before attempting reconnection.
01:24:37,472 |-WARN in net.logstash.logback.appender.LogstashTcpSocketAppender[LOGSTASH] - Log destination 192.168.110.57/<unresolved>:4560: Waiting 24987ms before attempting reconnection.
01:25:07,482 |-WARN in net.logstash.logback.appender.LogstashTcpSocketAppender[LOGSTASH] - Log destination 192.168.110.57/<unresolved>:4560: Waiting 24983ms before attempting reconnection.
01:25:37,488 |-WARN in net.logstash.logback.appender.LogstashTcpSocketAppender[LOGSTASH] - Log destination 192.168.110.57/<unresolved>:4560: Waiting 24981ms before attempting reconnection.
01:26:07,497 |-WARN in net.logstash.logback.appender.LogstashTcpSocketAppender[LOGSTASH] - Log destination 192.168.110.57/<unresolved>:4560: Waiting 24982ms before attempting reconnection.
01:26:37,513 |-WARN in net.logstash.logback.appender.LogstashTcpSocketAppender[LOGSTASH] - Log destination 192.168.110.57/<unresolved>:4560: Waiting 24977ms before attempting reconnection.
01:27:07,512 |-WARN in net.logstash.logback.appender.LogstashTcpSocketAppender[LOGSTASH] - Log destination 192.168.110.57/<unresolved>:4560: Waiting 24983ms before attempting reconnection.
01:27:37,522 |-WARN in net.logstash.logback.appender.LogstashTcpSocketAppender[LOGSTASH] - Log destination 192.168.110.57/<unresolved>:4560: Waiting 24983ms before attempting reconnection.
01:28:07,530 |-WARN in net.logstash.logback.appender.LogstashTcpSocketAppender[LOGSTASH] - Log destination 192.168.110.57/<unresolved>:4560: Waiting 24980ms before attempting reconnection.
01:28:37,525 |-WARN in net.logstash.logback.appender.LogstashTcpSocketAppender[LOGSTASH] - Log destination 192.168.110.57/<unresolved>:4560: Waiting 24987ms before attempting reconnection.
01:29:07,536 |-WARN in net.logstash.logback.appender.LogstashTcpSocketAppender[LOGSTASH] - Log destination 192.168.110.57/<unresolved>:4560: Waiting 24984ms before attempting reconnection.
01:29:37,543 |-WARN in net.logstash.logback.appender.LogstashTcpSocketAppender[LOGSTASH] - Log destination 192.168.110.57/<unresolved>:4560: Waiting 24982ms before attempting reconnection.
01:30:07,549 |-WARN in net.logstash.logback.appender.LogstashTcpSocketAppender[LOGSTASH] - Log destination 192.168.110.57/<unresolved>:4560: Waiting 24985ms before attempting reconnection.
01:30:37,553 |-WARN in net.logstash.logback.appender.LogstashTcpSocketAppender[LOGSTASH] - Log destination 192.168.110.57/<unresolved>:4560: Waiting 24989ms before attempting reconnection.
01:31:07,562 |-WARN in net.logstash.logback.appender.LogstashTcpSocketAppender[LOGSTASH] - Log destination 192.168.110.57/<unresolved>:4560: Waiting 24990ms before attempting reconnection.
01:31:37,586 |-WARN in net.logstash.logback.appender.LogstashTcpSocketAppender[LOGSTASH] - Log destination 192.168.110.57/<unresolved>:4560: Waiting 24974ms before attempting reconnection.
01:32:07,578 |-WARN in net.logstash.logback.appender.LogstashTcpSocketAppender[LOGSTASH] - Log destination 192.168.110.57/<unresolved>:4560: Waiting 24991ms before attempting reconnection.
01:32:37,587 |-WARN in net.logstash.logback.appender.LogstashTcpSocketAppender[LOGSTASH] - Log destination 192.168.110.57/<unresolved>:4560: Waiting 24985ms before attempting reconnection.
01:33:07,590 |-WARN in net.logstash.logback.appender.LogstashTcpSocketAppender[LOGSTASH] - Log destination 192.168.110.57/<unresolved>:4560: Waiting 24986ms before attempting reconnection.
01:33:37,596 |-WARN in net.logstash.logback.appender.LogstashTcpSocketAppender[LOGSTASH] - Log destination 192.168.110.57/<unresolved>:4560: Waiting 24987ms before attempting reconnection.
01:34:07,617 |-WARN in net.logstash.logback.appender.LogstashTcpSocketAppender[LOGSTASH] - Log destination 192.168.110.57/<unresolved>:4560: Waiting 24977ms before attempting reconnection.
01:34:37,619 |-WARN in net.logstash.logback.appender.LogstashTcpSocketAppender[LOGSTASH] - Log destination 192.168.110.57/<unresolved>:4560: Waiting 24984ms before attempting reconnection.
01:35:07,627 |-WARN in net.logstash.logback.appender.LogstashTcpSocketAppender[LOGSTASH] - Log destination 192.168.110.57/<unresolved>:4560: Waiting 24984ms before attempting reconnection.
01:35:37,638 |-WARN in net.logstash.logback.appender.LogstashTcpSocketAppender[LOGSTASH] - Log destination 192.168.110.57/<unresolved>:4560: Waiting 24984ms before attempting reconnection.
01:36:07,639 |-WARN in net.logstash.logback.appender.LogstashTcpSocketAppender[LOGSTASH] - Log destination 192.168.110.57/<unresolved>:4560: Waiting 24990ms before attempting reconnection.
01:36:37,662 |-WARN in net.logstash.logback.appender.LogstashTcpSocketAppender[LOGSTASH] - Log destination 192.168.110.57/<unresolved>:4560: Waiting 24975ms before attempting reconnection.
01:37:07,677 |-WARN in net.logstash.logback.appender.LogstashTcpSocketAppender[LOGSTASH] - Log destination 192.168.110.57/<unresolved>:4560: Waiting 24967ms before attempting reconnection.
01:37:37,653 |-WARN in net.logstash.logback.appender.LogstashTcpSocketAppender[LOGSTASH] - Log destination 192.168.110.57/<unresolved>:4560: Waiting 24991ms before attempting reconnection.
01:38:07,679 |-WARN in net.logstash.logback.appender.LogstashTcpSocketAppender[LOGSTASH] - Log destination 192.168.110.57/<unresolved>:4560: Waiting 24976ms before attempting reconnection.
01:38:37,677 |-WARN in net.logstash.logback.appender.LogstashTcpSocketAppender[LOGSTASH] - Log destination 192.168.110.57/<unresolved>:4560: Waiting 24982ms before attempting reconnection.
01:39:07,703 |-WARN in net.logstash.logback.appender.LogstashTcpSocketAppender[LOGSTASH] - Log destination 192.168.110.57/<unresolved>:4560: Waiting 24966ms before attempting reconnection.
01:39:37,700 |-WARN in net.logstash.logback.appender.LogstashTcpSocketAppender[LOGSTASH] - Log destination 192.168.110.57/<unresolved>:4560: Waiting 24979ms before attempting reconnection.
01:40:07,697 |-WARN in net.logstash.logback.appender.LogstashTcpSocketAppender[LOGSTASH] - Log destination 192.168.110.57/<unresolved>:4560: Waiting 24987ms before attempting reconnection.
01:40:37,700 |-WARN in net.logstash.logback.appender.LogstashTcpSocketAppender[LOGSTASH] - Log destination 192.168.110.57/<unresolved>:4560: Waiting 24988ms before attempting reconnection.
01:41:07,714 |-WARN in net.logstash.logback.appender.LogstashTcpSocketAppender[LOGSTASH] - Log destination 192.168.110.57/<unresolved>:4560: Waiting 24983ms before attempting reconnection.
01:41:37,701 |-WARN in net.logstash.logback.appender.LogstashTcpSocketAppender[LOGSTASH] - Log destination 192.168.110.57/<unresolved>:4560: Waiting 24986ms before attempting reconnection.
01:42:07,713 |-WARN in net.logstash.logback.appender.LogstashTcpSocketAppender[LOGSTASH] - Log destination 192.168.110.57/<unresolved>:4560: Waiting 24979ms before attempting reconnection.
01:42:37,709 |-WARN in net.logstash.logback.appender.LogstashTcpSocketAppender[LOGSTASH] - Log destination 192.168.110.57/<unresolved>:4560: Waiting 24990ms before attempting reconnection.
01:43:07,742 |-WARN in net.logstash.logback.appender.LogstashTcpSocketAppender[LOGSTASH] - Log destination 192.168.110.57/<unresolved>:4560: Waiting 24967ms before attempting reconnection.
01:43:37,733 |-WARN in net.logstash.logback.appender.LogstashTcpSocketAppender[LOGSTASH] - Log destination 192.168.110.57/<unresolved>:4560: Waiting 24983ms before attempting reconnection.
01:44:07,744 |-WARN in net.logstash.logback.appender.LogstashTcpSocketAppender[LOGSTASH] - Log destination 192.168.110.57/<unresolved>:4560: Waiting 24982ms before attempting reconnection.
01:44:37,741 |-WARN in net.logstash.logback.appender.LogstashTcpSocketAppender[LOGSTASH] - Log destination 192.168.110.57/<unresolved>:4560: Waiting 24989ms before attempting reconnection.
01:45:07,754 |-WARN in net.logstash.logback.appender.LogstashTcpSocketAppender[LOGSTASH] - Log destination 192.168.110.57/<unresolved>:4560: Waiting 24984ms before attempting reconnection.
01:45:37,764 |-WARN in net.logstash.logback.appender.LogstashTcpSocketAppender[LOGSTASH] - Log destination 192.168.110.57/<unresolved>:4560: Waiting 24981ms before attempting reconnection.
01:46:07,757 |-WARN in net.logstash.logback.appender.LogstashTcpSocketAppender[LOGSTASH] - Log destination 192.168.110.57/<unresolved>:4560: Waiting 24990ms before attempting reconnection.
01:46:37,781 |-WARN in net.logstash.logback.appender.LogstashTcpSocketAppender[LOGSTASH] - Log destination 192.168.110.57/<unresolved>:4560: Waiting 24975ms before attempting reconnection.
01:47:07,785 |-WARN in net.logstash.logback.appender.LogstashTcpSocketAppender[LOGSTASH] - Log destination 192.168.110.57/<unresolved>:4560: Waiting 24973ms before attempting reconnection.
01:47:37,777 |-WARN in net.logstash.logback.appender.LogstashTcpSocketAppender[LOGSTASH] - Log destination 192.168.110.57/<unresolved>:4560: Waiting 24988ms before attempting reconnection.
01:48:07,791 |-WARN in net.logstash.logback.appender.LogstashTcpSocketAppender[LOGSTASH] - Log destination 192.168.110.57/<unresolved>:4560: Waiting 24983ms before attempting reconnection.
01:48:37,794 |-WARN in net.logstash.logback.appender.LogstashTcpSocketAppender[LOGSTASH] - Log destination 192.168.110.57/<unresolved>:4560: Waiting 24988ms before attempting reconnection.
01:49:07,806 |-WARN in net.logstash.logback.appender.LogstashTcpSocketAppender[LOGSTASH] - Log destination 192.168.110.57/<unresolved>:4560: Waiting 24986ms before attempting reconnection.
01:49:37,827 |-WARN in net.logstash.logback.appender.LogstashTcpSocketAppender[LOGSTASH] - Log destination 192.168.110.57/<unresolved>:4560: Waiting 24974ms before attempting reconnection.
01:50:07,830 |-WARN in net.logstash.logback.appender.LogstashTcpSocketAppender[LOGSTASH] - Log destination 192.168.110.57/<unresolved>:4560: Waiting 24983ms before attempting reconnection.
01:50:37,837 |-WARN in net.logstash.logback.appender.LogstashTcpSocketAppender[LOGSTASH] - Log destination 192.168.110.57/<unresolved>:4560: Waiting 24985ms before attempting reconnection.
01:51:07,842 |-WARN in net.logstash.logback.appender.LogstashTcpSocketAppender[LOGSTASH] - Log destination 192.168.110.57/<unresolved>:4560: Waiting 24990ms before attempting reconnection.
01:51:37,865 |-WARN in net.logstash.logback.appender.LogstashTcpSocketAppender[LOGSTASH] - Log destination 192.168.110.57/<unresolved>:4560: Waiting 24976ms before attempting reconnection.
01:52:07,863 |-WARN in net.logstash.logback.appender.LogstashTcpSocketAppender[LOGSTASH] - Log destination 192.168.110.57/<unresolved>:4560: Waiting 24987ms before attempting reconnection.
01:52:37,863 |-WARN in net.logstash.logback.appender.LogstashTcpSocketAppender[LOGSTASH] - Log destination 192.168.110.57/<unresolved>:4560: Waiting 24990ms before attempting reconnection.
01:53:07,874 |-WARN in net.logstash.logback.appender.LogstashTcpSocketAppender[LOGSTASH] - Log destination 192.168.110.57/<unresolved>:4560: Waiting 24981ms before attempting reconnection.
01:53:37,879 |-WARN in net.logstash.logback.appender.LogstashTcpSocketAppender[LOGSTASH] - Log destination 192.168.110.57/<unresolved>:4560: Waiting 24985ms before attempting reconnection.
01:54:07,891 |-WARN in net.logstash.logback.appender.LogstashTcpSocketAppender[LOGSTASH] - Log destination 192.168.110.57/<unresolved>:4560: Waiting 24982ms before attempting reconnection.
01:54:37,893 |-WARN in net.logstash.logback.appender.LogstashTcpSocketAppender[LOGSTASH] - Log destination 192.168.110.57/<unresolved>:4560: Waiting 24986ms before attempting reconnection.
01:55:07,901 |-WARN in net.logstash.logback.appender.LogstashTcpSocketAppender[LOGSTASH] - Log destination 192.168.110.57/<unresolved>:4560: Waiting 24987ms before attempting reconnection.
01:55:37,912 |-WARN in net.logstash.logback.appender.LogstashTcpSocketAppender[LOGSTASH] - Log destination 192.168.110.57/<unresolved>:4560: Waiting 24986ms before attempting reconnection.
01:56:07,917 |-WARN in net.logstash.logback.appender.LogstashTcpSocketAppender[LOGSTASH] - Log destination 192.168.110.57/<unresolved>:4560: Waiting 24986ms before attempting reconnection.
01:56:37,942 |-WARN in net.logstash.logback.appender.LogstashTcpSocketAppender[LOGSTASH] - Log destination 192.168.110.57/<unresolved>:4560: Waiting 24982ms before attempting reconnection.
01:57:07,956 |-WARN in net.logstash.logback.appender.LogstashTcpSocketAppender[LOGSTASH] - Log destination 192.168.110.57/<unresolved>:4560: Waiting 24979ms before attempting reconnection.
01:57:37,953 |-WARN in net.logstash.logback.appender.LogstashTcpSocketAppender[LOGSTASH] - Log destination 192.168.110.57/<unresolved>:4560: Waiting 24987ms before attempting reconnection.
01:58:07,968 |-WARN in net.logstash.logback.appender.LogstashTcpSocketAppender[LOGSTASH] - Log destination 192.168.110.57/<unresolved>:4560: Waiting 24981ms before attempting reconnection.
01:58:37,974 |-WARN in net.logstash.logback.appender.LogstashTcpSocketAppender[LOGSTASH] - Log destination 192.168.110.57/<unresolved>:4560: Waiting 24984ms before attempting reconnection.
01:59:07,978 |-WARN in net.logstash.logback.appender.LogstashTcpSocketAppender[LOGSTASH] - Log destination 192.168.110.57/<unresolved>:4560: Waiting 24989ms before attempting reconnection.
01:59:37,979 |-WARN in net.logstash.logback.appender.LogstashTcpSocketAppender[LOGSTASH] - Log destination 192.168.110.57/<unresolved>:4560: Waiting 24990ms before attempting reconnection.
02:00:07,996 |-WARN in net.logstash.logback.appender.LogstashTcpSocketAppender[LOGSTASH] - Log destination 192.168.110.57/<unresolved>:4560: Waiting 24980ms before attempting reconnection.
02:00:38,000 |-WARN in net.logstash.logback.appender.LogstashTcpSocketAppender[LOGSTASH] - Log destination 192.168.110.57/<unresolved>:4560: Waiting 24982ms before attempting reconnection.
02:01:08,008 |-WARN in net.logstash.logback.appender.LogstashTcpSocketAppender[LOGSTASH] - Log destination 192.168.110.57/<unresolved>:4560: Waiting 24980ms before attempting reconnection.
02:01:38,021 |-WARN in net.logstash.logback.appender.LogstashTcpSocketAppender[LOGSTASH] - Log destination 192.168.110.57/<unresolved>:4560: Waiting 24970ms before attempting reconnection.
02:02:08,006 |-WARN in net.logstash.logback.appender.LogstashTcpSocketAppender[LOGSTASH] - Log destination 192.168.110.57/<unresolved>:4560: Waiting 24990ms before attempting reconnection.
02:02:38,022 |-WARN in net.logstash.logback.appender.LogstashTcpSocketAppender[LOGSTASH] - Log destination 192.168.110.57/<unresolved>:4560: Waiting 24984ms before attempting reconnection.
02:03:08,031 |-WARN in net.logstash.logback.appender.LogstashTcpSocketAppender[LOGSTASH] - Log destination 192.168.110.57/<unresolved>:4560: Waiting 24985ms before attempting reconnection.
02:03:38,037 |-WARN in net.logstash.logback.appender.LogstashTcpSocketAppender[LOGSTASH] - Log destination 192.168.110.57/<unresolved>:4560: Waiting 24986ms before attempting reconnection.
02:04:08,044 |-WARN in net.logstash.logback.appender.LogstashTcpSocketAppender[LOGSTASH] - Log destination 192.168.110.57/<unresolved>:4560: Waiting 24985ms before attempting reconnection.
02:04:38,055 |-WARN in net.logstash.logback.appender.LogstashTcpSocketAppender[LOGSTASH] - Log destination 192.168.110.57/<unresolved>:4560: Waiting 24984ms before attempting reconnection.
02:05:08,064 |-WARN in net.logstash.logback.appender.LogstashTcpSocketAppender[LOGSTASH] - Log destination 192.168.110.57/<unresolved>:4560: Waiting 24980ms before attempting reconnection.
02:05:38,066 |-WARN in net.logstash.logback.appender.LogstashTcpSocketAppender[LOGSTASH] - Log destination 192.168.110.57/<unresolved>:4560: Waiting 24987ms before attempting reconnection.
02:06:08,083 |-WARN in net.logstash.logback.appender.LogstashTcpSocketAppender[LOGSTASH] - Log destination 192.168.110.57/<unresolved>:4560: Waiting 24981ms before attempting reconnection.
02:06:38,083 |-WARN in net.logstash.logback.appender.LogstashTcpSocketAppender[LOGSTASH] - Log destination 192.168.110.57/<unresolved>:4560: Waiting 24986ms before attempting reconnection.
02:07:08,082 |-WARN in net.logstash.logback.appender.LogstashTcpSocketAppender[LOGSTASH] - Log destination 192.168.110.57/<unresolved>:4560: Waiting 24989ms before attempting reconnection.
02:07:38,086 |-WARN in net.logstash.logback.appender.LogstashTcpSocketAppender[LOGSTASH] - Log destination 192.168.110.57/<unresolved>:4560: Waiting 24989ms before attempting reconnection.
02:08:08,088 |-WARN in net.logstash.logback.appender.LogstashTcpSocketAppender[LOGSTASH] - Log destination 192.168.110.57/<unresolved>:4560: Waiting 24991ms before attempting reconnection.
02:08:38,099 |-WARN in net.logstash.logback.appender.LogstashTcpSocketAppender[LOGSTASH] - Log destination 192.168.110.57/<unresolved>:4560: Waiting 24987ms before attempting reconnection.
02:09:08,096 |-WARN in net.logstash.logback.appender.LogstashTcpSocketAppender[LOGSTASH] - Log destination 192.168.110.57/<unresolved>:4560: Waiting 24991ms before attempting reconnection.
02:09:38,116 |-WARN in net.logstash.logback.appender.LogstashTcpSocketAppender[LOGSTASH] - Log destination 192.168.110.57/<unresolved>:4560: Waiting 24978ms before attempting reconnection.
02:10:08,112 |-WARN in net.logstash.logback.appender.LogstashTcpSocketAppender[LOGSTASH] - Log destination 192.168.110.57/<unresolved>:4560: Waiting 24991ms before attempting reconnection.
02:10:38,119 |-WARN in net.logstash.logback.appender.LogstashTcpSocketAppender[LOGSTASH] - Log destination 192.168.110.57/<unresolved>:4560: Waiting 24992ms before attempting reconnection.
02:11:08,128 |-WARN in net.logstash.logback.appender.LogstashTcpSocketAppender[LOGSTASH] - Log destination 192.168.110.57/<unresolved>:4560: Waiting 24989ms before attempting reconnection.
02:11:38,128 |-WARN in net.logstash.logback.appender.LogstashTcpSocketAppender[LOGSTASH] - Log destination 192.168.110.57/<unresolved>:4560: Waiting 24977ms before attempting reconnection.
02:12:08,118 |-WARN in net.logstash.logback.appender.LogstashTcpSocketAppender[LOGSTASH] - Log destination 192.168.110.57/<unresolved>:4560: Waiting 24990ms before attempting reconnection.
02:12:38,133 |-WARN in net.logstash.logback.appender.LogstashTcpSocketAppender[LOGSTASH] - Log destination 192.168.110.57/<unresolved>:4560: Waiting 24986ms before attempting reconnection.
02:13:08,147 |-WARN in net.logstash.logback.appender.LogstashTcpSocketAppender[LOGSTASH] - Log destination 192.168.110.57/<unresolved>:4560: Waiting 24980ms before attempting reconnection.
02:13:38,158 |-WARN in net.logstash.logback.appender.LogstashTcpSocketAppender[LOGSTASH] - Log destination 192.168.110.57/<unresolved>:4560: Waiting 24979ms before attempting reconnection.
02:14:08,171 |-WARN in net.logstash.logback.appender.LogstashTcpSocketAppender[LOGSTASH] - Log destination 192.168.110.57/<unresolved>:4560: Waiting 24974ms before attempting reconnection.
02:14:38,169 |-WARN in net.logstash.logback.appender.LogstashTcpSocketAppender[LOGSTASH] - Log destination 192.168.110.57/<unresolved>:4560: Waiting 24986ms before attempting reconnection.
02:15:08,181 |-WARN in net.logstash.logback.appender.LogstashTcpSocketAppender[LOGSTASH] - Log destination 192.168.110.57/<unresolved>:4560: Waiting 24985ms before attempting reconnection.
02:15:38,191 |-WARN in net.logstash.logback.appender.LogstashTcpSocketAppender[LOGSTASH] - Log destination 192.168.110.57/<unresolved>:4560: Waiting 24983ms before attempting reconnection.
02:16:08,196 |-WARN in net.logstash.logback.appender.LogstashTcpSocketAppender[LOGSTASH] - Log destination 192.168.110.57/<unresolved>:4560: Waiting 24988ms before attempting reconnection.
02:16:38,215 |-WARN in net.logstash.logback.appender.LogstashTcpSocketAppender[LOGSTASH] - Log destination 192.168.110.57/<unresolved>:4560: Waiting 24979ms before attempting reconnection.
02:17:08,218 |-WARN in net.logstash.logback.appender.LogstashTcpSocketAppender[LOGSTASH] - Log destination 192.168.110.57/<unresolved>:4560: Waiting 24984ms before attempting reconnection.
02:17:38,226 |-WARN in net.logstash.logback.appender.LogstashTcpSocketAppender[LOGSTASH] - Log destination 192.168.110.57/<unresolved>:4560: Waiting 24977ms before attempting reconnection.
02:18:08,219 |-WARN in net.logstash.logback.appender.LogstashTcpSocketAppender[LOGSTASH] - Log destination 192.168.110.57/<unresolved>:4560: Waiting 24985ms before attempting reconnection.
02:18:38,226 |-WARN in net.logstash.logback.appender.LogstashTcpSocketAppender[LOGSTASH] - Log destination 192.168.110.57/<unresolved>:4560: Waiting 24985ms before attempting reconnection.
02:19:08,227 |-WARN in net.logstash.logback.appender.LogstashTcpSocketAppender[LOGSTASH] - Log destination 192.168.110.57/<unresolved>:4560: Waiting 24985ms before attempting reconnection.
02:19:38,235 |-WARN in net.logstash.logback.appender.LogstashTcpSocketAppender[LOGSTASH] - Log destination 192.168.110.57/<unresolved>:4560: Waiting 24982ms before attempting reconnection.
02:20:08,235 |-WARN in net.logstash.logback.appender.LogstashTcpSocketAppender[LOGSTASH] - Log destination 192.168.110.57/<unresolved>:4560: Waiting 24985ms before attempting reconnection.
02:20:38,242 |-WARN in net.logstash.logback.appender.LogstashTcpSocketAppender[LOGSTASH] - Log destination 192.168.110.57/<unresolved>:4560: Waiting 24985ms before attempting reconnection.
02:21:08,248 |-WARN in net.logstash.logback.appender.LogstashTcpSocketAppender[LOGSTASH] - Log destination 192.168.110.57/<unresolved>:4560: Waiting 24988ms before attempting reconnection.
02:21:38,259 |-WARN in net.logstash.logback.appender.LogstashTcpSocketAppender[LOGSTASH] - Log destination 192.168.110.57/<unresolved>:4560: Waiting 24987ms before attempting reconnection.
02:22:08,267 |-WARN in net.logstash.logback.appender.LogstashTcpSocketAppender[LOGSTASH] - Log destination 192.168.110.57/<unresolved>:4560: Waiting 24988ms before attempting reconnection.
02:22:38,281 |-WARN in net.logstash.logback.appender.LogstashTcpSocketAppender[LOGSTASH] - Log destination 192.168.110.57/<unresolved>:4560: Waiting 24981ms before attempting reconnection.
02:23:08,295 |-WARN in net.logstash.logback.appender.LogstashTcpSocketAppender[LOGSTASH] - Log destination 192.168.110.57/<unresolved>:4560: Waiting 24970ms before attempting reconnection.
02:23:38,286 |-WARN in net.logstash.logback.appender.LogstashTcpSocketAppender[LOGSTASH] - Log destination 192.168.110.57/<unresolved>:4560: Waiting 24985ms before attempting reconnection.
02:24:08,288 |-WARN in net.logstash.logback.appender.LogstashTcpSocketAppender[LOGSTASH] - Log destination 192.168.110.57/<unresolved>:4560: Waiting 24985ms before attempting reconnection.
02:24:38,299 |-WARN in net.logstash.logback.appender.LogstashTcpSocketAppender[LOGSTASH] - Log destination 192.168.110.57/<unresolved>:4560: Waiting 24983ms before attempting reconnection.
02:25:08,304 |-WARN in net.logstash.logback.appender.LogstashTcpSocketAppender[LOGSTASH] - Log destination 192.168.110.57/<unresolved>:4560: Waiting 24980ms before attempting reconnection.
02:25:38,311 |-WARN in net.logstash.logback.appender.LogstashTcpSocketAppender[LOGSTASH] - Log destination 192.168.110.57/<unresolved>:4560: Waiting 24983ms before attempting reconnection.
02:26:08,312 |-WARN in net.logstash.logback.appender.LogstashTcpSocketAppender[LOGSTASH] - Log destination 192.168.110.57/<unresolved>:4560: Waiting 24987ms before attempting reconnection.
02:26:38,318 |-WARN in net.logstash.logback.appender.LogstashTcpSocketAppender[LOGSTASH] - Log destination 192.168.110.57/<unresolved>:4560: Waiting 24984ms before attempting reconnection.
02:27:08,341 |-WARN in net.logstash.logback.appender.LogstashTcpSocketAppender[LOGSTASH] - Log destination 192.168.110.57/<unresolved>:4560: Waiting 24983ms before attempting reconnection.
02:27:38,344 |-WARN in net.logstash.logback.appender.LogstashTcpSocketAppender[LOGSTASH] - Log destination 192.168.110.57/<unresolved>:4560: Waiting 24985ms before attempting reconnection.
02:28:08,355 |-WARN in net.logstash.logback.appender.LogstashTcpSocketAppender[LOGSTASH] - Log destination 192.168.110.57/<unresolved>:4560: Waiting 24983ms before attempting reconnection.
02:28:38,358 |-WARN in net.logstash.logback.appender.LogstashTcpSocketAppender[LOGSTASH] - Log destination 192.168.110.57/<unresolved>:4560: Waiting 24990ms before attempting reconnection.
02:29:08,374 |-WARN in net.logstash.logback.appender.LogstashTcpSocketAppender[LOGSTASH] - Log destination 192.168.110.57/<unresolved>:4560: Waiting 24984ms before attempting reconnection.
02:29:38,379 |-WARN in net.logstash.logback.appender.LogstashTcpSocketAppender[LOGSTASH] - Log destination 192.168.110.57/<unresolved>:4560: Waiting 24986ms before attempting reconnection.
02:30:08,385 |-WARN in net.logstash.logback.appender.LogstashTcpSocketAppender[LOGSTASH] - Log destination 192.168.110.57/<unresolved>:4560: Waiting 24986ms before attempting reconnection.
02:30:38,401 |-WARN in net.logstash.logback.appender.LogstashTcpSocketAppender[LOGSTASH] - Log destination 192.168.110.57/<unresolved>:4560: Waiting 24980ms before attempting reconnection.
02:31:08,402 |-WARN in net.logstash.logback.appender.LogstashTcpSocketAppender[LOGSTASH] - Log destination 192.168.110.57/<unresolved>:4560: Waiting 24989ms before attempting reconnection.
02:31:38,422 |-WARN in net.logstash.logback.appender.LogstashTcpSocketAppender[LOGSTASH] - Log destination 192.168.110.57/<unresolved>:4560: Waiting 24978ms before attempting reconnection.
02:32:08,429 |-WARN in net.logstash.logback.appender.LogstashTcpSocketAppender[LOGSTASH] - Log destination 192.168.110.57/<unresolved>:4560: Waiting 24983ms before attempting reconnection.
02:32:38,431 |-WARN in net.logstash.logback.appender.LogstashTcpSocketAppender[LOGSTASH] - Log destination 192.168.110.57/<unresolved>:4560: Waiting 24984ms before attempting reconnection.
02:33:08,435 |-WARN in net.logstash.logback.appender.LogstashTcpSocketAppender[LOGSTASH] - Log destination 192.168.110.57/<unresolved>:4560: Waiting 24981ms before attempting reconnection.
02:33:38,444 |-WARN in net.logstash.logback.appender.LogstashTcpSocketAppender[LOGSTASH] - Log destination 192.168.110.57/<unresolved>:4560: Waiting 24981ms before attempting reconnection.
02:34:08,450 |-WARN in net.logstash.logback.appender.LogstashTcpSocketAppender[LOGSTASH] - Log destination 192.168.110.57/<unresolved>:4560: Waiting 24978ms before attempting reconnection.
02:34:38,454 |-WARN in net.logstash.logback.appender.LogstashTcpSocketAppender[LOGSTASH] - Log destination 192.168.110.57/<unresolved>:4560: Waiting 24979ms before attempting reconnection.
02:35:08,455 |-WARN in net.logstash.logback.appender.LogstashTcpSocketAppender[LOGSTASH] - Log destination 192.168.110.57/<unresolved>:4560: Waiting 24988ms before attempting reconnection.
02:35:38,468 |-WARN in net.logstash.logback.appender.LogstashTcpSocketAppender[LOGSTASH] - Log destination 192.168.110.57/<unresolved>:4560: Waiting 24985ms before attempting reconnection.
02:36:08,473 |-WARN in net.logstash.logback.appender.LogstashTcpSocketAppender[LOGSTASH] - Log destination 192.168.110.57/<unresolved>:4560: Waiting 24990ms before attempting reconnection.
02:36:38,489 |-WARN in net.logstash.logback.appender.LogstashTcpSocketAppender[LOGSTASH] - Log destination 192.168.110.57/<unresolved>:4560: Waiting 24984ms before attempting reconnection.
02:37:08,493 |-WARN in net.logstash.logback.appender.LogstashTcpSocketAppender[LOGSTASH] - Log destination 192.168.110.57/<unresolved>:4560: Waiting 24987ms before attempting reconnection.
02:37:38,500 |-WARN in net.logstash.logback.appender.LogstashTcpSocketAppender[LOGSTASH] - Log destination 192.168.110.57/<unresolved>:4560: Waiting 24990ms before attempting reconnection.
02:38:08,521 |-WARN in net.logstash.logback.appender.LogstashTcpSocketAppender[LOGSTASH] - Log destination 192.168.110.57/<unresolved>:4560: Waiting 24978ms before attempting reconnection.
02:38:38,521 |-WARN in net.logstash.logback.appender.LogstashTcpSocketAppender[LOGSTASH] - Log destination 192.168.110.57/<unresolved>:4560: Waiting 24985ms before attempting reconnection.
02:39:08,537 |-WARN in net.logstash.logback.appender.LogstashTcpSocketAppender[LOGSTASH] - Log destination 192.168.110.57/<unresolved>:4560: Waiting 24974ms before attempting reconnection.
02:39:38,526 |-WARN in net.logstash.logback.appender.LogstashTcpSocketAppender[LOGSTASH] - Log destination 192.168.110.57/<unresolved>:4560: Waiting 24988ms before attempting reconnection.
02:40:08,532 |-WARN in net.logstash.logback.appender.LogstashTcpSocketAppender[LOGSTASH] - Log destination 192.168.110.57/<unresolved>:4560: Waiting 24986ms before attempting reconnection.
02:40:38,544 |-WARN in net.logstash.logback.appender.LogstashTcpSocketAppender[LOGSTASH] - Log destination 192.168.110.57/<unresolved>:4560: Waiting 24984ms before attempting reconnection.
02:41:08,551 |-WARN in net.logstash.logback.appender.LogstashTcpSocketAppender[LOGSTASH] - Log destination 192.168.110.57/<unresolved>:4560: Waiting 24978ms before attempting reconnection.
02:41:38,557 |-WARN in net.logstash.logback.appender.LogstashTcpSocketAppender[LOGSTASH] - Log destination 192.168.110.57/<unresolved>:4560: Waiting 24981ms before attempting reconnection.
02:42:08,567 |-WARN in net.logstash.logback.appender.LogstashTcpSocketAppender[LOGSTASH] - Log destination 192.168.110.57/<unresolved>:4560: Waiting 24974ms before attempting reconnection.
02:42:38,510 |-WARN in net.logstash.logback.appender.LogstashTcpSocketAppender[LOGSTASH] - Log destination 192.168.110.57/<unresolved>:4560: Waiting 24981ms before attempting reconnection.
02:43:08,510 |-WARN in net.logstash.logback.appender.LogstashTcpSocketAppender[LOGSTASH] - Log destination 192.168.110.57/<unresolved>:4560: Waiting 24982ms before attempting reconnection.
02:43:38,509 |-WARN in net.logstash.logback.appender.LogstashTcpSocketAppender[LOGSTASH] - Log destination 192.168.110.57/<unresolved>:4560: Waiting 24986ms before attempting reconnection.
02:44:08,511 |-WARN in net.logstash.logback.appender.LogstashTcpSocketAppender[LOGSTASH] - Log destination 192.168.110.57/<unresolved>:4560: Waiting 24990ms before attempting reconnection.
02:44:38,527 |-WARN in net.logstash.logback.appender.LogstashTcpSocketAppender[LOGSTASH] - Log destination 192.168.110.57/<unresolved>:4560: Waiting 24985ms before attempting reconnection.
02:45:08,546 |-WARN in net.logstash.logback.appender.LogstashTcpSocketAppender[LOGSTASH] - Log destination 192.168.110.57/<unresolved>:4560: Waiting 24971ms before attempting reconnection.
02:45:38,552 |-WARN in net.logstash.logback.appender.LogstashTcpSocketAppender[LOGSTASH] - Log destination 192.168.110.57/<unresolved>:4560: Waiting 24973ms before attempting reconnection.
02:46:08,539 |-WARN in net.logstash.logback.appender.LogstashTcpSocketAppender[LOGSTASH] - Log destination 192.168.110.57/<unresolved>:4560: Waiting 24987ms before attempting reconnection.
02:46:38,547 |-WARN in net.logstash.logback.appender.LogstashTcpSocketAppender[LOGSTASH] - Log destination 192.168.110.57/<unresolved>:4560: Waiting 24990ms before attempting reconnection.
02:47:08,554 |-WARN in net.logstash.logback.appender.LogstashTcpSocketAppender[LOGSTASH] - Log destination 192.168.110.57/<unresolved>:4560: Waiting 24989ms before attempting reconnection.
02:47:38,559 |-WARN in net.logstash.logback.appender.LogstashTcpSocketAppender[LOGSTASH] - Log destination 192.168.110.57/<unresolved>:4560: Waiting 24989ms before attempting reconnection.
02:48:08,569 |-WARN in net.logstash.logback.appender.LogstashTcpSocketAppender[LOGSTASH] - Log destination 192.168.110.57/<unresolved>:4560: Waiting 24987ms before attempting reconnection.
02:48:38,583 |-WARN in net.logstash.logback.appender.LogstashTcpSocketAppender[LOGSTASH] - Log destination 192.168.110.57/<unresolved>:4560: Waiting 24983ms before attempting reconnection.
02:49:08,585 |-WARN in net.logstash.logback.appender.LogstashTcpSocketAppender[LOGSTASH] - Log destination 192.168.110.57/<unresolved>:4560: Waiting 24984ms before attempting reconnection.
02:49:38,584 |-WARN in net.logstash.logback.appender.LogstashTcpSocketAppender[LOGSTASH] - Log destination 192.168.110.57/<unresolved>:4560: Waiting 24990ms before attempting reconnection.
02:50:08,587 |-WARN in net.logstash.logback.appender.LogstashTcpSocketAppender[LOGSTASH] - Log destination 192.168.110.57/<unresolved>:4560: Waiting 24989ms before attempting reconnection.
02:50:38,586 |-WARN in net.logstash.logback.appender.LogstashTcpSocketAppender[LOGSTASH] - Log destination 192.168.110.57/<unresolved>:4560: Waiting 24992ms before attempting reconnection.
02:51:08,594 |-WARN in net.logstash.logback.appender.LogstashTcpSocketAppender[LOGSTASH] - Log destination 192.168.110.57/<unresolved>:4560: Waiting 24990ms before attempting reconnection.
02:51:38,604 |-WARN in net.logstash.logback.appender.LogstashTcpSocketAppender[LOGSTASH] - Log destination 192.168.110.57/<unresolved>:4560: Waiting 24985ms before attempting reconnection.
02:52:08,600 |-WARN in net.logstash.logback.appender.LogstashTcpSocketAppender[LOGSTASH] - Log destination 192.168.110.57/<unresolved>:4560: Waiting 24991ms before attempting reconnection.
02:52:38,614 |-WARN in net.logstash.logback.appender.LogstashTcpSocketAppender[LOGSTASH] - Log destination 192.168.110.57/<unresolved>:4560: Waiting 24987ms before attempting reconnection.
02:53:08,623 |-WARN in net.logstash.logback.appender.LogstashTcpSocketAppender[LOGSTASH] - Log destination 192.168.110.57/<unresolved>:4560: Waiting 24986ms before attempting reconnection.
02:53:38,621 |-WARN in net.logstash.logback.appender.LogstashTcpSocketAppender[LOGSTASH] - Log destination 192.168.110.57/<unresolved>:4560: Waiting 24989ms before attempting reconnection.
02:54:08,642 |-WARN in net.logstash.logback.appender.LogstashTcpSocketAppender[LOGSTASH] - Log destination 192.168.110.57/<unresolved>:4560: Waiting 24971ms before attempting reconnection.
02:54:38,629 |-WARN in net.logstash.logback.appender.LogstashTcpSocketAppender[LOGSTASH] - Log destination 192.168.110.57/<unresolved>:4560: Waiting 24991ms before attempting reconnection.
02:55:08,640 |-WARN in net.logstash.logback.appender.LogstashTcpSocketAppender[LOGSTASH] - Log destination 192.168.110.57/<unresolved>:4560: Waiting 24988ms before attempting reconnection.
02:55:38,646 |-WARN in net.logstash.logback.appender.LogstashTcpSocketAppender[LOGSTASH] - Log destination 192.168.110.57/<unresolved>:4560: Waiting 24989ms before attempting reconnection.
02:56:08,649 |-WARN in net.logstash.logback.appender.LogstashTcpSocketAppender[LOGSTASH] - Log destination 192.168.110.57/<unresolved>:4560: Waiting 24989ms before attempting reconnection.
02:56:38,717 |-WARN in net.logstash.logback.appender.LogstashTcpSocketAppender[LOGSTASH] - Log destination 192.168.110.57/<unresolved>:4560: Waiting 24931ms before attempting reconnection.
02:57:08,666 |-WARN in net.logstash.logback.appender.LogstashTcpSocketAppender[LOGSTASH] - Log destination 192.168.110.57/<unresolved>:4560: Waiting 24991ms before attempting reconnection.
02:57:38,679 |-WARN in net.logstash.logback.appender.LogstashTcpSocketAppender[LOGSTASH] - Log destination 192.168.110.57/<unresolved>:4560: Waiting 24987ms before attempting reconnection.
02:58:08,723 |-WARN in net.logstash.logback.appender.LogstashTcpSocketAppender[LOGSTASH] - Log destination 192.168.110.57/<unresolved>:4560: Waiting 24973ms before attempting reconnection.
02:58:38,717 |-WARN in net.logstash.logback.appender.LogstashTcpSocketAppender[LOGSTASH] - Log destination 192.168.110.57/<unresolved>:4560: Waiting 24989ms before attempting reconnection.
02:59:08,734 |-WARN in net.logstash.logback.appender.LogstashTcpSocketAppender[LOGSTASH] - Log destination 192.168.110.57/<unresolved>:4560: Waiting 24983ms before attempting reconnection.
02:59:38,732 |-WARN in net.logstash.logback.appender.LogstashTcpSocketAppender[LOGSTASH] - Log destination 192.168.110.57/<unresolved>:4560: Waiting 24987ms before attempting reconnection.
03:00:08,741 |-WARN in net.logstash.logback.appender.LogstashTcpSocketAppender[LOGSTASH] - Log destination 192.168.110.57/<unresolved>:4560: Waiting 24987ms before attempting reconnection.
03:00:38,748 |-WARN in net.logstash.logback.appender.LogstashTcpSocketAppender[LOGSTASH] - Log destination 192.168.110.57/<unresolved>:4560: Waiting 24986ms before attempting reconnection.
03:01:08,751 |-WARN in net.logstash.logback.appender.LogstashTcpSocketAppender[LOGSTASH] - Log destination 192.168.110.57/<unresolved>:4560: Waiting 24990ms before attempting reconnection.
03:01:38,773 |-WARN in net.logstash.logback.appender.LogstashTcpSocketAppender[LOGSTASH] - Log destination 192.168.110.57/<unresolved>:4560: Waiting 24972ms before attempting reconnection.
03:02:08,769 |-WARN in net.logstash.logback.appender.LogstashTcpSocketAppender[LOGSTASH] - Log destination 192.168.110.57/<unresolved>:4560: Waiting 24987ms before attempting reconnection.
03:02:38,779 |-WARN in net.logstash.logback.appender.LogstashTcpSocketAppender[LOGSTASH] - Log destination 192.168.110.57/<unresolved>:4560: Waiting 24984ms before attempting reconnection.
03:03:08,803 |-WARN in net.logstash.logback.appender.LogstashTcpSocketAppender[LOGSTASH] - Log destination 192.168.110.57/<unresolved>:4560: Waiting 24971ms before attempting reconnection.
03:03:38,794 |-WARN in net.logstash.logback.appender.LogstashTcpSocketAppender[LOGSTASH] - Log destination 192.168.110.57/<unresolved>:4560: Waiting 24985ms before attempting reconnection.
03:04:08,803 |-WARN in net.logstash.logback.appender.LogstashTcpSocketAppender[LOGSTASH] - Log destination 192.168.110.57/<unresolved>:4560: Waiting 24984ms before attempting reconnection.
03:04:38,818 |-WARN in net.logstash.logback.appender.LogstashTcpSocketAppender[LOGSTASH] - Log destination 192.168.110.57/<unresolved>:4560: Waiting 24975ms before attempting reconnection.
03:05:08,807 |-WARN in net.logstash.logback.appender.LogstashTcpSocketAppender[LOGSTASH] - Log destination 192.168.110.57/<unresolved>:4560: Waiting 24987ms before attempting reconnection.
03:05:38,815 |-WARN in net.logstash.logback.appender.LogstashTcpSocketAppender[LOGSTASH] - Log destination 192.168.110.57/<unresolved>:4560: Waiting 24988ms before attempting reconnection.
03:06:08,819 |-WARN in net.logstash.logback.appender.LogstashTcpSocketAppender[LOGSTASH] - Log destination 192.168.110.57/<unresolved>:4560: Waiting 24990ms before attempting reconnection.
03:06:38,832 |-WARN in net.logstash.logback.appender.LogstashTcpSocketAppender[LOGSTASH] - Log destination 192.168.110.57/<unresolved>:4560: Waiting 24984ms before attempting reconnection.
03:07:08,835 |-WARN in net.logstash.logback.appender.LogstashTcpSocketAppender[LOGSTASH] - Log destination 192.168.110.57/<unresolved>:4560: Waiting 24991ms before attempting reconnection.
03:07:38,847 |-WARN in net.logstash.logback.appender.LogstashTcpSocketAppender[LOGSTASH] - Log destination 192.168.110.57/<unresolved>:4560: Waiting 24987ms before attempting reconnection.
03:08:08,857 |-WARN in net.logstash.logback.appender.LogstashTcpSocketAppender[LOGSTASH] - Log destination 192.168.110.57/<unresolved>:4560: Waiting 24986ms before attempting reconnection.
03:08:38,866 |-WARN in net.logstash.logback.appender.LogstashTcpSocketAppender[LOGSTASH] - Log destination 192.168.110.57/<unresolved>:4560: Waiting 24979ms before attempting reconnection.
03:09:08,866 |-WARN in net.logstash.logback.appender.LogstashTcpSocketAppender[LOGSTASH] - Log destination 192.168.110.57/<unresolved>:4560: Waiting 24987ms before attempting reconnection.
03:09:38,871 |-WARN in net.logstash.logback.appender.LogstashTcpSocketAppender[LOGSTASH] - Log destination 192.168.110.57/<unresolved>:4560: Waiting 24985ms before attempting reconnection.
03:10:08,878 |-WARN in net.logstash.logback.appender.LogstashTcpSocketAppender[LOGSTASH] - Log destination 192.168.110.57/<unresolved>:4560: Waiting 24986ms before attempting reconnection.
03:10:38,893 |-WARN in net.logstash.logback.appender.LogstashTcpSocketAppender[LOGSTASH] - Log destination 192.168.110.57/<unresolved>:4560: Waiting 24981ms before attempting reconnection.
03:11:08,897 |-WARN in net.logstash.logback.appender.LogstashTcpSocketAppender[LOGSTASH] - Log destination 192.168.110.57/<unresolved>:4560: Waiting 24986ms before attempting reconnection.
03:11:38,905 |-WARN in net.logstash.logback.appender.LogstashTcpSocketAppender[LOGSTASH] - Log destination 192.168.110.57/<unresolved>:4560: Waiting 24984ms before attempting reconnection.
03:12:08,915 |-WARN in net.logstash.logback.appender.LogstashTcpSocketAppender[LOGSTASH] - Log destination 192.168.110.57/<unresolved>:4560: Waiting 24984ms before attempting reconnection.
03:12:38,935 |-WARN in net.logstash.logback.appender.LogstashTcpSocketAppender[LOGSTASH] - Log destination 192.168.110.57/<unresolved>:4560: Waiting 24972ms before attempting reconnection.
03:13:08,925 |-WARN in net.logstash.logback.appender.LogstashTcpSocketAppender[LOGSTASH] - Log destination 192.168.110.57/<unresolved>:4560: Waiting 24989ms before attempting reconnection.
03:13:38,935 |-WARN in net.logstash.logback.appender.LogstashTcpSocketAppender[LOGSTASH] - Log destination 192.168.110.57/<unresolved>:4560: Waiting 24985ms before attempting reconnection.
03:14:08,946 |-WARN in net.logstash.logback.appender.LogstashTcpSocketAppender[LOGSTASH] - Log destination 192.168.110.57/<unresolved>:4560: Waiting 24979ms before attempting reconnection.
03:14:38,950 |-WARN in net.logstash.logback.appender.LogstashTcpSocketAppender[LOGSTASH] - Log destination 192.168.110.57/<unresolved>:4560: Waiting 24986ms before attempting reconnection.
03:15:08,958 |-WARN in net.logstash.logback.appender.LogstashTcpSocketAppender[LOGSTASH] - Log destination 192.168.110.57/<unresolved>:4560: Waiting 24985ms before attempting reconnection.
03:15:38,961 |-WARN in net.logstash.logback.appender.LogstashTcpSocketAppender[LOGSTASH] - Log destination 192.168.110.57/<unresolved>:4560: Waiting 24983ms before attempting reconnection.
03:16:08,961 |-WARN in net.logstash.logback.appender.LogstashTcpSocketAppender[LOGSTASH] - Log destination 192.168.110.57/<unresolved>:4560: Waiting 24989ms before attempting reconnection.
03:16:38,986 |-WARN in net.logstash.logback.appender.LogstashTcpSocketAppender[LOGSTASH] - Log destination 192.168.110.57/<unresolved>:4560: Waiting 24969ms before attempting reconnection.
03:17:08,980 |-WARN in net.logstash.logback.appender.LogstashTcpSocketAppender[LOGSTASH] - Log destination 192.168.110.57/<unresolved>:4560: Waiting 24984ms before attempting reconnection.
03:17:38,988 |-WARN in net.logstash.logback.appender.LogstashTcpSocketAppender[LOGSTASH] - Log destination 192.168.110.57/<unresolved>:4560: Waiting 24986ms before attempting reconnection.
03:18:08,993 |-WARN in net.logstash.logback.appender.LogstashTcpSocketAppender[LOGSTASH] - Log destination 192.168.110.57/<unresolved>:4560: Waiting 24986ms before attempting reconnection.
03:18:39,002 |-WARN in net.logstash.logback.appender.LogstashTcpSocketAppender[LOGSTASH] - Log destination 192.168.110.57/<unresolved>:4560: Waiting 24984ms before attempting reconnection.
03:19:09,013 |-WARN in net.logstash.logback.appender.LogstashTcpSocketAppender[LOGSTASH] - Log destination 192.168.110.57/<unresolved>:4560: Waiting 24984ms before attempting reconnection.
03:19:39,017 |-WARN in net.logstash.logback.appender.LogstashTcpSocketAppender[LOGSTASH] - Log destination 192.168.110.57/<unresolved>:4560: Waiting 24988ms before attempting reconnection.
03:20:09,028 |-WARN in net.logstash.logback.appender.LogstashTcpSocketAppender[LOGSTASH] - Log destination 192.168.110.57/<unresolved>:4560: Waiting 24988ms before attempting reconnection.
03:20:39,033 |-WARN in net.logstash.logback.appender.LogstashTcpSocketAppender[LOGSTASH] - Log destination 192.168.110.57/<unresolved>:4560: Waiting 24992ms before attempting reconnection.
03:21:09,043 |-WARN in net.logstash.logback.appender.LogstashTcpSocketAppender[LOGSTASH] - Log destination 192.168.110.57/<unresolved>:4560: Waiting 24991ms before attempting reconnection.
03:21:39,054 |-WARN in net.logstash.logback.appender.LogstashTcpSocketAppender[LOGSTASH] - Log destination 192.168.110.57/<unresolved>:4560: Waiting 24988ms before attempting reconnection.
03:22:09,064 |-WARN in net.logstash.logback.appender.LogstashTcpSocketAppender[LOGSTASH] - Log destination 192.168.110.57/<unresolved>:4560: Waiting 24988ms before attempting reconnection.
03:22:39,073 |-WARN in net.logstash.logback.appender.LogstashTcpSocketAppender[LOGSTASH] - Log destination 192.168.110.57/<unresolved>:4560: Waiting 24989ms before attempting reconnection.
03:23:09,081 |-WARN in net.logstash.logback.appender.LogstashTcpSocketAppender[LOGSTASH] - Log destination 192.168.110.57/<unresolved>:4560: Waiting 24986ms before attempting reconnection.
03:23:39,089 |-WARN in net.logstash.logback.appender.LogstashTcpSocketAppender[LOGSTASH] - Log destination 192.168.110.57/<unresolved>:4560: Waiting 24989ms before attempting reconnection.
03:24:09,101 |-WARN in net.logstash.logback.appender.LogstashTcpSocketAppender[LOGSTASH] - Log destination 192.168.110.57/<unresolved>:4560: Waiting 24986ms before attempting reconnection.
03:24:39,110 |-WARN in net.logstash.logback.appender.LogstashTcpSocketAppender[LOGSTASH] - Log destination 192.168.110.57/<unresolved>:4560: Waiting 24985ms before attempting reconnection.
03:25:09,115 |-WARN in net.logstash.logback.appender.LogstashTcpSocketAppender[LOGSTASH] - Log destination 192.168.110.57/<unresolved>:4560: Waiting 24985ms before attempting reconnection.
03:25:39,113 |-WARN in net.logstash.logback.appender.LogstashTcpSocketAppender[LOGSTASH] - Log destination 192.168.110.57/<unresolved>:4560: Waiting 24991ms before attempting reconnection.
03:26:09,130 |-WARN in net.logstash.logback.appender.LogstashTcpSocketAppender[LOGSTASH] - Log destination 192.168.110.57/<unresolved>:4560: Waiting 24982ms before attempting reconnection.
03:26:39,144 |-WARN in net.logstash.logback.appender.LogstashTcpSocketAppender[LOGSTASH] - Log destination 192.168.110.57/<unresolved>:4560: Waiting 24979ms before attempting reconnection.
03:27:09,141 |-WARN in net.logstash.logback.appender.LogstashTcpSocketAppender[LOGSTASH] - Log destination 192.168.110.57/<unresolved>:4560: Waiting 24986ms before attempting reconnection.
03:27:39,149 |-WARN in net.logstash.logback.appender.LogstashTcpSocketAppender[LOGSTASH] - Log destination 192.168.110.57/<unresolved>:4560: Waiting 24986ms before attempting reconnection.
03:28:09,180 |-WARN in net.logstash.logback.appender.LogstashTcpSocketAppender[LOGSTASH] - Log destination 192.168.110.57/<unresolved>:4560: Waiting 24986ms before attempting reconnection.
03:28:39,196 |-WARN in net.logstash.logback.appender.LogstashTcpSocketAppender[LOGSTASH] - Log destination 192.168.110.57/<unresolved>:4560: Waiting 24988ms before attempting reconnection.
03:29:09,209 |-WARN in net.logstash.logback.appender.LogstashTcpSocketAppender[LOGSTASH] - Log destination 192.168.110.57/<unresolved>:4560: Waiting 24985ms before attempting reconnection.
03:29:39,219 |-WARN in net.logstash.logback.appender.LogstashTcpSocketAppender[LOGSTASH] - Log destination 192.168.110.57/<unresolved>:4560: Waiting 24985ms before attempting reconnection.
03:30:09,226 |-WARN in net.logstash.logback.appender.LogstashTcpSocketAppender[LOGSTASH] - Log destination 192.168.110.57/<unresolved>:4560: Waiting 24986ms before attempting reconnection.
03:30:39,234 |-WARN in net.logstash.logback.appender.LogstashTcpSocketAppender[LOGSTASH] - Log destination 192.168.110.57/<unresolved>:4560: Waiting 24986ms before attempting reconnection.
03:31:09,250 |-WARN in net.logstash.logback.appender.LogstashTcpSocketAppender[LOGSTASH] - Log destination 192.168.110.57/<unresolved>:4560: Waiting 24973ms before attempting reconnection.
03:31:39,261 |-WARN in net.logstash.logback.appender.LogstashTcpSocketAppender[LOGSTASH] - Log destination 192.168.110.57/<unresolved>:4560: Waiting 24972ms before attempting reconnection.
03:32:09,245 |-WARN in net.logstash.logback.appender.LogstashTcpSocketAppender[LOGSTASH] - Log destination 192.168.110.57/<unresolved>:4560: Waiting 24988ms before attempting reconnection.
03:32:39,253 |-WARN in net.logstash.logback.appender.LogstashTcpSocketAppender[LOGSTASH] - Log destination 192.168.110.57/<unresolved>:4560: Waiting 24983ms before attempting reconnection.
03:33:09,265 |-WARN in net.logstash.logback.appender.LogstashTcpSocketAppender[LOGSTASH] - Log destination 192.168.110.57/<unresolved>:4560: Waiting 24981ms before attempting reconnection.
03:33:39,270 |-WARN in net.logstash.logback.appender.LogstashTcpSocketAppender[LOGSTASH] - Log destination 192.168.110.57/<unresolved>:4560: Waiting 24985ms before attempting reconnection.
03:34:09,272 |-WARN in net.logstash.logback.appender.LogstashTcpSocketAppender[LOGSTASH] - Log destination 192.168.110.57/<unresolved>:4560: Waiting 24986ms before attempting reconnection.
03:34:39,276 |-WARN in net.logstash.logback.appender.LogstashTcpSocketAppender[LOGSTASH] - Log destination 192.168.110.57/<unresolved>:4560: Waiting 24987ms before attempting reconnection.
03:35:09,294 |-WARN in net.logstash.logback.appender.LogstashTcpSocketAppender[LOGSTASH] - Log destination 192.168.110.57/<unresolved>:4560: Waiting 24980ms before attempting reconnection.
03:35:39,284 |-WARN in net.logstash.logback.appender.LogstashTcpSocketAppender[LOGSTASH] - Log destination 192.168.110.57/<unresolved>:4560: Waiting 24992ms before attempting reconnection.
03:36:09,298 |-WARN in net.logstash.logback.appender.LogstashTcpSocketAppender[LOGSTASH] - Log destination 192.168.110.57/<unresolved>:4560: Waiting 24987ms before attempting reconnection.
03:36:39,305 |-WARN in net.logstash.logback.appender.LogstashTcpSocketAppender[LOGSTASH] - Log destination 192.168.110.57/<unresolved>:4560: Waiting 24985ms before attempting reconnection.
03:37:09,319 |-WARN in net.logstash.logback.appender.LogstashTcpSocketAppender[LOGSTASH] - Log destination 192.168.110.57/<unresolved>:4560: Waiting 24977ms before attempting reconnection.
03:37:39,311 |-WARN in net.logstash.logback.appender.LogstashTcpSocketAppender[LOGSTASH] - Log destination 192.168.110.57/<unresolved>:4560: Waiting 24986ms before attempting reconnection.
03:38:09,321 |-WARN in net.logstash.logback.appender.LogstashTcpSocketAppender[LOGSTASH] - Log destination 192.168.110.57/<unresolved>:4560: Waiting 24983ms before attempting reconnection.
03:38:39,323 |-WARN in net.logstash.logback.appender.LogstashTcpSocketAppender[LOGSTASH] - Log destination 192.168.110.57/<unresolved>:4560: Waiting 24990ms before attempting reconnection.
03:39:09,348 |-WARN in net.logstash.logback.appender.LogstashTcpSocketAppender[LOGSTASH] - Log destination 192.168.110.57/<unresolved>:4560: Waiting 24974ms before attempting reconnection.
03:39:39,345 |-WARN in net.logstash.logback.appender.LogstashTcpSocketAppender[LOGSTASH] - Log destination 192.168.110.57/<unresolved>:4560: Waiting 24985ms before attempting reconnection.
03:40:09,354 |-WARN in net.logstash.logback.appender.LogstashTcpSocketAppender[LOGSTASH] - Log destination 192.168.110.57/<unresolved>:4560: Waiting 24987ms before attempting reconnection.
03:40:39,360 |-WARN in net.logstash.logback.appender.LogstashTcpSocketAppender[LOGSTASH] - Log destination 192.168.110.57/<unresolved>:4560: Waiting 24985ms before attempting reconnection.
03:41:09,365 |-WARN in net.logstash.logback.appender.LogstashTcpSocketAppender[LOGSTASH] - Log destination 192.168.110.57/<unresolved>:4560: Waiting 24985ms before attempting reconnection.
03:41:39,389 |-WARN in net.logstash.logback.appender.LogstashTcpSocketAppender[LOGSTASH] - Log destination 192.168.110.57/<unresolved>:4560: Waiting 24971ms before attempting reconnection.
03:42:09,384 |-WARN in net.logstash.logback.appender.LogstashTcpSocketAppender[LOGSTASH] - Log destination 192.168.110.57/<unresolved>:4560: Waiting 24985ms before attempting reconnection.
03:42:39,386 |-WARN in net.logstash.logback.appender.LogstashTcpSocketAppender[LOGSTASH] - Log destination 192.168.110.57/<unresolved>:4560: Waiting 24986ms before attempting reconnection.
03:43:09,399 |-WARN in net.logstash.logback.appender.LogstashTcpSocketAppender[LOGSTASH] - Log destination 192.168.110.57/<unresolved>:4560: Waiting 24982ms before attempting reconnection.
03:43:39,405 |-WARN in net.logstash.logback.appender.LogstashTcpSocketAppender[LOGSTASH] - Log destination 192.168.110.57/<unresolved>:4560: Waiting 24984ms before attempting reconnection.
03:44:09,429 |-WARN in net.logstash.logback.appender.LogstashTcpSocketAppender[LOGSTASH] - Log destination 192.168.110.57/<unresolved>:4560: Waiting 24988ms before attempting reconnection.
03:44:39,443 |-WARN in net.logstash.logback.appender.LogstashTcpSocketAppender[LOGSTASH] - Log destination 192.168.110.57/<unresolved>:4560: Waiting 24991ms before attempting reconnection.
03:45:09,462 |-WARN in net.logstash.logback.appender.LogstashTcpSocketAppender[LOGSTASH] - Log destination 192.168.110.57/<unresolved>:4560: Waiting 24983ms before attempting reconnection.
03:45:39,481 |-WARN in net.logstash.logback.appender.LogstashTcpSocketAppender[LOGSTASH] - Log destination 192.168.110.57/<unresolved>:4560: Waiting 24969ms before attempting reconnection.
03:46:09,476 |-WARN in net.logstash.logback.appender.LogstashTcpSocketAppender[LOGSTASH] - Log destination 192.168.110.57/<unresolved>:4560: Waiting 24985ms before attempting reconnection.
03:46:39,483 |-WARN in net.logstash.logback.appender.LogstashTcpSocketAppender[LOGSTASH] - Log destination 192.168.110.57/<unresolved>:4560: Waiting 24987ms before attempting reconnection.
03:47:09,492 |-WARN in net.logstash.logback.appender.LogstashTcpSocketAppender[LOGSTASH] - Log destination 192.168.110.57/<unresolved>:4560: Waiting 24984ms before attempting reconnection.
03:47:39,501 |-WARN in net.logstash.logback.appender.LogstashTcpSocketAppender[LOGSTASH] - Log destination 192.168.110.57/<unresolved>:4560: Waiting 24987ms before attempting reconnection.
03:48:09,504 |-WARN in net.logstash.logback.appender.LogstashTcpSocketAppender[LOGSTASH] - Log destination 192.168.110.57/<unresolved>:4560: Waiting 24985ms before attempting reconnection.
03:48:39,510 |-WARN in net.logstash.logback.appender.LogstashTcpSocketAppender[LOGSTASH] - Log destination 192.168.110.57/<unresolved>:4560: Waiting 24985ms before attempting reconnection.
03:49:09,521 |-WARN in net.logstash.logback.appender.LogstashTcpSocketAppender[LOGSTASH] - Log destination 192.168.110.57/<unresolved>:4560: Waiting 24985ms before attempting reconnection.
03:49:39,527 |-WARN in net.logstash.logback.appender.LogstashTcpSocketAppender[LOGSTASH] - Log destination 192.168.110.57/<unresolved>:4560: Waiting 24986ms before attempting reconnection.
03:50:09,538 |-WARN in net.logstash.logback.appender.LogstashTcpSocketAppender[LOGSTASH] - Log destination 192.168.110.57/<unresolved>:4560: Waiting 24987ms before attempting reconnection.
03:50:39,547 |-WARN in net.logstash.logback.appender.LogstashTcpSocketAppender[LOGSTASH] - Log destination 192.168.110.57/<unresolved>:4560: Waiting 24984ms before attempting reconnection.
03:51:09,543 |-WARN in net.logstash.logback.appender.LogstashTcpSocketAppender[LOGSTASH] - Log destination 192.168.110.57/<unresolved>:4560: Waiting 24990ms before attempting reconnection.
03:51:39,554 |-WARN in net.logstash.logback.appender.LogstashTcpSocketAppender[LOGSTASH] - Log destination 192.168.110.57/<unresolved>:4560: Waiting 24989ms before attempting reconnection.
03:52:09,562 |-WARN in net.logstash.logback.appender.LogstashTcpSocketAppender[LOGSTASH] - Log destination 192.168.110.57/<unresolved>:4560: Waiting 24990ms before attempting reconnection.
03:52:39,579 |-WARN in net.logstash.logback.appender.LogstashTcpSocketAppender[LOGSTASH] - Log destination 192.168.110.57/<unresolved>:4560: Waiting 24982ms before attempting reconnection.
03:53:09,579 |-WARN in net.logstash.logback.appender.LogstashTcpSocketAppender[LOGSTASH] - Log destination 192.168.110.57/<unresolved>:4560: Waiting 24984ms before attempting reconnection.
03:53:39,585 |-WARN in net.logstash.logback.appender.LogstashTcpSocketAppender[LOGSTASH] - Log destination 192.168.110.57/<unresolved>:4560: Waiting 24986ms before attempting reconnection.
03:54:09,601 |-WARN in net.logstash.logback.appender.LogstashTcpSocketAppender[LOGSTASH] - Log destination 192.168.110.57/<unresolved>:4560: Waiting 24978ms before attempting reconnection.
03:54:39,603 |-WARN in net.logstash.logback.appender.LogstashTcpSocketAppender[LOGSTASH] - Log destination 192.168.110.57/<unresolved>:4560: Waiting 24986ms before attempting reconnection.
03:55:09,613 |-WARN in net.logstash.logback.appender.LogstashTcpSocketAppender[LOGSTASH] - Log destination 192.168.110.57/<unresolved>:4560: Waiting 24985ms before attempting reconnection.
03:55:39,620 |-WARN in net.logstash.logback.appender.LogstashTcpSocketAppender[LOGSTASH] - Log destination 192.168.110.57/<unresolved>:4560: Waiting 24985ms before attempting reconnection.
03:56:09,630 |-WARN in net.logstash.logback.appender.LogstashTcpSocketAppender[LOGSTASH] - Log destination 192.168.110.57/<unresolved>:4560: Waiting 24979ms before attempting reconnection.
03:56:39,640 |-WARN in net.logstash.logback.appender.LogstashTcpSocketAppender[LOGSTASH] - Log destination 192.168.110.57/<unresolved>:4560: Waiting 24973ms before attempting reconnection.
03:57:09,637 |-WARN in net.logstash.logback.appender.LogstashTcpSocketAppender[LOGSTASH] - Log destination 192.168.110.57/<unresolved>:4560: Waiting 24986ms before attempting reconnection.
03:57:39,651 |-WARN in net.logstash.logback.appender.LogstashTcpSocketAppender[LOGSTASH] - Log destination 192.168.110.57/<unresolved>:4560: Waiting 24982ms before attempting reconnection.
03:58:09,659 |-WARN in net.logstash.logback.appender.LogstashTcpSocketAppender[LOGSTASH] - Log destination 192.168.110.57/<unresolved>:4560: Waiting 24979ms before attempting reconnection.
03:58:39,664 |-WARN in net.logstash.logback.appender.LogstashTcpSocketAppender[LOGSTASH] - Log destination 192.168.110.57/<unresolved>:4560: Waiting 24979ms before attempting reconnection.
03:59:09,673 |-WARN in net.logstash.logback.appender.LogstashTcpSocketAppender[LOGSTASH] - Log destination 192.168.110.57/<unresolved>:4560: Waiting 24986ms before attempting reconnection.
03:59:39,687 |-WARN in net.logstash.logback.appender.LogstashTcpSocketAppender[LOGSTASH] - Log destination 192.168.110.57/<unresolved>:4560: Waiting 24986ms before attempting reconnection.
04:00:09,692 |-WARN in net.logstash.logback.appender.LogstashTcpSocketAppender[LOGSTASH] - Log destination 192.168.110.57/<unresolved>:4560: Waiting 24987ms before attempting reconnection.
04:00:39,707 |-WARN in net.logstash.logback.appender.LogstashTcpSocketAppender[LOGSTASH] - Log destination 192.168.110.57/<unresolved>:4560: Waiting 24981ms before attempting reconnection.
04:01:09,711 |-WARN in net.logstash.logback.appender.LogstashTcpSocketAppender[LOGSTASH] - Log destination 192.168.110.57/<unresolved>:4560: Waiting 24987ms before attempting reconnection.
04:01:39,733 |-WARN in net.logstash.logback.appender.LogstashTcpSocketAppender[LOGSTASH] - Log destination 192.168.110.57/<unresolved>:4560: Waiting 24967ms before attempting reconnection.
04:02:09,723 |-WARN in net.logstash.logback.appender.LogstashTcpSocketAppender[LOGSTASH] - Log destination 192.168.110.57/<unresolved>:4560: Waiting 24984ms before attempting reconnection.
04:02:39,723 |-WARN in net.logstash.logback.appender.LogstashTcpSocketAppender[LOGSTASH] - Log destination 192.168.110.57/<unresolved>:4560: Waiting 24988ms before attempting reconnection.
04:03:09,734 |-WARN in net.logstash.logback.appender.LogstashTcpSocketAppender[LOGSTASH] - Log destination 192.168.110.57/<unresolved>:4560: Waiting 24986ms before attempting reconnection.
04:03:39,759 |-WARN in net.logstash.logback.appender.LogstashTcpSocketAppender[LOGSTASH] - Log destination 192.168.110.57/<unresolved>:4560: Waiting 24971ms before attempting reconnection.
04:04:09,753 |-WARN in net.logstash.logback.appender.LogstashTcpSocketAppender[LOGSTASH] - Log destination 192.168.110.57/<unresolved>:4560: Waiting 24982ms before attempting reconnection.
04:04:39,777 |-WARN in net.logstash.logback.appender.LogstashTcpSocketAppender[LOGSTASH] - Log destination 192.168.110.57/<unresolved>:4560: Waiting 24968ms before attempting reconnection.
04:05:09,781 |-WARN in net.logstash.logback.appender.LogstashTcpSocketAppender[LOGSTASH] - Log destination 192.168.110.57/<unresolved>:4560: Waiting 24985ms before attempting reconnection.
04:05:39,780 |-WARN in net.logstash.logback.appender.LogstashTcpSocketAppender[LOGSTASH] - Log destination 192.168.110.57/<unresolved>:4560: Waiting 24989ms before attempting reconnection.
04:06:09,787 |-WARN in net.logstash.logback.appender.LogstashTcpSocketAppender[LOGSTASH] - Log destination 192.168.110.57/<unresolved>:4560: Waiting 24990ms before attempting reconnection.
04:06:39,795 |-WARN in net.logstash.logback.appender.LogstashTcpSocketAppender[LOGSTASH] - Log destination 192.168.110.57/<unresolved>:4560: Waiting 24984ms before attempting reconnection.
04:07:09,799 |-WARN in net.logstash.logback.appender.LogstashTcpSocketAppender[LOGSTASH] - Log destination 192.168.110.57/<unresolved>:4560: Waiting 24990ms before attempting reconnection.
04:07:39,826 |-WARN in net.logstash.logback.appender.LogstashTcpSocketAppender[LOGSTASH] - Log destination 192.168.110.57/<unresolved>:4560: Waiting 24966ms before attempting reconnection.
04:08:09,812 |-WARN in net.logstash.logback.appender.LogstashTcpSocketAppender[LOGSTASH] - Log destination 192.168.110.57/<unresolved>:4560: Waiting 24986ms before attempting reconnection.
04:08:39,816 |-WARN in net.logstash.logback.appender.LogstashTcpSocketAppender[LOGSTASH] - Log destination 192.168.110.57/<unresolved>:4560: Waiting 24986ms before attempting reconnection.
04:09:09,830 |-WARN in net.logstash.logback.appender.LogstashTcpSocketAppender[LOGSTASH] - Log destination 192.168.110.57/<unresolved>:4560: Waiting 24976ms before attempting reconnection.
04:09:39,841 |-WARN in net.logstash.logback.appender.LogstashTcpSocketAppender[LOGSTASH] - Log destination 192.168.110.57/<unresolved>:4560: Waiting 24969ms before attempting reconnection.
04:10:09,834 |-WARN in net.logstash.logback.appender.LogstashTcpSocketAppender[LOGSTASH] - Log destination 192.168.110.57/<unresolved>:4560: Waiting 24977ms before attempting reconnection.
04:10:39,835 |-WARN in net.logstash.logback.appender.LogstashTcpSocketAppender[LOGSTASH] - Log destination 192.168.110.57/<unresolved>:4560: Waiting 24987ms before attempting reconnection.
04:11:09,842 |-WARN in net.logstash.logback.appender.LogstashTcpSocketAppender[LOGSTASH] - Log destination 192.168.110.57/<unresolved>:4560: Waiting 24985ms before attempting reconnection.
04:11:39,850 |-WARN in net.logstash.logback.appender.LogstashTcpSocketAppender[LOGSTASH] - Log destination 192.168.110.57/<unresolved>:4560: Waiting 24982ms before attempting reconnection.
04:12:09,857 |-WARN in net.logstash.logback.appender.LogstashTcpSocketAppender[LOGSTASH] - Log destination 192.168.110.57/<unresolved>:4560: Waiting 24986ms before attempting reconnection.
04:12:39,864 |-WARN in net.logstash.logback.appender.LogstashTcpSocketAppender[LOGSTASH] - Log destination 192.168.110.57/<unresolved>:4560: Waiting 24988ms before attempting reconnection.
04:13:09,886 |-WARN in net.logstash.logback.appender.LogstashTcpSocketAppender[LOGSTASH] - Log destination 192.168.110.57/<unresolved>:4560: Waiting 24977ms before attempting reconnection.
04:13:39,881 |-WARN in net.logstash.logback.appender.LogstashTcpSocketAppender[LOGSTASH] - Log destination 192.168.110.57/<unresolved>:4560: Waiting 24987ms before attempting reconnection.
04:14:09,876 |-WARN in net.logstash.logback.appender.LogstashTcpSocketAppender[LOGSTASH] - Log destination 192.168.110.57/<unresolved>:4560: Waiting 24993ms before attempting reconnection.
04:14:39,880 |-WARN in net.logstash.logback.appender.LogstashTcpSocketAppender[LOGSTASH] - Log destination 192.168.110.57/<unresolved>:4560: Waiting 24991ms before attempting reconnection.
04:15:09,889 |-WARN in net.logstash.logback.appender.LogstashTcpSocketAppender[LOGSTASH] - Log destination 192.168.110.57/<unresolved>:4560: Waiting 24986ms before attempting reconnection.
04:15:39,900 |-WARN in net.logstash.logback.appender.LogstashTcpSocketAppender[LOGSTASH] - Log destination 192.168.110.57/<unresolved>:4560: Waiting 24985ms before attempting reconnection.
04:16:09,907 |-WARN in net.logstash.logback.appender.LogstashTcpSocketAppender[LOGSTASH] - Log destination 192.168.110.57/<unresolved>:4560: Waiting 24988ms before attempting reconnection.
04:16:39,914 |-WARN in net.logstash.logback.appender.LogstashTcpSocketAppender[LOGSTASH] - Log destination 192.168.110.57/<unresolved>:4560: Waiting 24991ms before attempting reconnection.
04:17:09,921 |-WARN in net.logstash.logback.appender.LogstashTcpSocketAppender[LOGSTASH] - Log destination 192.168.110.57/<unresolved>:4560: Waiting 24990ms before attempting reconnection.
04:17:39,932 |-WARN in net.logstash.logback.appender.LogstashTcpSocketAppender[LOGSTASH] - Log destination 192.168.110.57/<unresolved>:4560: Waiting 24985ms before attempting reconnection.
04:18:09,942 |-WARN in net.logstash.logback.appender.LogstashTcpSocketAppender[LOGSTASH] - Log destination 192.168.110.57/<unresolved>:4560: Waiting 24985ms before attempting reconnection.
04:18:39,952 |-WARN in net.logstash.logback.appender.LogstashTcpSocketAppender[LOGSTASH] - Log destination 192.168.110.57/<unresolved>:4560: Waiting 24986ms before attempting reconnection.
04:19:09,963 |-WARN in net.logstash.logback.appender.LogstashTcpSocketAppender[LOGSTASH] - Log destination 192.168.110.57/<unresolved>:4560: Waiting 24986ms before attempting reconnection.
04:19:39,973 |-WARN in net.logstash.logback.appender.LogstashTcpSocketAppender[LOGSTASH] - Log destination 192.168.110.57/<unresolved>:4560: Waiting 24985ms before attempting reconnection.
04:20:09,986 |-WARN in net.logstash.logback.appender.LogstashTcpSocketAppender[LOGSTASH] - Log destination 192.168.110.57/<unresolved>:4560: Waiting 24979ms before attempting reconnection.
04:20:39,989 |-WARN in net.logstash.logback.appender.LogstashTcpSocketAppender[LOGSTASH] - Log destination 192.168.110.57/<unresolved>:4560: Waiting 24982ms before attempting reconnection.
04:21:09,999 |-WARN in net.logstash.logback.appender.LogstashTcpSocketAppender[LOGSTASH] - Log destination 192.168.110.57/<unresolved>:4560: Waiting 24980ms before attempting reconnection.
04:21:39,998 |-WARN in net.logstash.logback.appender.LogstashTcpSocketAppender[LOGSTASH] - Log destination 192.168.110.57/<unresolved>:4560: Waiting 24991ms before attempting reconnection.
04:22:10,005 |-WARN in net.logstash.logback.appender.LogstashTcpSocketAppender[LOGSTASH] - Log destination 192.168.110.57/<unresolved>:4560: Waiting 24990ms before attempting reconnection.
04:22:40,008 |-WARN in net.logstash.logback.appender.LogstashTcpSocketAppender[LOGSTASH] - Log destination 192.168.110.57/<unresolved>:4560: Waiting 24990ms before attempting reconnection.
04:23:10,023 |-WARN in net.logstash.logback.appender.LogstashTcpSocketAppender[LOGSTASH] - Log destination 192.168.110.57/<unresolved>:4560: Waiting 24985ms before attempting reconnection.
04:23:40,029 |-WARN in net.logstash.logback.appender.LogstashTcpSocketAppender[LOGSTASH] - Log destination 192.168.110.57/<unresolved>:4560: Waiting 24991ms before attempting reconnection.
04:24:10,033 |-WARN in net.logstash.logback.appender.LogstashTcpSocketAppender[LOGSTASH] - Log destination 192.168.110.57/<unresolved>:4560: Waiting 24991ms before attempting reconnection.
04:24:40,045 |-WARN in net.logstash.logback.appender.LogstashTcpSocketAppender[LOGSTASH] - Log destination 192.168.110.57/<unresolved>:4560: Waiting 24986ms before attempting reconnection.
04:25:10,053 |-WARN in net.logstash.logback.appender.LogstashTcpSocketAppender[LOGSTASH] - Log destination 192.168.110.57/<unresolved>:4560: Waiting 24988ms before attempting reconnection.
04:25:40,056 |-WARN in net.logstash.logback.appender.LogstashTcpSocketAppender[LOGSTASH] - Log destination 192.168.110.57/<unresolved>:4560: Waiting 24986ms before attempting reconnection.
04:26:10,069 |-WARN in net.logstash.logback.appender.LogstashTcpSocketAppender[LOGSTASH] - Log destination 192.168.110.57/<unresolved>:4560: Waiting 24985ms before attempting reconnection.
04:26:40,083 |-WARN in net.logstash.logback.appender.LogstashTcpSocketAppender[LOGSTASH] - Log destination 192.168.110.57/<unresolved>:4560: Waiting 24981ms before attempting reconnection.
04:27:10,088 |-WARN in net.logstash.logback.appender.LogstashTcpSocketAppender[LOGSTASH] - Log destination 192.168.110.57/<unresolved>:4560: Waiting 24987ms before attempting reconnection.
04:27:40,090 |-WARN in net.logstash.logback.appender.LogstashTcpSocketAppender[LOGSTASH] - Log destination 192.168.110.57/<unresolved>:4560: Waiting 24986ms before attempting reconnection.
04:28:10,111 |-WARN in net.logstash.logback.appender.LogstashTcpSocketAppender[LOGSTASH] - Log destination 192.168.110.57/<unresolved>:4560: Waiting 24973ms before attempting reconnection.
04:28:40,103 |-WARN in net.logstash.logback.appender.LogstashTcpSocketAppender[LOGSTASH] - Log destination 192.168.110.57/<unresolved>:4560: Waiting 24986ms before attempting reconnection.
04:29:10,121 |-WARN in net.logstash.logback.appender.LogstashTcpSocketAppender[LOGSTASH] - Log destination 192.168.110.57/<unresolved>:4560: Waiting 24981ms before attempting reconnection.
04:29:40,138 |-WARN in net.logstash.logback.appender.LogstashTcpSocketAppender[LOGSTASH] - Log destination 192.168.110.57/<unresolved>:4560: Waiting 24985ms before attempting reconnection.
04:30:10,143 |-WARN in net.logstash.logback.appender.LogstashTcpSocketAppender[LOGSTASH] - Log destination 192.168.110.57/<unresolved>:4560: Waiting 24987ms before attempting reconnection.
04:30:40,171 |-WARN in net.logstash.logback.appender.LogstashTcpSocketAppender[LOGSTASH] - Log destination 192.168.110.57/<unresolved>:4560: Waiting 24969ms before attempting reconnection.
04:31:10,167 |-WARN in net.logstash.logback.appender.LogstashTcpSocketAppender[LOGSTASH] - Log destination 192.168.110.57/<unresolved>:4560: Waiting 24982ms before attempting reconnection.
04:31:40,173 |-WARN in net.logstash.logback.appender.LogstashTcpSocketAppender[LOGSTASH] - Log destination 192.168.110.57/<unresolved>:4560: Waiting 24986ms before attempting reconnection.
04:32:10,194 |-WARN in net.logstash.logback.appender.LogstashTcpSocketAppender[LOGSTASH] - Log destination 192.168.110.57/<unresolved>:4560: Waiting 24969ms before attempting reconnection.
04:32:40,186 |-WARN in net.logstash.logback.appender.LogstashTcpSocketAppender[LOGSTASH] - Log destination 192.168.110.57/<unresolved>:4560: Waiting 24984ms before attempting reconnection.
04:33:10,203 |-WARN in net.logstash.logback.appender.LogstashTcpSocketAppender[LOGSTASH] - Log destination 192.168.110.57/<unresolved>:4560: Waiting 24978ms before attempting reconnection.
04:33:40,210 |-WARN in net.logstash.logback.appender.LogstashTcpSocketAppender[LOGSTASH] - Log destination 192.168.110.57/<unresolved>:4560: Waiting 24980ms before attempting reconnection.
04:34:10,210 |-WARN in net.logstash.logback.appender.LogstashTcpSocketAppender[LOGSTASH] - Log destination 192.168.110.57/<unresolved>:4560: Waiting 24988ms before attempting reconnection.
04:34:40,224 |-WARN in net.logstash.logback.appender.LogstashTcpSocketAppender[LOGSTASH] - Log destination 192.168.110.57/<unresolved>:4560: Waiting 24987ms before attempting reconnection.
04:35:10,236 |-WARN in net.logstash.logback.appender.LogstashTcpSocketAppender[LOGSTASH] - Log destination 192.168.110.57/<unresolved>:4560: Waiting 24985ms before attempting reconnection.
04:35:40,253 |-WARN in net.logstash.logback.appender.LogstashTcpSocketAppender[LOGSTASH] - Log destination 192.168.110.57/<unresolved>:4560: Waiting 24973ms before attempting reconnection.
04:36:10,247 |-WARN in net.logstash.logback.appender.LogstashTcpSocketAppender[LOGSTASH] - Log destination 192.168.110.57/<unresolved>:4560: Waiting 24984ms before attempting reconnection.
04:36:40,248 |-WARN in net.logstash.logback.appender.LogstashTcpSocketAppender[LOGSTASH] - Log destination 192.168.110.57/<unresolved>:4560: Waiting 24991ms before attempting reconnection.
04:37:10,279 |-WARN in net.logstash.logback.appender.LogstashTcpSocketAppender[LOGSTASH] - Log destination 192.168.110.57/<unresolved>:4560: Waiting 24969ms before attempting reconnection.
04:37:40,279 |-WARN in net.logstash.logback.appender.LogstashTcpSocketAppender[LOGSTASH] - Log destination 192.168.110.57/<unresolved>:4560: Waiting 24980ms before attempting reconnection.
04:38:10,286 |-WARN in net.logstash.logback.appender.LogstashTcpSocketAppender[LOGSTASH] - Log destination 192.168.110.57/<unresolved>:4560: Waiting 24977ms before attempting reconnection.
04:38:40,280 |-WARN in net.logstash.logback.appender.LogstashTcpSocketAppender[LOGSTASH] - Log destination 192.168.110.57/<unresolved>:4560: Waiting 24992ms before attempting reconnection.
04:39:10,293 |-WARN in net.logstash.logback.appender.LogstashTcpSocketAppender[LOGSTASH] - Log destination 192.168.110.57/<unresolved>:4560: Waiting 24985ms before attempting reconnection.
04:39:40,299 |-WARN in net.logstash.logback.appender.LogstashTcpSocketAppender[LOGSTASH] - Log destination 192.168.110.57/<unresolved>:4560: Waiting 24984ms before attempting reconnection.
04:40:10,305 |-WARN in net.logstash.logback.appender.LogstashTcpSocketAppender[LOGSTASH] - Log destination 192.168.110.57/<unresolved>:4560: Waiting 24985ms before attempting reconnection.
04:40:40,307 |-WARN in net.logstash.logback.appender.LogstashTcpSocketAppender[LOGSTASH] - Log destination 192.168.110.57/<unresolved>:4560: Waiting 24987ms before attempting reconnection.
04:41:10,311 |-WARN in net.logstash.logback.appender.LogstashTcpSocketAppender[LOGSTASH] - Log destination 192.168.110.57/<unresolved>:4560: Waiting 24987ms before attempting reconnection.
04:41:40,322 |-WARN in net.logstash.logback.appender.LogstashTcpSocketAppender[LOGSTASH] - Log destination 192.168.110.57/<unresolved>:4560: Waiting 24984ms before attempting reconnection.
04:42:10,327 |-WARN in net.logstash.logback.appender.LogstashTcpSocketAppender[LOGSTASH] - Log destination 192.168.110.57/<unresolved>:4560: Waiting 24988ms before attempting reconnection.
04:42:40,338 |-WARN in net.logstash.logback.appender.LogstashTcpSocketAppender[LOGSTASH] - Log destination 192.168.110.57/<unresolved>:4560: Waiting 24984ms before attempting reconnection.
04:43:10,344 |-WARN in net.logstash.logback.appender.LogstashTcpSocketAppender[LOGSTASH] - Log destination 192.168.110.57/<unresolved>:4560: Waiting 24984ms before attempting reconnection.
04:43:40,349 |-WARN in net.logstash.logback.appender.LogstashTcpSocketAppender[LOGSTASH] - Log destination 192.168.110.57/<unresolved>:4560: Waiting 24990ms before attempting reconnection.
04:44:10,352 |-WARN in net.logstash.logback.appender.LogstashTcpSocketAppender[LOGSTASH] - Log destination 192.168.110.57/<unresolved>:4560: Waiting 24996ms before attempting reconnection.
04:44:40,354 |-WARN in net.logstash.logback.appender.LogstashTcpSocketAppender[LOGSTASH] - Log destination 192.168.110.57/<unresolved>:4560: Waiting 24990ms before attempting reconnection.
04:45:10,366 |-WARN in net.logstash.logback.appender.LogstashTcpSocketAppender[LOGSTASH] - Log destination 192.168.110.57/<unresolved>:4560: Waiting 24987ms before attempting reconnection.
04:45:40,376 |-WARN in net.logstash.logback.appender.LogstashTcpSocketAppender[LOGSTASH] - Log destination 192.168.110.57/<unresolved>:4560: Waiting 24986ms before attempting reconnection.
04:46:10,380 |-WARN in net.logstash.logback.appender.LogstashTcpSocketAppender[LOGSTASH] - Log destination 192.168.110.57/<unresolved>:4560: Waiting 24989ms before attempting reconnection.
04:46:40,390 |-WARN in net.logstash.logback.appender.LogstashTcpSocketAppender[LOGSTASH] - Log destination 192.168.110.57/<unresolved>:4560: Waiting 24985ms before attempting reconnection.
04:47:10,395 |-WARN in net.logstash.logback.appender.LogstashTcpSocketAppender[LOGSTASH] - Log destination 192.168.110.57/<unresolved>:4560: Waiting 24988ms before attempting reconnection.
04:47:40,408 |-WARN in net.logstash.logback.appender.LogstashTcpSocketAppender[LOGSTASH] - Log destination 192.168.110.57/<unresolved>:4560: Waiting 24984ms before attempting reconnection.
04:48:10,411 |-WARN in net.logstash.logback.appender.LogstashTcpSocketAppender[LOGSTASH] - Log destination 192.168.110.57/<unresolved>:4560: Waiting 24986ms before attempting reconnection.
04:48:40,418 |-WARN in net.logstash.logback.appender.LogstashTcpSocketAppender[LOGSTASH] - Log destination 192.168.110.57/<unresolved>:4560: Waiting 24987ms before attempting reconnection.
04:49:10,428 |-WARN in net.logstash.logback.appender.LogstashTcpSocketAppender[LOGSTASH] - Log destination 192.168.110.57/<unresolved>:4560: Waiting 24986ms before attempting reconnection.
04:49:40,440 |-WARN in net.logstash.logback.appender.LogstashTcpSocketAppender[LOGSTASH] - Log destination 192.168.110.57/<unresolved>:4560: Waiting 24975ms before attempting reconnection.
04:50:10,443 |-WARN in net.logstash.logback.appender.LogstashTcpSocketAppender[LOGSTASH] - Log destination 192.168.110.57/<unresolved>:4560: Waiting 24979ms before attempting reconnection.
04:50:40,442 |-WARN in net.logstash.logback.appender.LogstashTcpSocketAppender[LOGSTASH] - Log destination 192.168.110.57/<unresolved>:4560: Waiting 24983ms before attempting reconnection.
04:51:10,446 |-WARN in net.logstash.logback.appender.LogstashTcpSocketAppender[LOGSTASH] - Log destination 192.168.110.57/<unresolved>:4560: Waiting 24987ms before attempting reconnection.
04:51:40,453 |-WARN in net.logstash.logback.appender.LogstashTcpSocketAppender[LOGSTASH] - Log destination 192.168.110.57/<unresolved>:4560: Waiting 24983ms before attempting reconnection.
04:52:10,475 |-WARN in net.logstash.logback.appender.LogstashTcpSocketAppender[LOGSTASH] - Log destination 192.168.110.57/<unresolved>:4560: Waiting 24970ms before attempting reconnection.
04:52:40,467 |-WARN in net.logstash.logback.appender.LogstashTcpSocketAppender[LOGSTASH] - Log destination 192.168.110.57/<unresolved>:4560: Waiting 24986ms before attempting reconnection.
04:53:10,472 |-WARN in net.logstash.logback.appender.LogstashTcpSocketAppender[LOGSTASH] - Log destination 192.168.110.57/<unresolved>:4560: Waiting 24984ms before attempting reconnection.
04:53:40,472 |-WARN in net.logstash.logback.appender.LogstashTcpSocketAppender[LOGSTASH] - Log destination 192.168.110.57/<unresolved>:4560: Waiting 24986ms before attempting reconnection.
04:54:10,485 |-WARN in net.logstash.logback.appender.LogstashTcpSocketAppender[LOGSTASH] - Log destination 192.168.110.57/<unresolved>:4560: Waiting 24983ms before attempting reconnection.
04:54:40,496 |-WARN in net.logstash.logback.appender.LogstashTcpSocketAppender[LOGSTASH] - Log destination 192.168.110.57/<unresolved>:4560: Waiting 24983ms before attempting reconnection.
04:55:10,502 |-WARN in net.logstash.logback.appender.LogstashTcpSocketAppender[LOGSTASH] - Log destination 192.168.110.57/<unresolved>:4560: Waiting 24986ms before attempting reconnection.
04:55:40,514 |-WARN in net.logstash.logback.appender.LogstashTcpSocketAppender[LOGSTASH] - Log destination 192.168.110.57/<unresolved>:4560: Waiting 24984ms before attempting reconnection.
04:56:10,524 |-WARN in net.logstash.logback.appender.LogstashTcpSocketAppender[LOGSTASH] - Log destination 192.168.110.57/<unresolved>:4560: Waiting 24984ms before attempting reconnection.
04:56:40,552 |-WARN in net.logstash.logback.appender.LogstashTcpSocketAppender[LOGSTASH] - Log destination 192.168.110.57/<unresolved>:4560: Waiting 24965ms before attempting reconnection.
04:57:10,544 |-WARN in net.logstash.logback.appender.LogstashTcpSocketAppender[LOGSTASH] - Log destination 192.168.110.57/<unresolved>:4560: Waiting 24983ms before attempting reconnection.
04:57:40,555 |-WARN in net.logstash.logback.appender.LogstashTcpSocketAppender[LOGSTASH] - Log destination 192.168.110.57/<unresolved>:4560: Waiting 24983ms before attempting reconnection.
04:58:10,559 |-WARN in net.logstash.logback.appender.LogstashTcpSocketAppender[LOGSTASH] - Log destination 192.168.110.57/<unresolved>:4560: Waiting 24986ms before attempting reconnection.
04:58:40,581 |-WARN in net.logstash.logback.appender.LogstashTcpSocketAppender[LOGSTASH] - Log destination 192.168.110.57/<unresolved>:4560: Waiting 24972ms before attempting reconnection.
04:59:10,594 |-WARN in net.logstash.logback.appender.LogstashTcpSocketAppender[LOGSTASH] - Log destination 192.168.110.57/<unresolved>:4560: Waiting 24966ms before attempting reconnection.
04:59:40,609 |-WARN in net.logstash.logback.appender.LogstashTcpSocketAppender[LOGSTASH] - Log destination 192.168.110.57/<unresolved>:4560: Waiting 24988ms before attempting reconnection.
05:00:10,628 |-WARN in net.logstash.logback.appender.LogstashTcpSocketAppender[LOGSTASH] - Log destination 192.168.110.57/<unresolved>:4560: Waiting 24984ms before attempting reconnection.
05:00:40,635 |-WARN in net.logstash.logback.appender.LogstashTcpSocketAppender[LOGSTASH] - Log destination 192.168.110.57/<unresolved>:4560: Waiting 24980ms before attempting reconnection.
05:01:10,645 |-WARN in net.logstash.logback.appender.LogstashTcpSocketAppender[LOGSTASH] - Log destination 192.168.110.57/<unresolved>:4560: Waiting 24983ms before attempting reconnection.
05:01:40,665 |-WARN in net.logstash.logback.appender.LogstashTcpSocketAppender[LOGSTASH] - Log destination 192.168.110.57/<unresolved>:4560: Waiting 24975ms before attempting reconnection.
05:02:10,672 |-WARN in net.logstash.logback.appender.LogstashTcpSocketAppender[LOGSTASH] - Log destination 192.168.110.57/<unresolved>:4560: Waiting 24977ms before attempting reconnection.
05:02:40,673 |-WARN in net.logstash.logback.appender.LogstashTcpSocketAppender[LOGSTASH] - Log destination 192.168.110.57/<unresolved>:4560: Waiting 24986ms before attempting reconnection.
05:03:10,679 |-WARN in net.logstash.logback.appender.LogstashTcpSocketAppender[LOGSTASH] - Log destination 192.168.110.57/<unresolved>:4560: Waiting 24982ms before attempting reconnection.
05:03:40,672 |-WARN in net.logstash.logback.appender.LogstashTcpSocketAppender[LOGSTASH] - Log destination 192.168.110.57/<unresolved>:4560: Waiting 24991ms before attempting reconnection.
05:04:10,678 |-WARN in net.logstash.logback.appender.LogstashTcpSocketAppender[LOGSTASH] - Log destination 192.168.110.57/<unresolved>:4560: Waiting 24986ms before attempting reconnection.
05:04:40,684 |-WARN in net.logstash.logback.appender.LogstashTcpSocketAppender[LOGSTASH] - Log destination 192.168.110.57/<unresolved>:4560: Waiting 24985ms before attempting reconnection.
05:05:10,687 |-WARN in net.logstash.logback.appender.LogstashTcpSocketAppender[LOGSTASH] - Log destination 192.168.110.57/<unresolved>:4560: Waiting 24986ms before attempting reconnection.
05:05:40,700 |-WARN in net.logstash.logback.appender.LogstashTcpSocketAppender[LOGSTASH] - Log destination 192.168.110.57/<unresolved>:4560: Waiting 24983ms before attempting reconnection.
05:06:10,697 |-WARN in net.logstash.logback.appender.LogstashTcpSocketAppender[LOGSTASH] - Log destination 192.168.110.57/<unresolved>:4560: Waiting 24991ms before attempting reconnection.
05:06:40,731 |-WARN in net.logstash.logback.appender.LogstashTcpSocketAppender[LOGSTASH] - Log destination 192.168.110.57/<unresolved>:4560: Waiting 24966ms before attempting reconnection.
05:07:10,714 |-WARN in net.logstash.logback.appender.LogstashTcpSocketAppender[LOGSTASH] - Log destination 192.168.110.57/<unresolved>:4560: Waiting 24990ms before attempting reconnection.
05:07:40,724 |-WARN in net.logstash.logback.appender.LogstashTcpSocketAppender[LOGSTASH] - Log destination 192.168.110.57/<unresolved>:4560: Waiting 24990ms before attempting reconnection.
05:08:10,734 |-WARN in net.logstash.logback.appender.LogstashTcpSocketAppender[LOGSTASH] - Log destination 192.168.110.57/<unresolved>:4560: Waiting 24981ms before attempting reconnection.
05:08:40,741 |-WARN in net.logstash.logback.appender.LogstashTcpSocketAppender[LOGSTASH] - Log destination 192.168.110.57/<unresolved>:4560: Waiting 24977ms before attempting reconnection.
05:09:10,740 |-WARN in net.logstash.logback.appender.LogstashTcpSocketAppender[LOGSTASH] - Log destination 192.168.110.57/<unresolved>:4560: Waiting 24984ms before attempting reconnection.
05:09:40,749 |-WARN in net.logstash.logback.appender.LogstashTcpSocketAppender[LOGSTASH] - Log destination 192.168.110.57/<unresolved>:4560: Waiting 24985ms before attempting reconnection.
05:10:10,759 |-WARN in net.logstash.logback.appender.LogstashTcpSocketAppender[LOGSTASH] - Log destination 192.168.110.57/<unresolved>:4560: Waiting 24984ms before attempting reconnection.
05:10:40,766 |-WARN in net.logstash.logback.appender.LogstashTcpSocketAppender[LOGSTASH] - Log destination 192.168.110.57/<unresolved>:4560: Waiting 24981ms before attempting reconnection.
05:11:10,767 |-WARN in net.logstash.logback.appender.LogstashTcpSocketAppender[LOGSTASH] - Log destination 192.168.110.57/<unresolved>:4560: Waiting 24984ms before attempting reconnection.
05:11:40,781 |-WARN in net.logstash.logback.appender.LogstashTcpSocketAppender[LOGSTASH] - Log destination 192.168.110.57/<unresolved>:4560: Waiting 24980ms before attempting reconnection.
05:12:10,792 |-WARN in net.logstash.logback.appender.LogstashTcpSocketAppender[LOGSTASH] - Log destination 192.168.110.57/<unresolved>:4560: Waiting 24977ms before attempting reconnection.
05:12:40,787 |-WARN in net.logstash.logback.appender.LogstashTcpSocketAppender[LOGSTASH] - Log destination 192.168.110.57/<unresolved>:4560: Waiting 24987ms before attempting reconnection.
05:13:10,822 |-WARN in net.logstash.logback.appender.LogstashTcpSocketAppender[LOGSTASH] - Log destination 192.168.110.57/<unresolved>:4560: Waiting 24961ms before attempting reconnection.
05:13:40,813 |-WARN in net.logstash.logback.appender.LogstashTcpSocketAppender[LOGSTASH] - Log destination 192.168.110.57/<unresolved>:4560: Waiting 24975ms before attempting reconnection.
05:14:10,808 |-WARN in net.logstash.logback.appender.LogstashTcpSocketAppender[LOGSTASH] - Log destination 192.168.110.57/<unresolved>:4560: Waiting 24989ms before attempting reconnection.
05:14:40,808 |-WARN in net.logstash.logback.appender.LogstashTcpSocketAppender[LOGSTASH] - Log destination 192.168.110.57/<unresolved>:4560: Waiting 24987ms before attempting reconnection.
05:15:10,812 |-WARN in net.logstash.logback.appender.LogstashTcpSocketAppender[LOGSTASH] - Log destination 192.168.110.57/<unresolved>:4560: Waiting 24989ms before attempting reconnection.
05:15:40,827 |-WARN in net.logstash.logback.appender.LogstashTcpSocketAppender[LOGSTASH] - Log destination 192.168.110.57/<unresolved>:4560: Waiting 24984ms before attempting reconnection.
05:16:10,836 |-WARN in net.logstash.logback.appender.LogstashTcpSocketAppender[LOGSTASH] - Log destination 192.168.110.57/<unresolved>:4560: Waiting 24981ms before attempting reconnection.
05:16:40,837 |-WARN in net.logstash.logback.appender.LogstashTcpSocketAppender[LOGSTASH] - Log destination 192.168.110.57/<unresolved>:4560: Waiting 24987ms before attempting reconnection.
05:17:10,849 |-WARN in net.logstash.logback.appender.LogstashTcpSocketAppender[LOGSTASH] - Log destination 192.168.110.57/<unresolved>:4560: Waiting 24980ms before attempting reconnection.
05:17:40,852 |-WARN in net.logstash.logback.appender.LogstashTcpSocketAppender[LOGSTASH] - Log destination 192.168.110.57/<unresolved>:4560: Waiting 24987ms before attempting reconnection.
05:18:10,863 |-WARN in net.logstash.logback.appender.LogstashTcpSocketAppender[LOGSTASH] - Log destination 192.168.110.57/<unresolved>:4560: Waiting 24981ms before attempting reconnection.
05:18:40,868 |-WARN in net.logstash.logback.appender.LogstashTcpSocketAppender[LOGSTASH] - Log destination 192.168.110.57/<unresolved>:4560: Waiting 24985ms before attempting reconnection.
05:19:10,879 |-WARN in net.logstash.logback.appender.LogstashTcpSocketAppender[LOGSTASH] - Log destination 192.168.110.57/<unresolved>:4560: Waiting 24984ms before attempting reconnection.
05:19:40,890 |-WARN in net.logstash.logback.appender.LogstashTcpSocketAppender[LOGSTASH] - Log destination 192.168.110.57/<unresolved>:4560: Waiting 24983ms before attempting reconnection.
05:20:10,898 |-WARN in net.logstash.logback.appender.LogstashTcpSocketAppender[LOGSTASH] - Log destination 192.168.110.57/<unresolved>:4560: Waiting 24985ms before attempting reconnection.
05:20:40,907 |-WARN in net.logstash.logback.appender.LogstashTcpSocketAppender[LOGSTASH] - Log destination 192.168.110.57/<unresolved>:4560: Waiting 24987ms before attempting reconnection.
05:21:10,914 |-WARN in net.logstash.logback.appender.LogstashTcpSocketAppender[LOGSTASH] - Log destination 192.168.110.57/<unresolved>:4560: Waiting 24989ms before attempting reconnection.
05:21:40,925 |-WARN in net.logstash.logback.appender.LogstashTcpSocketAppender[LOGSTASH] - Log destination 192.168.110.57/<unresolved>:4560: Waiting 24982ms before attempting reconnection.
05:22:10,927 |-WARN in net.logstash.logback.appender.LogstashTcpSocketAppender[LOGSTASH] - Log destination 192.168.110.57/<unresolved>:4560: Waiting 24990ms before attempting reconnection.
05:22:40,939 |-WARN in net.logstash.logback.appender.LogstashTcpSocketAppender[LOGSTASH] - Log destination 192.168.110.57/<unresolved>:4560: Waiting 24984ms before attempting reconnection.
05:23:10,961 |-WARN in net.logstash.logback.appender.LogstashTcpSocketAppender[LOGSTASH] - Log destination 192.168.110.57/<unresolved>:4560: Waiting 24966ms before attempting reconnection.
05:23:40,956 |-WARN in net.logstash.logback.appender.LogstashTcpSocketAppender[LOGSTASH] - Log destination 192.168.110.57/<unresolved>:4560: Waiting 24980ms before attempting reconnection.
05:24:10,969 |-WARN in net.logstash.logback.appender.LogstashTcpSocketAppender[LOGSTASH] - Log destination 192.168.110.57/<unresolved>:4560: Waiting 24975ms before attempting reconnection.
05:24:40,964 |-WARN in net.logstash.logback.appender.LogstashTcpSocketAppender[LOGSTASH] - Log destination 192.168.110.57/<unresolved>:4560: Waiting 24984ms before attempting reconnection.
05:25:11,007 |-WARN in net.logstash.logback.appender.LogstashTcpSocketAppender[LOGSTASH] - Log destination 192.168.110.57/<unresolved>:4560: Waiting 24947ms before attempting reconnection.
05:25:40,988 |-WARN in net.logstash.logback.appender.LogstashTcpSocketAppender[LOGSTASH] - Log destination 192.168.110.57/<unresolved>:4560: Waiting 24972ms before attempting reconnection.
05:26:10,979 |-WARN in net.logstash.logback.appender.LogstashTcpSocketAppender[LOGSTASH] - Log destination 192.168.110.57/<unresolved>:4560: Waiting 24986ms before attempting reconnection.
05:26:40,999 |-WARN in net.logstash.logback.appender.LogstashTcpSocketAppender[LOGSTASH] - Log destination 192.168.110.57/<unresolved>:4560: Waiting 24975ms before attempting reconnection.
05:27:11,003 |-WARN in net.logstash.logback.appender.LogstashTcpSocketAppender[LOGSTASH] - Log destination 192.168.110.57/<unresolved>:4560: Waiting 24980ms before attempting reconnection.
05:27:41,002 |-WARN in net.logstash.logback.appender.LogstashTcpSocketAppender[LOGSTASH] - Log destination 192.168.110.57/<unresolved>:4560: Waiting 24984ms before attempting reconnection.
05:28:11,015 |-WARN in net.logstash.logback.appender.LogstashTcpSocketAppender[LOGSTASH] - Log destination 192.168.110.57/<unresolved>:4560: Waiting 24979ms before attempting reconnection.
05:28:41,017 |-WARN in net.logstash.logback.appender.LogstashTcpSocketAppender[LOGSTASH] - Log destination 192.168.110.57/<unresolved>:4560: Waiting 24986ms before attempting reconnection.
05:29:11,018 |-WARN in net.logstash.logback.appender.LogstashTcpSocketAppender[LOGSTASH] - Log destination 192.168.110.57/<unresolved>:4560: Waiting 24989ms before attempting reconnection.
05:29:41,019 |-WARN in net.logstash.logback.appender.LogstashTcpSocketAppender[LOGSTASH] - Log destination 192.168.110.57/<unresolved>:4560: Waiting 24991ms before attempting reconnection.
05:30:11,025 |-WARN in net.logstash.logback.appender.LogstashTcpSocketAppender[LOGSTASH] - Log destination 192.168.110.57/<unresolved>:4560: Waiting 24988ms before attempting reconnection.
05:30:41,042 |-WARN in net.logstash.logback.appender.LogstashTcpSocketAppender[LOGSTASH] - Log destination 192.168.110.57/<unresolved>:4560: Waiting 24981ms before attempting reconnection.
05:31:11,047 |-WARN in net.logstash.logback.appender.LogstashTcpSocketAppender[LOGSTASH] - Log destination 192.168.110.57/<unresolved>:4560: Waiting 24981ms before attempting reconnection.
05:31:41,087 |-WARN in net.logstash.logback.appender.LogstashTcpSocketAppender[LOGSTASH] - Log destination 192.168.110.57/<unresolved>:4560: Waiting 24948ms before attempting reconnection.
05:32:11,062 |-WARN in net.logstash.logback.appender.LogstashTcpSocketAppender[LOGSTASH] - Log destination 192.168.110.57/<unresolved>:4560: Waiting 24979ms before attempting reconnection.
05:32:41,062 |-WARN in net.logstash.logback.appender.LogstashTcpSocketAppender[LOGSTASH] - Log destination 192.168.110.57/<unresolved>:4560: Waiting 24984ms before attempting reconnection.
05:33:11,069 |-WARN in net.logstash.logback.appender.LogstashTcpSocketAppender[LOGSTASH] - Log destination 192.168.110.57/<unresolved>:4560: Waiting 24986ms before attempting reconnection.
05:33:41,079 |-WARN in net.logstash.logback.appender.LogstashTcpSocketAppender[LOGSTASH] - Log destination 192.168.110.57/<unresolved>:4560: Waiting 24987ms before attempting reconnection.
05:34:11,090 |-WARN in net.logstash.logback.appender.LogstashTcpSocketAppender[LOGSTASH] - Log destination 192.168.110.57/<unresolved>:4560: Waiting 24986ms before attempting reconnection.
05:34:41,111 |-WARN in net.logstash.logback.appender.LogstashTcpSocketAppender[LOGSTASH] - Log destination 192.168.110.57/<unresolved>:4560: Waiting 24975ms before attempting reconnection.
05:35:11,100 |-WARN in net.logstash.logback.appender.LogstashTcpSocketAppender[LOGSTASH] - Log destination 192.168.110.57/<unresolved>:4560: Waiting 24988ms before attempting reconnection.
05:35:41,116 |-WARN in net.logstash.logback.appender.LogstashTcpSocketAppender[LOGSTASH] - Log destination 192.168.110.57/<unresolved>:4560: Waiting 24980ms before attempting reconnection.
05:36:11,128 |-WARN in net.logstash.logback.appender.LogstashTcpSocketAppender[LOGSTASH] - Log destination 192.168.110.57/<unresolved>:4560: Waiting 24981ms before attempting reconnection.
05:36:41,135 |-WARN in net.logstash.logback.appender.LogstashTcpSocketAppender[LOGSTASH] - Log destination 192.168.110.57/<unresolved>:4560: Waiting 24983ms before attempting reconnection.
05:37:11,139 |-WARN in net.logstash.logback.appender.LogstashTcpSocketAppender[LOGSTASH] - Log destination 192.168.110.57/<unresolved>:4560: Waiting 24989ms before attempting reconnection.
05:37:41,154 |-WARN in net.logstash.logback.appender.LogstashTcpSocketAppender[LOGSTASH] - Log destination 192.168.110.57/<unresolved>:4560: Waiting 24984ms before attempting reconnection.
05:38:11,164 |-WARN in net.logstash.logback.appender.LogstashTcpSocketAppender[LOGSTASH] - Log destination 192.168.110.57/<unresolved>:4560: Waiting 24985ms before attempting reconnection.
05:38:41,173 |-WARN in net.logstash.logback.appender.LogstashTcpSocketAppender[LOGSTASH] - Log destination 192.168.110.57/<unresolved>:4560: Waiting 24984ms before attempting reconnection.
05:39:11,173 |-WARN in net.logstash.logback.appender.LogstashTcpSocketAppender[LOGSTASH] - Log destination 192.168.110.57/<unresolved>:4560: Waiting 24989ms before attempting reconnection.
05:39:41,199 |-WARN in net.logstash.logback.appender.LogstashTcpSocketAppender[LOGSTASH] - Log destination 192.168.110.57/<unresolved>:4560: Waiting 24972ms before attempting reconnection.
05:40:11,188 |-WARN in net.logstash.logback.appender.LogstashTcpSocketAppender[LOGSTASH] - Log destination 192.168.110.57/<unresolved>:4560: Waiting 24989ms before attempting reconnection.
05:40:41,202 |-WARN in net.logstash.logback.appender.LogstashTcpSocketAppender[LOGSTASH] - Log destination 192.168.110.57/<unresolved>:4560: Waiting 24986ms before attempting reconnection.
05:41:11,213 |-WARN in net.logstash.logback.appender.LogstashTcpSocketAppender[LOGSTASH] - Log destination 192.168.110.57/<unresolved>:4560: Waiting 24980ms before attempting reconnection.
05:41:41,215 |-WARN in net.logstash.logback.appender.LogstashTcpSocketAppender[LOGSTASH] - Log destination 192.168.110.57/<unresolved>:4560: Waiting 24985ms before attempting reconnection.
05:42:11,225 |-WARN in net.logstash.logback.appender.LogstashTcpSocketAppender[LOGSTASH] - Log destination 192.168.110.57/<unresolved>:4560: Waiting 24984ms before attempting reconnection.
05:42:41,233 |-WARN in net.logstash.logback.appender.LogstashTcpSocketAppender[LOGSTASH] - Log destination 192.168.110.57/<unresolved>:4560: Waiting 24986ms before attempting reconnection.
05:43:11,240 |-WARN in net.logstash.logback.appender.LogstashTcpSocketAppender[LOGSTASH] - Log destination 192.168.110.57/<unresolved>:4560: Waiting 24986ms before attempting reconnection.
05:43:41,261 |-WARN in net.logstash.logback.appender.LogstashTcpSocketAppender[LOGSTASH] - Log destination 192.168.110.57/<unresolved>:4560: Waiting 24975ms before attempting reconnection.
05:44:11,259 |-WARN in net.logstash.logback.appender.LogstashTcpSocketAppender[LOGSTASH] - Log destination 192.168.110.57/<unresolved>:4560: Waiting 24987ms before attempting reconnection.
05:44:41,282 |-WARN in net.logstash.logback.appender.LogstashTcpSocketAppender[LOGSTASH] - Log destination 192.168.110.57/<unresolved>:4560: Waiting 24979ms before attempting reconnection.
05:45:11,312 |-WARN in net.logstash.logback.appender.LogstashTcpSocketAppender[LOGSTASH] - Log destination 192.168.110.57/<unresolved>:4560: Waiting 24973ms before attempting reconnection.
05:45:41,311 |-WARN in net.logstash.logback.appender.LogstashTcpSocketAppender[LOGSTASH] - Log destination 192.168.110.57/<unresolved>:4560: Waiting 24979ms before attempting reconnection.
05:46:11,302 |-WARN in net.logstash.logback.appender.LogstashTcpSocketAppender[LOGSTASH] - Log destination 192.168.110.57/<unresolved>:4560: Waiting 24992ms before attempting reconnection.
05:46:41,316 |-WARN in net.logstash.logback.appender.LogstashTcpSocketAppender[LOGSTASH] - Log destination 192.168.110.57/<unresolved>:4560: Waiting 24988ms before attempting reconnection.
05:47:11,323 |-WARN in net.logstash.logback.appender.LogstashTcpSocketAppender[LOGSTASH] - Log destination 192.168.110.57/<unresolved>:4560: Waiting 24986ms before attempting reconnection.
05:47:41,337 |-WARN in net.logstash.logback.appender.LogstashTcpSocketAppender[LOGSTASH] - Log destination 192.168.110.57/<unresolved>:4560: Waiting 24975ms before attempting reconnection.
05:48:11,335 |-WARN in net.logstash.logback.appender.LogstashTcpSocketAppender[LOGSTASH] - Log destination 192.168.110.57/<unresolved>:4560: Waiting 24986ms before attempting reconnection.
05:48:41,340 |-WARN in net.logstash.logback.appender.LogstashTcpSocketAppender[LOGSTASH] - Log destination 192.168.110.57/<unresolved>:4560: Waiting 24990ms before attempting reconnection.
05:49:11,351 |-WARN in net.logstash.logback.appender.LogstashTcpSocketAppender[LOGSTASH] - Log destination 192.168.110.57/<unresolved>:4560: Waiting 24988ms before attempting reconnection.
05:49:41,360 |-WARN in net.logstash.logback.appender.LogstashTcpSocketAppender[LOGSTASH] - Log destination 192.168.110.57/<unresolved>:4560: Waiting 24987ms before attempting reconnection.
05:50:11,370 |-WARN in net.logstash.logback.appender.LogstashTcpSocketAppender[LOGSTASH] - Log destination 192.168.110.57/<unresolved>:4560: Waiting 24987ms before attempting reconnection.
05:50:41,383 |-WARN in net.logstash.logback.appender.LogstashTcpSocketAppender[LOGSTASH] - Log destination 192.168.110.57/<unresolved>:4560: Waiting 24978ms before attempting reconnection.
05:51:11,377 |-WARN in net.logstash.logback.appender.LogstashTcpSocketAppender[LOGSTASH] - Log destination 192.168.110.57/<unresolved>:4560: Waiting 24985ms before attempting reconnection.
05:51:41,379 |-WARN in net.logstash.logback.appender.LogstashTcpSocketAppender[LOGSTASH] - Log destination 192.168.110.57/<unresolved>:4560: Waiting 24986ms before attempting reconnection.
05:52:11,375 |-WARN in net.logstash.logback.appender.LogstashTcpSocketAppender[LOGSTASH] - Log destination 192.168.110.57/<unresolved>:4560: Waiting 24990ms before attempting reconnection.
05:52:41,390 |-WARN in net.logstash.logback.appender.LogstashTcpSocketAppender[LOGSTASH] - Log destination 192.168.110.57/<unresolved>:4560: Waiting 24984ms before attempting reconnection.
05:53:11,397 |-WARN in net.logstash.logback.appender.LogstashTcpSocketAppender[LOGSTASH] - Log destination 192.168.110.57/<unresolved>:4560: Waiting 24984ms before attempting reconnection.
05:53:41,401 |-WARN in net.logstash.logback.appender.LogstashTcpSocketAppender[LOGSTASH] - Log destination 192.168.110.57/<unresolved>:4560: Waiting 24982ms before attempting reconnection.
05:54:11,395 |-WARN in net.logstash.logback.appender.LogstashTcpSocketAppender[LOGSTASH] - Log destination 192.168.110.57/<unresolved>:4560: Waiting 24990ms before attempting reconnection.
05:54:41,406 |-WARN in net.logstash.logback.appender.LogstashTcpSocketAppender[LOGSTASH] - Log destination 192.168.110.57/<unresolved>:4560: Waiting 24987ms before attempting reconnection.
05:55:11,408 |-WARN in net.logstash.logback.appender.LogstashTcpSocketAppender[LOGSTASH] - Log destination 192.168.110.57/<unresolved>:4560: Waiting 24987ms before attempting reconnection.
05:55:41,421 |-WARN in net.logstash.logback.appender.LogstashTcpSocketAppender[LOGSTASH] - Log destination 192.168.110.57/<unresolved>:4560: Waiting 24986ms before attempting reconnection.
05:56:11,435 |-WARN in net.logstash.logback.appender.LogstashTcpSocketAppender[LOGSTASH] - Log destination 192.168.110.57/<unresolved>:4560: Waiting 24982ms before attempting reconnection.
05:56:41,435 |-WARN in net.logstash.logback.appender.LogstashTcpSocketAppender[LOGSTASH] - Log destination 192.168.110.57/<unresolved>:4560: Waiting 24990ms before attempting reconnection.
05:57:11,450 |-WARN in net.logstash.logback.appender.LogstashTcpSocketAppender[LOGSTASH] - Log destination 192.168.110.57/<unresolved>:4560: Waiting 24986ms before attempting reconnection.
05:57:41,460 |-WARN in net.logstash.logback.appender.LogstashTcpSocketAppender[LOGSTASH] - Log destination 192.168.110.57/<unresolved>:4560: Waiting 24984ms before attempting reconnection.
05:58:11,460 |-WARN in net.logstash.logback.appender.LogstashTcpSocketAppender[LOGSTASH] - Log destination 192.168.110.57/<unresolved>:4560: Waiting 24988ms before attempting reconnection.
05:58:41,471 |-WARN in net.logstash.logback.appender.LogstashTcpSocketAppender[LOGSTASH] - Log destination 192.168.110.57/<unresolved>:4560: Waiting 24987ms before attempting reconnection.
05:59:11,478 |-WARN in net.logstash.logback.appender.LogstashTcpSocketAppender[LOGSTASH] - Log destination 192.168.110.57/<unresolved>:4560: Waiting 24988ms before attempting reconnection.
05:59:41,488 |-WARN in net.logstash.logback.appender.LogstashTcpSocketAppender[LOGSTASH] - Log destination 192.168.110.57/<unresolved>:4560: Waiting 24985ms before attempting reconnection.
06:00:11,499 |-WARN in net.logstash.logback.appender.LogstashTcpSocketAppender[LOGSTASH] - Log destination 192.168.110.57/<unresolved>:4560: Waiting 24985ms before attempting reconnection.
06:00:41,502 |-WARN in net.logstash.logback.appender.LogstashTcpSocketAppender[LOGSTASH] - Log destination 192.168.110.57/<unresolved>:4560: Waiting 24985ms before attempting reconnection.
06:01:11,502 |-WARN in net.logstash.logback.appender.LogstashTcpSocketAppender[LOGSTASH] - Log destination 192.168.110.57/<unresolved>:4560: Waiting 24982ms before attempting reconnection.
06:01:41,502 |-WARN in net.logstash.logback.appender.LogstashTcpSocketAppender[LOGSTASH] - Log destination 192.168.110.57/<unresolved>:4560: Waiting 24986ms before attempting reconnection.
06:02:11,502 |-WARN in net.logstash.logback.appender.LogstashTcpSocketAppender[LOGSTASH] - Log destination 192.168.110.57/<unresolved>:4560: Waiting 24989ms before attempting reconnection.
06:02:41,518 |-WARN in net.logstash.logback.appender.LogstashTcpSocketAppender[LOGSTASH] - Log destination 192.168.110.57/<unresolved>:4560: Waiting 24984ms before attempting reconnection.
06:03:11,526 |-WARN in net.logstash.logback.appender.LogstashTcpSocketAppender[LOGSTASH] - Log destination 192.168.110.57/<unresolved>:4560: Waiting 24986ms before attempting reconnection.
06:03:41,539 |-WARN in net.logstash.logback.appender.LogstashTcpSocketAppender[LOGSTASH] - Log destination 192.168.110.57/<unresolved>:4560: Waiting 24983ms before attempting reconnection.
06:04:11,540 |-WARN in net.logstash.logback.appender.LogstashTcpSocketAppender[LOGSTASH] - Log destination 192.168.110.57/<unresolved>:4560: Waiting 24986ms before attempting reconnection.
06:04:41,551 |-WARN in net.logstash.logback.appender.LogstashTcpSocketAppender[LOGSTASH] - Log destination 192.168.110.57/<unresolved>:4560: Waiting 24986ms before attempting reconnection.
06:05:11,564 |-WARN in net.logstash.logback.appender.LogstashTcpSocketAppender[LOGSTASH] - Log destination 192.168.110.57/<unresolved>:4560: Waiting 24982ms before attempting reconnection.
06:05:41,571 |-WARN in net.logstash.logback.appender.LogstashTcpSocketAppender[LOGSTASH] - Log destination 192.168.110.57/<unresolved>:4560: Waiting 24984ms before attempting reconnection.
06:06:11,596 |-WARN in net.logstash.logback.appender.LogstashTcpSocketAppender[LOGSTASH] - Log destination 192.168.110.57/<unresolved>:4560: Waiting 24968ms before attempting reconnection.
06:06:41,598 |-WARN in net.logstash.logback.appender.LogstashTcpSocketAppender[LOGSTASH] - Log destination 192.168.110.57/<unresolved>:4560: Waiting 24975ms before attempting reconnection.
06:07:11,592 |-WARN in net.logstash.logback.appender.LogstashTcpSocketAppender[LOGSTASH] - Log destination 192.168.110.57/<unresolved>:4560: Waiting 24990ms before attempting reconnection.
06:07:41,604 |-WARN in net.logstash.logback.appender.LogstashTcpSocketAppender[LOGSTASH] - Log destination 192.168.110.57/<unresolved>:4560: Waiting 24986ms before attempting reconnection.
06:08:11,607 |-WARN in net.logstash.logback.appender.LogstashTcpSocketAppender[LOGSTASH] - Log destination 192.168.110.57/<unresolved>:4560: Waiting 24991ms before attempting reconnection.
06:08:41,630 |-WARN in net.logstash.logback.appender.LogstashTcpSocketAppender[LOGSTASH] - Log destination 192.168.110.57/<unresolved>:4560: Waiting 24975ms before attempting reconnection.
06:09:11,627 |-WARN in net.logstash.logback.appender.LogstashTcpSocketAppender[LOGSTASH] - Log destination 192.168.110.57/<unresolved>:4560: Waiting 24987ms before attempting reconnection.
06:09:41,633 |-WARN in net.logstash.logback.appender.LogstashTcpSocketAppender[LOGSTASH] - Log destination 192.168.110.57/<unresolved>:4560: Waiting 24986ms before attempting reconnection.
06:10:11,644 |-WARN in net.logstash.logback.appender.LogstashTcpSocketAppender[LOGSTASH] - Log destination 192.168.110.57/<unresolved>:4560: Waiting 24977ms before attempting reconnection.
06:10:41,655 |-WARN in net.logstash.logback.appender.LogstashTcpSocketAppender[LOGSTASH] - Log destination 192.168.110.57/<unresolved>:4560: Waiting 24972ms before attempting reconnection.
06:11:11,649 |-WARN in net.logstash.logback.appender.LogstashTcpSocketAppender[LOGSTASH] - Log destination 192.168.110.57/<unresolved>:4560: Waiting 24987ms before attempting reconnection.
06:11:41,658 |-WARN in net.logstash.logback.appender.LogstashTcpSocketAppender[LOGSTASH] - Log destination 192.168.110.57/<unresolved>:4560: Waiting 24988ms before attempting reconnection.
06:12:11,677 |-WARN in net.logstash.logback.appender.LogstashTcpSocketAppender[LOGSTASH] - Log destination 192.168.110.57/<unresolved>:4560: Waiting 24973ms before attempting reconnection.
06:12:41,669 |-WARN in net.logstash.logback.appender.LogstashTcpSocketAppender[LOGSTASH] - Log destination 192.168.110.57/<unresolved>:4560: Waiting 24989ms before attempting reconnection.
06:13:11,693 |-WARN in net.logstash.logback.appender.LogstashTcpSocketAppender[LOGSTASH] - Log destination 192.168.110.57/<unresolved>:4560: Waiting 24976ms before attempting reconnection.
06:13:41,701 |-WARN in net.logstash.logback.appender.LogstashTcpSocketAppender[LOGSTASH] - Log destination 192.168.110.57/<unresolved>:4560: Waiting 24972ms before attempting reconnection.
06:14:11,696 |-WARN in net.logstash.logback.appender.LogstashTcpSocketAppender[LOGSTASH] - Log destination 192.168.110.57/<unresolved>:4560: Waiting 24985ms before attempting reconnection.
06:14:41,706 |-WARN in net.logstash.logback.appender.LogstashTcpSocketAppender[LOGSTASH] - Log destination 192.168.110.57/<unresolved>:4560: Waiting 24981ms before attempting reconnection.
06:15:11,699 |-WARN in net.logstash.logback.appender.LogstashTcpSocketAppender[LOGSTASH] - Log destination 192.168.110.57/<unresolved>:4560: Waiting 24990ms before attempting reconnection.
06:15:41,713 |-WARN in net.logstash.logback.appender.LogstashTcpSocketAppender[LOGSTASH] - Log destination 192.168.110.57/<unresolved>:4560: Waiting 24978ms before attempting reconnection.
06:16:11,695 |-WARN in net.logstash.logback.appender.LogstashTcpSocketAppender[LOGSTASH] - Log destination 192.168.110.57/<unresolved>:4560: Waiting 24992ms before attempting reconnection.
06:16:41,701 |-WARN in net.logstash.logback.appender.LogstashTcpSocketAppender[LOGSTASH] - Log destination 192.168.110.57/<unresolved>:4560: Waiting 24990ms before attempting reconnection.
06:17:11,710 |-WARN in net.logstash.logback.appender.LogstashTcpSocketAppender[LOGSTASH] - Log destination 192.168.110.57/<unresolved>:4560: Waiting 24988ms before attempting reconnection.
06:17:41,721 |-WARN in net.logstash.logback.appender.LogstashTcpSocketAppender[LOGSTASH] - Log destination 192.168.110.57/<unresolved>:4560: Waiting 24984ms before attempting reconnection.
06:18:11,728 |-WARN in net.logstash.logback.appender.LogstashTcpSocketAppender[LOGSTASH] - Log destination 192.168.110.57/<unresolved>:4560: Waiting 24984ms before attempting reconnection.
06:18:41,737 |-WARN in net.logstash.logback.appender.LogstashTcpSocketAppender[LOGSTASH] - Log destination 192.168.110.57/<unresolved>:4560: Waiting 24985ms before attempting reconnection.
06:19:11,743 |-WARN in net.logstash.logback.appender.LogstashTcpSocketAppender[LOGSTASH] - Log destination 192.168.110.57/<unresolved>:4560: Waiting 24987ms before attempting reconnection.
06:19:41,754 |-WARN in net.logstash.logback.appender.LogstashTcpSocketAppender[LOGSTASH] - Log destination 192.168.110.57/<unresolved>:4560: Waiting 24986ms before attempting reconnection.
06:20:11,760 |-WARN in net.logstash.logback.appender.LogstashTcpSocketAppender[LOGSTASH] - Log destination 192.168.110.57/<unresolved>:4560: Waiting 24982ms before attempting reconnection.
06:20:41,767 |-WARN in net.logstash.logback.appender.LogstashTcpSocketAppender[LOGSTASH] - Log destination 192.168.110.57/<unresolved>:4560: Waiting 24985ms before attempting reconnection.
06:21:11,772 |-WARN in net.logstash.logback.appender.LogstashTcpSocketAppender[LOGSTASH] - Log destination 192.168.110.57/<unresolved>:4560: Waiting 24988ms before attempting reconnection.
06:21:41,782 |-WARN in net.logstash.logback.appender.LogstashTcpSocketAppender[LOGSTASH] - Log destination 192.168.110.57/<unresolved>:4560: Waiting 24986ms before attempting reconnection.
06:22:11,791 |-WARN in net.logstash.logback.appender.LogstashTcpSocketAppender[LOGSTASH] - Log destination 192.168.110.57/<unresolved>:4560: Waiting 24986ms before attempting reconnection.
06:22:41,801 |-WARN in net.logstash.logback.appender.LogstashTcpSocketAppender[LOGSTASH] - Log destination 192.168.110.57/<unresolved>:4560: Waiting 24982ms before attempting reconnection.
06:23:11,806 |-WARN in net.logstash.logback.appender.LogstashTcpSocketAppender[LOGSTASH] - Log destination 192.168.110.57/<unresolved>:4560: Waiting 24987ms before attempting reconnection.
06:23:41,819 |-WARN in net.logstash.logback.appender.LogstashTcpSocketAppender[LOGSTASH] - Log destination 192.168.110.57/<unresolved>:4560: Waiting 24983ms before attempting reconnection.
06:24:11,827 |-WARN in net.logstash.logback.appender.LogstashTcpSocketAppender[LOGSTASH] - Log destination 192.168.110.57/<unresolved>:4560: Waiting 24986ms before attempting reconnection.
06:24:41,839 |-WARN in net.logstash.logback.appender.LogstashTcpSocketAppender[LOGSTASH] - Log destination 192.168.110.57/<unresolved>:4560: Waiting 24983ms before attempting reconnection.
06:25:11,848 |-WARN in net.logstash.logback.appender.LogstashTcpSocketAppender[LOGSTASH] - Log destination 192.168.110.57/<unresolved>:4560: Waiting 24985ms before attempting reconnection.
06:25:41,866 |-WARN in net.logstash.logback.appender.LogstashTcpSocketAppender[LOGSTASH] - Log destination 192.168.110.57/<unresolved>:4560: Waiting 24976ms before attempting reconnection.
06:26:11,872 |-WARN in net.logstash.logback.appender.LogstashTcpSocketAppender[LOGSTASH] - Log destination 192.168.110.57/<unresolved>:4560: Waiting 24977ms before attempting reconnection.
06:26:41,870 |-WARN in net.logstash.logback.appender.LogstashTcpSocketAppender[LOGSTASH] - Log destination 192.168.110.57/<unresolved>:4560: Waiting 24989ms before attempting reconnection.
06:27:11,889 |-WARN in net.logstash.logback.appender.LogstashTcpSocketAppender[LOGSTASH] - Log destination 192.168.110.57/<unresolved>:4560: Waiting 24973ms before attempting reconnection.
06:27:41,885 |-WARN in net.logstash.logback.appender.LogstashTcpSocketAppender[LOGSTASH] - Log destination 192.168.110.57/<unresolved>:4560: Waiting 24985ms before attempting reconnection.
06:28:11,887 |-WARN in net.logstash.logback.appender.LogstashTcpSocketAppender[LOGSTASH] - Log destination 192.168.110.57/<unresolved>:4560: Waiting 24985ms before attempting reconnection.
06:28:41,896 |-WARN in net.logstash.logback.appender.LogstashTcpSocketAppender[LOGSTASH] - Log destination 192.168.110.57/<unresolved>:4560: Waiting 24985ms before attempting reconnection.
06:29:11,906 |-WARN in net.logstash.logback.appender.LogstashTcpSocketAppender[LOGSTASH] - Log destination 192.168.110.57/<unresolved>:4560: Waiting 24984ms before attempting reconnection.
06:29:41,906 |-WARN in net.logstash.logback.appender.LogstashTcpSocketAppender[LOGSTASH] - Log destination 192.168.110.57/<unresolved>:4560: Waiting 24987ms before attempting reconnection.
06:30:11,914 |-WARN in net.logstash.logback.appender.LogstashTcpSocketAppender[LOGSTASH] - Log destination 192.168.110.57/<unresolved>:4560: Waiting 24990ms before attempting reconnection.
06:30:41,917 |-WARN in net.logstash.logback.appender.LogstashTcpSocketAppender[LOGSTASH] - Log destination 192.168.110.57/<unresolved>:4560: Waiting 24989ms before attempting reconnection.
06:31:11,956 |-WARN in net.logstash.logback.appender.LogstashTcpSocketAppender[LOGSTASH] - Log destination 192.168.110.57/<unresolved>:4560: Waiting 24984ms before attempting reconnection.
06:31:41,975 |-WARN in net.logstash.logback.appender.LogstashTcpSocketAppender[LOGSTASH] - Log destination 192.168.110.57/<unresolved>:4560: Waiting 24982ms before attempting reconnection.
06:32:11,975 |-WARN in net.logstash.logback.appender.LogstashTcpSocketAppender[LOGSTASH] - Log destination 192.168.110.57/<unresolved>:4560: Waiting 24989ms before attempting reconnection.
06:32:41,979 |-WARN in net.logstash.logback.appender.LogstashTcpSocketAppender[LOGSTASH] - Log destination 192.168.110.57/<unresolved>:4560: Waiting 24987ms before attempting reconnection.
06:33:11,992 |-WARN in net.logstash.logback.appender.LogstashTcpSocketAppender[LOGSTASH] - Log destination 192.168.110.57/<unresolved>:4560: Waiting 24983ms before attempting reconnection.
06:33:42,002 |-WARN in net.logstash.logback.appender.LogstashTcpSocketAppender[LOGSTASH] - Log destination 192.168.110.57/<unresolved>:4560: Waiting 24983ms before attempting reconnection.
06:34:12,011 |-WARN in net.logstash.logback.appender.LogstashTcpSocketAppender[LOGSTASH] - Log destination 192.168.110.57/<unresolved>:4560: Waiting 24977ms before attempting reconnection.
06:34:42,010 |-WARN in net.logstash.logback.appender.LogstashTcpSocketAppender[LOGSTASH] - Log destination 192.168.110.57/<unresolved>:4560: Waiting 24981ms before attempting reconnection.
06:35:12,012 |-WARN in net.logstash.logback.appender.LogstashTcpSocketAppender[LOGSTASH] - Log destination 192.168.110.57/<unresolved>:4560: Waiting 24982ms before attempting reconnection.
06:35:42,015 |-WARN in net.logstash.logback.appender.LogstashTcpSocketAppender[LOGSTASH] - Log destination 192.168.110.57/<unresolved>:4560: Waiting 24985ms before attempting reconnection.
06:36:12,026 |-WARN in net.logstash.logback.appender.LogstashTcpSocketAppender[LOGSTASH] - Log destination 192.168.110.57/<unresolved>:4560: Waiting 24983ms before attempting reconnection.
06:36:42,033 |-WARN in net.logstash.logback.appender.LogstashTcpSocketAppender[LOGSTASH] - Log destination 192.168.110.57/<unresolved>:4560: Waiting 24988ms before attempting reconnection.
06:37:12,041 |-WARN in net.logstash.logback.appender.LogstashTcpSocketAppender[LOGSTASH] - Log destination 192.168.110.57/<unresolved>:4560: Waiting 24989ms before attempting reconnection.
06:37:42,053 |-WARN in net.logstash.logback.appender.LogstashTcpSocketAppender[LOGSTASH] - Log destination 192.168.110.57/<unresolved>:4560: Waiting 24983ms before attempting reconnection.
06:38:12,058 |-WARN in net.logstash.logback.appender.LogstashTcpSocketAppender[LOGSTASH] - Log destination 192.168.110.57/<unresolved>:4560: Waiting 24988ms before attempting reconnection.
06:38:42,065 |-WARN in net.logstash.logback.appender.LogstashTcpSocketAppender[LOGSTASH] - Log destination 192.168.110.57/<unresolved>:4560: Waiting 24986ms before attempting reconnection.
06:39:12,080 |-WARN in net.logstash.logback.appender.LogstashTcpSocketAppender[LOGSTASH] - Log destination 192.168.110.57/<unresolved>:4560: Waiting 24983ms before attempting reconnection.
06:39:42,084 |-WARN in net.logstash.logback.appender.LogstashTcpSocketAppender[LOGSTASH] - Log destination 192.168.110.57/<unresolved>:4560: Waiting 24986ms before attempting reconnection.
06:40:12,091 |-WARN in net.logstash.logback.appender.LogstashTcpSocketAppender[LOGSTASH] - Log destination 192.168.110.57/<unresolved>:4560: Waiting 24986ms before attempting reconnection.
06:40:42,099 |-WARN in net.logstash.logback.appender.LogstashTcpSocketAppender[LOGSTASH] - Log destination 192.168.110.57/<unresolved>:4560: Waiting 24982ms before attempting reconnection.
06:41:12,110 |-WARN in net.logstash.logback.appender.LogstashTcpSocketAppender[LOGSTASH] - Log destination 192.168.110.57/<unresolved>:4560: Waiting 24982ms before attempting reconnection.
06:41:42,121 |-WARN in net.logstash.logback.appender.LogstashTcpSocketAppender[LOGSTASH] - Log destination 192.168.110.57/<unresolved>:4560: Waiting 24983ms before attempting reconnection.
06:42:12,126 |-WARN in net.logstash.logback.appender.LogstashTcpSocketAppender[LOGSTASH] - Log destination 192.168.110.57/<unresolved>:4560: Waiting 24984ms before attempting reconnection.
06:42:42,137 |-WARN in net.logstash.logback.appender.LogstashTcpSocketAppender[LOGSTASH] - Log destination 192.168.110.57/<unresolved>:4560: Waiting 24982ms before attempting reconnection.
06:43:12,146 |-WARN in net.logstash.logback.appender.LogstashTcpSocketAppender[LOGSTASH] - Log destination 192.168.110.57/<unresolved>:4560: Waiting 24982ms before attempting reconnection.
06:43:42,155 |-WARN in net.logstash.logback.appender.LogstashTcpSocketAppender[LOGSTASH] - Log destination 192.168.110.57/<unresolved>:4560: Waiting 24983ms before attempting reconnection.
06:44:12,167 |-WARN in net.logstash.logback.appender.LogstashTcpSocketAppender[LOGSTASH] - Log destination 192.168.110.57/<unresolved>:4560: Waiting 24982ms before attempting reconnection.
06:44:42,176 |-WARN in net.logstash.logback.appender.LogstashTcpSocketAppender[LOGSTASH] - Log destination 192.168.110.57/<unresolved>:4560: Waiting 24984ms before attempting reconnection.
06:45:12,185 |-WARN in net.logstash.logback.appender.LogstashTcpSocketAppender[LOGSTASH] - Log destination 192.168.110.57/<unresolved>:4560: Waiting 24985ms before attempting reconnection.
06:45:42,193 |-WARN in net.logstash.logback.appender.LogstashTcpSocketAppender[LOGSTASH] - Log destination 192.168.110.57/<unresolved>:4560: Waiting 24987ms before attempting reconnection.
06:46:12,186 |-WARN in net.logstash.logback.appender.LogstashTcpSocketAppender[LOGSTASH] - Log destination 192.168.110.57/<unresolved>:4560: Waiting 24991ms before attempting reconnection.
06:46:42,197 |-WARN in net.logstash.logback.appender.LogstashTcpSocketAppender[LOGSTASH] - Log destination 192.168.110.57/<unresolved>:4560: Waiting 24985ms before attempting reconnection.
06:47:12,193 |-WARN in net.logstash.logback.appender.LogstashTcpSocketAppender[LOGSTASH] - Log destination 192.168.110.57/<unresolved>:4560: Waiting 24989ms before attempting reconnection.
06:47:42,198 |-WARN in net.logstash.logback.appender.LogstashTcpSocketAppender[LOGSTASH] - Log destination 192.168.110.57/<unresolved>:4560: Waiting 24989ms before attempting reconnection.
06:48:12,206 |-WARN in net.logstash.logback.appender.LogstashTcpSocketAppender[LOGSTASH] - Log destination 192.168.110.57/<unresolved>:4560: Waiting 24987ms before attempting reconnection.
06:48:42,219 |-WARN in net.logstash.logback.appender.LogstashTcpSocketAppender[LOGSTASH] - Log destination 192.168.110.57/<unresolved>:4560: Waiting 24984ms before attempting reconnection.
06:49:12,227 |-WARN in net.logstash.logback.appender.LogstashTcpSocketAppender[LOGSTASH] - Log destination 192.168.110.57/<unresolved>:4560: Waiting 24985ms before attempting reconnection.
06:49:42,237 |-WARN in net.logstash.logback.appender.LogstashTcpSocketAppender[LOGSTASH] - Log destination 192.168.110.57/<unresolved>:4560: Waiting 24983ms before attempting reconnection.
06:50:12,240 |-WARN in net.logstash.logback.appender.LogstashTcpSocketAppender[LOGSTASH] - Log destination 192.168.110.57/<unresolved>:4560: Waiting 24985ms before attempting reconnection.
06:50:42,245 |-WARN in net.logstash.logback.appender.LogstashTcpSocketAppender[LOGSTASH] - Log destination 192.168.110.57/<unresolved>:4560: Waiting 24985ms before attempting reconnection.
06:51:12,250 |-WARN in net.logstash.logback.appender.LogstashTcpSocketAppender[LOGSTASH] - Log destination 192.168.110.57/<unresolved>:4560: Waiting 24986ms before attempting reconnection.
06:51:42,262 |-WARN in net.logstash.logback.appender.LogstashTcpSocketAppender[LOGSTASH] - Log destination 192.168.110.57/<unresolved>:4560: Waiting 24984ms before attempting reconnection.
06:52:12,270 |-WARN in net.logstash.logback.appender.LogstashTcpSocketAppender[LOGSTASH] - Log destination 192.168.110.57/<unresolved>:4560: Waiting 24984ms before attempting reconnection.
06:52:42,281 |-WARN in net.logstash.logback.appender.LogstashTcpSocketAppender[LOGSTASH] - Log destination 192.168.110.57/<unresolved>:4560: Waiting 24975ms before attempting reconnection.
06:53:12,274 |-WARN in net.logstash.logback.appender.LogstashTcpSocketAppender[LOGSTASH] - Log destination 192.168.110.57/<unresolved>:4560: Waiting 24990ms before attempting reconnection.
06:53:42,288 |-WARN in net.logstash.logback.appender.LogstashTcpSocketAppender[LOGSTASH] - Log destination 192.168.110.57/<unresolved>:4560: Waiting 24986ms before attempting reconnection.
06:54:12,301 |-WARN in net.logstash.logback.appender.LogstashTcpSocketAppender[LOGSTASH] - Log destination 192.168.110.57/<unresolved>:4560: Waiting 24983ms before attempting reconnection.
06:54:42,311 |-WARN in net.logstash.logback.appender.LogstashTcpSocketAppender[LOGSTASH] - Log destination 192.168.110.57/<unresolved>:4560: Waiting 24983ms before attempting reconnection.
06:55:12,330 |-WARN in net.logstash.logback.appender.LogstashTcpSocketAppender[LOGSTASH] - Log destination 192.168.110.57/<unresolved>:4560: Waiting 24973ms before attempting reconnection.
06:55:42,325 |-WARN in net.logstash.logback.appender.LogstashTcpSocketAppender[LOGSTASH] - Log destination 192.168.110.57/<unresolved>:4560: Waiting 24986ms before attempting reconnection.
06:56:12,330 |-WARN in net.logstash.logback.appender.LogstashTcpSocketAppender[LOGSTASH] - Log destination 192.168.110.57/<unresolved>:4560: Waiting 24985ms before attempting reconnection.
06:56:42,335 |-WARN in net.logstash.logback.appender.LogstashTcpSocketAppender[LOGSTASH] - Log destination 192.168.110.57/<unresolved>:4560: Waiting 24983ms before attempting reconnection.
06:57:12,341 |-WARN in net.logstash.logback.appender.LogstashTcpSocketAppender[LOGSTASH] - Log destination 192.168.110.57/<unresolved>:4560: Waiting 24984ms before attempting reconnection.
06:57:42,349 |-WARN in net.logstash.logback.appender.LogstashTcpSocketAppender[LOGSTASH] - Log destination 192.168.110.57/<unresolved>:4560: Waiting 24985ms before attempting reconnection.
06:58:12,364 |-WARN in net.logstash.logback.appender.LogstashTcpSocketAppender[LOGSTASH] - Log destination 192.168.110.57/<unresolved>:4560: Waiting 24981ms before attempting reconnection.
06:58:42,380 |-WARN in net.logstash.logback.appender.LogstashTcpSocketAppender[LOGSTASH] - Log destination 192.168.110.57/<unresolved>:4560: Waiting 24974ms before attempting reconnection.
06:59:12,385 |-WARN in net.logstash.logback.appender.LogstashTcpSocketAppender[LOGSTASH] - Log destination 192.168.110.57/<unresolved>:4560: Waiting 24978ms before attempting reconnection.
06:59:42,387 |-WARN in net.logstash.logback.appender.LogstashTcpSocketAppender[LOGSTASH] - Log destination 192.168.110.57/<unresolved>:4560: Waiting 24985ms before attempting reconnection.
07:00:12,400 |-WARN in net.logstash.logback.appender.LogstashTcpSocketAppender[LOGSTASH] - Log destination 192.168.110.57/<unresolved>:4560: Waiting 24987ms before attempting reconnection.
07:00:42,410 |-WARN in net.logstash.logback.appender.LogstashTcpSocketAppender[LOGSTASH] - Log destination 192.168.110.57/<unresolved>:4560: Waiting 24986ms before attempting reconnection.
07:01:12,421 |-WARN in net.logstash.logback.appender.LogstashTcpSocketAppender[LOGSTASH] - Log destination 192.168.110.57/<unresolved>:4560: Waiting 24981ms before attempting reconnection.
07:01:42,436 |-WARN in net.logstash.logback.appender.LogstashTcpSocketAppender[LOGSTASH] - Log destination 192.168.110.57/<unresolved>:4560: Waiting 24973ms before attempting reconnection.
07:02:12,434 |-WARN in net.logstash.logback.appender.LogstashTcpSocketAppender[LOGSTASH] - Log destination 192.168.110.57/<unresolved>:4560: Waiting 24985ms before attempting reconnection.
07:02:42,453 |-WARN in net.logstash.logback.appender.LogstashTcpSocketAppender[LOGSTASH] - Log destination 192.168.110.57/<unresolved>:4560: Waiting 24976ms before attempting reconnection.
07:03:12,459 |-WARN in net.logstash.logback.appender.LogstashTcpSocketAppender[LOGSTASH] - Log destination 192.168.110.57/<unresolved>:4560: Waiting 24980ms before attempting reconnection.
07:03:42,462 |-WARN in net.logstash.logback.appender.LogstashTcpSocketAppender[LOGSTASH] - Log destination 192.168.110.57/<unresolved>:4560: Waiting 24985ms before attempting reconnection.
07:04:12,474 |-WARN in net.logstash.logback.appender.LogstashTcpSocketAppender[LOGSTASH] - Log destination 192.168.110.57/<unresolved>:4560: Waiting 24983ms before attempting reconnection.
07:04:42,480 |-WARN in net.logstash.logback.appender.LogstashTcpSocketAppender[LOGSTASH] - Log destination 192.168.110.57/<unresolved>:4560: Waiting 24980ms before attempting reconnection.
07:05:12,486 |-WARN in net.logstash.logback.appender.LogstashTcpSocketAppender[LOGSTASH] - Log destination 192.168.110.57/<unresolved>:4560: Waiting 24977ms before attempting reconnection.
07:05:42,489 |-WARN in net.logstash.logback.appender.LogstashTcpSocketAppender[LOGSTASH] - Log destination 192.168.110.57/<unresolved>:4560: Waiting 24982ms before attempting reconnection.
07:06:12,488 |-WARN in net.logstash.logback.appender.LogstashTcpSocketAppender[LOGSTASH] - Log destination 192.168.110.57/<unresolved>:4560: Waiting 24988ms before attempting reconnection.
07:06:42,497 |-WARN in net.logstash.logback.appender.LogstashTcpSocketAppender[LOGSTASH] - Log destination 192.168.110.57/<unresolved>:4560: Waiting 24989ms before attempting reconnection.
07:07:12,511 |-WARN in net.logstash.logback.appender.LogstashTcpSocketAppender[LOGSTASH] - Log destination 192.168.110.57/<unresolved>:4560: Waiting 24984ms before attempting reconnection.
07:07:42,516 |-WARN in net.logstash.logback.appender.LogstashTcpSocketAppender[LOGSTASH] - Log destination 192.168.110.57/<unresolved>:4560: Waiting 24988ms before attempting reconnection.
07:08:12,523 |-WARN in net.logstash.logback.appender.LogstashTcpSocketAppender[LOGSTASH] - Log destination 192.168.110.57/<unresolved>:4560: Waiting 24989ms before attempting reconnection.
07:08:42,536 |-WARN in net.logstash.logback.appender.LogstashTcpSocketAppender[LOGSTASH] - Log destination 192.168.110.57/<unresolved>:4560: Waiting 24986ms before attempting reconnection.
07:09:12,541 |-WARN in net.logstash.logback.appender.LogstashTcpSocketAppender[LOGSTASH] - Log destination 192.168.110.57/<unresolved>:4560: Waiting 24991ms before attempting reconnection.
07:09:42,555 |-WARN in net.logstash.logback.appender.LogstashTcpSocketAppender[LOGSTASH] - Log destination 192.168.110.57/<unresolved>:4560: Waiting 24985ms before attempting reconnection.
07:10:12,558 |-WARN in net.logstash.logback.appender.LogstashTcpSocketAppender[LOGSTASH] - Log destination 192.168.110.57/<unresolved>:4560: Waiting 24991ms before attempting reconnection.
07:10:42,574 |-WARN in net.logstash.logback.appender.LogstashTcpSocketAppender[LOGSTASH] - Log destination 192.168.110.57/<unresolved>:4560: Waiting 24985ms before attempting reconnection.
07:11:12,578 |-WARN in net.logstash.logback.appender.LogstashTcpSocketAppender[LOGSTASH] - Log destination 192.168.110.57/<unresolved>:4560: Waiting 24987ms before attempting reconnection.
07:11:42,600 |-WARN in net.logstash.logback.appender.LogstashTcpSocketAppender[LOGSTASH] - Log destination 192.168.110.57/<unresolved>:4560: Waiting 24972ms before attempting reconnection.
07:12:12,595 |-WARN in net.logstash.logback.appender.LogstashTcpSocketAppender[LOGSTASH] - Log destination 192.168.110.57/<unresolved>:4560: Waiting 24979ms before attempting reconnection.
07:12:42,594 |-WARN in net.logstash.logback.appender.LogstashTcpSocketAppender[LOGSTASH] - Log destination 192.168.110.57/<unresolved>:4560: Waiting 24984ms before attempting reconnection.
07:13:12,591 |-WARN in net.logstash.logback.appender.LogstashTcpSocketAppender[LOGSTASH] - Log destination 192.168.110.57/<unresolved>:4560: Waiting 24988ms before attempting reconnection.
07:13:42,609 |-WARN in net.logstash.logback.appender.LogstashTcpSocketAppender[LOGSTASH] - Log destination 192.168.110.57/<unresolved>:4560: Waiting 24981ms before attempting reconnection.
07:14:12,609 |-WARN in net.logstash.logback.appender.LogstashTcpSocketAppender[LOGSTASH] - Log destination 192.168.110.57/<unresolved>:4560: Waiting 24987ms before attempting reconnection.
07:14:42,625 |-WARN in net.logstash.logback.appender.LogstashTcpSocketAppender[LOGSTASH] - Log destination 192.168.110.57/<unresolved>:4560: Waiting 24981ms before attempting reconnection.
07:15:12,626 |-WARN in net.logstash.logback.appender.LogstashTcpSocketAppender[LOGSTASH] - Log destination 192.168.110.57/<unresolved>:4560: Waiting 24989ms before attempting reconnection.
07:15:42,638 |-WARN in net.logstash.logback.appender.LogstashTcpSocketAppender[LOGSTASH] - Log destination 192.168.110.57/<unresolved>:4560: Waiting 24984ms before attempting reconnection.
07:16:12,644 |-WARN in net.logstash.logback.appender.LogstashTcpSocketAppender[LOGSTASH] - Log destination 192.168.110.57/<unresolved>:4560: Waiting 24985ms before attempting reconnection.
07:16:42,679 |-WARN in net.logstash.logback.appender.LogstashTcpSocketAppender[LOGSTASH] - Log destination 192.168.110.57/<unresolved>:4560: Waiting 24986ms before attempting reconnection.
07:17:12,688 |-WARN in net.logstash.logback.appender.LogstashTcpSocketAppender[LOGSTASH] - Log destination 192.168.110.57/<unresolved>:4560: Waiting 24987ms before attempting reconnection.
07:17:42,703 |-WARN in net.logstash.logback.appender.LogstashTcpSocketAppender[LOGSTASH] - Log destination 192.168.110.57/<unresolved>:4560: Waiting 24982ms before attempting reconnection.
07:18:12,719 |-WARN in net.logstash.logback.appender.LogstashTcpSocketAppender[LOGSTASH] - Log destination 192.168.110.57/<unresolved>:4560: Waiting 24975ms before attempting reconnection.
07:18:42,720 |-WARN in net.logstash.logback.appender.LogstashTcpSocketAppender[LOGSTASH] - Log destination 192.168.110.57/<unresolved>:4560: Waiting 24985ms before attempting reconnection.
07:19:12,728 |-WARN in net.logstash.logback.appender.LogstashTcpSocketAppender[LOGSTASH] - Log destination 192.168.110.57/<unresolved>:4560: Waiting 24983ms before attempting reconnection.
07:19:42,730 |-WARN in net.logstash.logback.appender.LogstashTcpSocketAppender[LOGSTASH] - Log destination 192.168.110.57/<unresolved>:4560: Waiting 24984ms before attempting reconnection.
07:20:12,745 |-WARN in net.logstash.logback.appender.LogstashTcpSocketAppender[LOGSTASH] - Log destination 192.168.110.57/<unresolved>:4560: Waiting 24978ms before attempting reconnection.
07:20:42,748 |-WARN in net.logstash.logback.appender.LogstashTcpSocketAppender[LOGSTASH] - Log destination 192.168.110.57/<unresolved>:4560: Waiting 24984ms before attempting reconnection.
07:21:12,753 |-WARN in net.logstash.logback.appender.LogstashTcpSocketAppender[LOGSTASH] - Log destination 192.168.110.57/<unresolved>:4560: Waiting 24984ms before attempting reconnection.
07:21:42,777 |-WARN in net.logstash.logback.appender.LogstashTcpSocketAppender[LOGSTASH] - Log destination 192.168.110.57/<unresolved>:4560: Waiting 24965ms before attempting reconnection.
07:22:12,763 |-WARN in net.logstash.logback.appender.LogstashTcpSocketAppender[LOGSTASH] - Log destination 192.168.110.57/<unresolved>:4560: Waiting 24987ms before attempting reconnection.
07:22:42,768 |-WARN in net.logstash.logback.appender.LogstashTcpSocketAppender[LOGSTASH] - Log destination 192.168.110.57/<unresolved>:4560: Waiting 24985ms before attempting reconnection.
07:23:12,775 |-WARN in net.logstash.logback.appender.LogstashTcpSocketAppender[LOGSTASH] - Log destination 192.168.110.57/<unresolved>:4560: Waiting 24987ms before attempting reconnection.
07:23:42,792 |-WARN in net.logstash.logback.appender.LogstashTcpSocketAppender[LOGSTASH] - Log destination 192.168.110.57/<unresolved>:4560: Waiting 24977ms before attempting reconnection.
07:24:12,792 |-WARN in net.logstash.logback.appender.LogstashTcpSocketAppender[LOGSTASH] - Log destination 192.168.110.57/<unresolved>:4560: Waiting 24985ms before attempting reconnection.
07:24:42,794 |-WARN in net.logstash.logback.appender.LogstashTcpSocketAppender[LOGSTASH] - Log destination 192.168.110.57/<unresolved>:4560: Waiting 24985ms before attempting reconnection.
07:25:12,795 |-WARN in net.logstash.logback.appender.LogstashTcpSocketAppender[LOGSTASH] - Log destination 192.168.110.57/<unresolved>:4560: Waiting 24989ms before attempting reconnection.
07:25:42,806 |-WARN in net.logstash.logback.appender.LogstashTcpSocketAppender[LOGSTASH] - Log destination 192.168.110.57/<unresolved>:4560: Waiting 24984ms before attempting reconnection.
07:26:12,810 |-WARN in net.logstash.logback.appender.LogstashTcpSocketAppender[LOGSTASH] - Log destination 192.168.110.57/<unresolved>:4560: Waiting 24987ms before attempting reconnection.
07:26:42,829 |-WARN in net.logstash.logback.appender.LogstashTcpSocketAppender[LOGSTASH] - Log destination 192.168.110.57/<unresolved>:4560: Waiting 24976ms before attempting reconnection.
07:27:12,833 |-WARN in net.logstash.logback.appender.LogstashTcpSocketAppender[LOGSTASH] - Log destination 192.168.110.57/<unresolved>:4560: Waiting 24981ms before attempting reconnection.
07:27:42,839 |-WARN in net.logstash.logback.appender.LogstashTcpSocketAppender[LOGSTASH] - Log destination 192.168.110.57/<unresolved>:4560: Waiting 24978ms before attempting reconnection.
07:28:12,845 |-WARN in net.logstash.logback.appender.LogstashTcpSocketAppender[LOGSTASH] - Log destination 192.168.110.57/<unresolved>:4560: Waiting 24984ms before attempting reconnection.
07:28:42,867 |-WARN in net.logstash.logback.appender.LogstashTcpSocketAppender[LOGSTASH] - Log destination 192.168.110.57/<unresolved>:4560: Waiting 24973ms before attempting reconnection.
07:29:12,865 |-WARN in net.logstash.logback.appender.LogstashTcpSocketAppender[LOGSTASH] - Log destination 192.168.110.57/<unresolved>:4560: Waiting 24985ms before attempting reconnection.
07:29:42,877 |-WARN in net.logstash.logback.appender.LogstashTcpSocketAppender[LOGSTASH] - Log destination 192.168.110.57/<unresolved>:4560: Waiting 24981ms before attempting reconnection.
07:30:12,880 |-WARN in net.logstash.logback.appender.LogstashTcpSocketAppender[LOGSTASH] - Log destination 192.168.110.57/<unresolved>:4560: Waiting 24986ms before attempting reconnection.
07:30:42,888 |-WARN in net.logstash.logback.appender.LogstashTcpSocketAppender[LOGSTASH] - Log destination 192.168.110.57/<unresolved>:4560: Waiting 24989ms before attempting reconnection.
07:31:12,900 |-WARN in net.logstash.logback.appender.LogstashTcpSocketAppender[LOGSTASH] - Log destination 192.168.110.57/<unresolved>:4560: Waiting 24986ms before attempting reconnection.
07:31:42,934 |-WARN in net.logstash.logback.appender.LogstashTcpSocketAppender[LOGSTASH] - Log destination 192.168.110.57/<unresolved>:4560: Waiting 24964ms before attempting reconnection.
07:32:12,928 |-WARN in net.logstash.logback.appender.LogstashTcpSocketAppender[LOGSTASH] - Log destination 192.168.110.57/<unresolved>:4560: Waiting 24983ms before attempting reconnection.
07:32:42,938 |-WARN in net.logstash.logback.appender.LogstashTcpSocketAppender[LOGSTASH] - Log destination 192.168.110.57/<unresolved>:4560: Waiting 24984ms before attempting reconnection.
07:33:12,951 |-WARN in net.logstash.logback.appender.LogstashTcpSocketAppender[LOGSTASH] - Log destination 192.168.110.57/<unresolved>:4560: Waiting 24983ms before attempting reconnection.
07:33:42,957 |-WARN in net.logstash.logback.appender.LogstashTcpSocketAppender[LOGSTASH] - Log destination 192.168.110.57/<unresolved>:4560: Waiting 24982ms before attempting reconnection.
07:34:12,971 |-WARN in net.logstash.logback.appender.LogstashTcpSocketAppender[LOGSTASH] - Log destination 192.168.110.57/<unresolved>:4560: Waiting 24977ms before attempting reconnection.
07:34:42,975 |-WARN in net.logstash.logback.appender.LogstashTcpSocketAppender[LOGSTASH] - Log destination 192.168.110.57/<unresolved>:4560: Waiting 24983ms before attempting reconnection.
07:35:12,985 |-WARN in net.logstash.logback.appender.LogstashTcpSocketAppender[LOGSTASH] - Log destination 192.168.110.57/<unresolved>:4560: Waiting 24983ms before attempting reconnection.
07:35:42,996 |-WARN in net.logstash.logback.appender.LogstashTcpSocketAppender[LOGSTASH] - Log destination 192.168.110.57/<unresolved>:4560: Waiting 24980ms before attempting reconnection.
07:36:12,998 |-WARN in net.logstash.logback.appender.LogstashTcpSocketAppender[LOGSTASH] - Log destination 192.168.110.57/<unresolved>:4560: Waiting 24989ms before attempting reconnection.
07:36:43,014 |-WARN in net.logstash.logback.appender.LogstashTcpSocketAppender[LOGSTASH] - Log destination 192.168.110.57/<unresolved>:4560: Waiting 24983ms before attempting reconnection.
07:37:13,017 |-WARN in net.logstash.logback.appender.LogstashTcpSocketAppender[LOGSTASH] - Log destination 192.168.110.57/<unresolved>:4560: Waiting 24990ms before attempting reconnection.
07:37:43,026 |-WARN in net.logstash.logback.appender.LogstashTcpSocketAppender[LOGSTASH] - Log destination 192.168.110.57/<unresolved>:4560: Waiting 24989ms before attempting reconnection.
07:38:13,036 |-WARN in net.logstash.logback.appender.LogstashTcpSocketAppender[LOGSTASH] - Log destination 192.168.110.57/<unresolved>:4560: Waiting 24985ms before attempting reconnection.
07:38:43,041 |-WARN in net.logstash.logback.appender.LogstashTcpSocketAppender[LOGSTASH] - Log destination 192.168.110.57/<unresolved>:4560: Waiting 24984ms before attempting reconnection.
07:39:13,048 |-WARN in net.logstash.logback.appender.LogstashTcpSocketAppender[LOGSTASH] - Log destination 192.168.110.57/<unresolved>:4560: Waiting 24986ms before attempting reconnection.
07:39:43,058 |-WARN in net.logstash.logback.appender.LogstashTcpSocketAppender[LOGSTASH] - Log destination 192.168.110.57/<unresolved>:4560: Waiting 24985ms before attempting reconnection.
07:40:13,070 |-WARN in net.logstash.logback.appender.LogstashTcpSocketAppender[LOGSTASH] - Log destination 192.168.110.57/<unresolved>:4560: Waiting 24984ms before attempting reconnection.
07:40:43,080 |-WARN in net.logstash.logback.appender.LogstashTcpSocketAppender[LOGSTASH] - Log destination 192.168.110.57/<unresolved>:4560: Waiting 24983ms before attempting reconnection.
07:41:13,089 |-WARN in net.logstash.logback.appender.LogstashTcpSocketAppender[LOGSTASH] - Log destination 192.168.110.57/<unresolved>:4560: Waiting 24985ms before attempting reconnection.
07:41:43,097 |-WARN in net.logstash.logback.appender.LogstashTcpSocketAppender[LOGSTASH] - Log destination 192.168.110.57/<unresolved>:4560: Waiting 24979ms before attempting reconnection.
07:42:13,102 |-WARN in net.logstash.logback.appender.LogstashTcpSocketAppender[LOGSTASH] - Log destination 192.168.110.57/<unresolved>:4560: Waiting 24979ms before attempting reconnection.
07:42:43,108 |-WARN in net.logstash.logback.appender.LogstashTcpSocketAppender[LOGSTASH] - Log destination 192.168.110.57/<unresolved>:4560: Waiting 24983ms before attempting reconnection.
07:43:13,115 |-WARN in net.logstash.logback.appender.LogstashTcpSocketAppender[LOGSTASH] - Log destination 192.168.110.57/<unresolved>:4560: Waiting 24982ms before attempting reconnection.
07:43:43,119 |-WARN in net.logstash.logback.appender.LogstashTcpSocketAppender[LOGSTASH] - Log destination 192.168.110.57/<unresolved>:4560: Waiting 24984ms before attempting reconnection.
07:44:13,128 |-WARN in net.logstash.logback.appender.LogstashTcpSocketAppender[LOGSTASH] - Log destination 192.168.110.57/<unresolved>:4560: Waiting 24986ms before attempting reconnection.
07:44:43,139 |-WARN in net.logstash.logback.appender.LogstashTcpSocketAppender[LOGSTASH] - Log destination 192.168.110.57/<unresolved>:4560: Waiting 24986ms before attempting reconnection.
07:45:13,153 |-WARN in net.logstash.logback.appender.LogstashTcpSocketAppender[LOGSTASH] - Log destination 192.168.110.57/<unresolved>:4560: Waiting 24982ms before attempting reconnection.
07:45:43,160 |-WARN in net.logstash.logback.appender.LogstashTcpSocketAppender[LOGSTASH] - Log destination 192.168.110.57/<unresolved>:4560: Waiting 24985ms before attempting reconnection.
07:46:13,159 |-WARN in net.logstash.logback.appender.LogstashTcpSocketAppender[LOGSTASH] - Log destination 192.168.110.57/<unresolved>:4560: Waiting 24989ms before attempting reconnection.
07:46:43,162 |-WARN in net.logstash.logback.appender.LogstashTcpSocketAppender[LOGSTASH] - Log destination 192.168.110.57/<unresolved>:4560: Waiting 24993ms before attempting reconnection.
07:47:13,177 |-WARN in net.logstash.logback.appender.LogstashTcpSocketAppender[LOGSTASH] - Log destination 192.168.110.57/<unresolved>:4560: Waiting 24981ms before attempting reconnection.
07:47:43,179 |-WARN in net.logstash.logback.appender.LogstashTcpSocketAppender[LOGSTASH] - Log destination 192.168.110.57/<unresolved>:4560: Waiting 24988ms before attempting reconnection.
07:48:13,197 |-WARN in net.logstash.logback.appender.LogstashTcpSocketAppender[LOGSTASH] - Log destination 192.168.110.57/<unresolved>:4560: Waiting 24977ms before attempting reconnection.
07:48:43,200 |-WARN in net.logstash.logback.appender.LogstashTcpSocketAppender[LOGSTASH] - Log destination 192.168.110.57/<unresolved>:4560: Waiting 24986ms before attempting reconnection.
07:49:13,210 |-WARN in net.logstash.logback.appender.LogstashTcpSocketAppender[LOGSTASH] - Log destination 192.168.110.57/<unresolved>:4560: Waiting 24986ms before attempting reconnection.
07:49:43,213 |-WARN in net.logstash.logback.appender.LogstashTcpSocketAppender[LOGSTASH] - Log destination 192.168.110.57/<unresolved>:4560: Waiting 24985ms before attempting reconnection.
07:50:13,226 |-WARN in net.logstash.logback.appender.LogstashTcpSocketAppender[LOGSTASH] - Log destination 192.168.110.57/<unresolved>:4560: Waiting 24977ms before attempting reconnection.
07:50:43,220 |-WARN in net.logstash.logback.appender.LogstashTcpSocketAppender[LOGSTASH] - Log destination 192.168.110.57/<unresolved>:4560: Waiting 24984ms before attempting reconnection.
07:51:13,225 |-WARN in net.logstash.logback.appender.LogstashTcpSocketAppender[LOGSTASH] - Log destination 192.168.110.57/<unresolved>:4560: Waiting 24983ms before attempting reconnection.
07:51:43,223 |-WARN in net.logstash.logback.appender.LogstashTcpSocketAppender[LOGSTASH] - Log destination 192.168.110.57/<unresolved>:4560: Waiting 24992ms before attempting reconnection.
07:52:13,251 |-WARN in net.logstash.logback.appender.LogstashTcpSocketAppender[LOGSTASH] - Log destination 192.168.110.57/<unresolved>:4560: Waiting 24970ms before attempting reconnection.
07:52:43,240 |-WARN in net.logstash.logback.appender.LogstashTcpSocketAppender[LOGSTASH] - Log destination 192.168.110.57/<unresolved>:4560: Waiting 24988ms before attempting reconnection.
07:53:13,252 |-WARN in net.logstash.logback.appender.LogstashTcpSocketAppender[LOGSTASH] - Log destination 192.168.110.57/<unresolved>:4560: Waiting 24985ms before attempting reconnection.
07:53:43,253 |-WARN in net.logstash.logback.appender.LogstashTcpSocketAppender[LOGSTASH] - Log destination 192.168.110.57/<unresolved>:4560: Waiting 24985ms before attempting reconnection.
07:54:13,264 |-WARN in net.logstash.logback.appender.LogstashTcpSocketAppender[LOGSTASH] - Log destination 192.168.110.57/<unresolved>:4560: Waiting 24982ms before attempting reconnection.
07:54:43,273 |-WARN in net.logstash.logback.appender.LogstashTcpSocketAppender[LOGSTASH] - Log destination 192.168.110.57/<unresolved>:4560: Waiting 24975ms before attempting reconnection.
07:55:13,270 |-WARN in net.logstash.logback.appender.LogstashTcpSocketAppender[LOGSTASH] - Log destination 192.168.110.57/<unresolved>:4560: Waiting 24984ms before attempting reconnection.
07:55:43,272 |-WARN in net.logstash.logback.appender.LogstashTcpSocketAppender[LOGSTASH] - Log destination 192.168.110.57/<unresolved>:4560: Waiting 24986ms before attempting reconnection.
07:56:13,278 |-WARN in net.logstash.logback.appender.LogstashTcpSocketAppender[LOGSTASH] - Log destination 192.168.110.57/<unresolved>:4560: Waiting 24984ms before attempting reconnection.
07:56:43,312 |-WARN in net.logstash.logback.appender.LogstashTcpSocketAppender[LOGSTASH] - Log destination 192.168.110.57/<unresolved>:4560: Waiting 24959ms before attempting reconnection.
07:57:13,293 |-WARN in net.logstash.logback.appender.LogstashTcpSocketAppender[LOGSTASH] - Log destination 192.168.110.57/<unresolved>:4560: Waiting 24982ms before attempting reconnection.
07:57:43,308 |-WARN in net.logstash.logback.appender.LogstashTcpSocketAppender[LOGSTASH] - Log destination 192.168.110.57/<unresolved>:4560: Waiting 24977ms before attempting reconnection.
07:58:13,307 |-WARN in net.logstash.logback.appender.LogstashTcpSocketAppender[LOGSTASH] - Log destination 192.168.110.57/<unresolved>:4560: Waiting 24984ms before attempting reconnection.
07:58:43,311 |-WARN in net.logstash.logback.appender.LogstashTcpSocketAppender[LOGSTASH] - Log destination 192.168.110.57/<unresolved>:4560: Waiting 24991ms before attempting reconnection.
07:59:13,333 |-WARN in net.logstash.logback.appender.LogstashTcpSocketAppender[LOGSTASH] - Log destination 192.168.110.57/<unresolved>:4560: Waiting 24979ms before attempting reconnection.
07:59:43,338 |-WARN in net.logstash.logback.appender.LogstashTcpSocketAppender[LOGSTASH] - Log destination 192.168.110.57/<unresolved>:4560: Waiting 24985ms before attempting reconnection.
08:00:13,341 |-WARN in net.logstash.logback.appender.LogstashTcpSocketAppender[LOGSTASH] - Log destination 192.168.110.57/<unresolved>:4560: Waiting 24988ms before attempting reconnection.
08:00:43,348 |-WARN in net.logstash.logback.appender.LogstashTcpSocketAppender[LOGSTASH] - Log destination 192.168.110.57/<unresolved>:4560: Waiting 24991ms before attempting reconnection.
08:01:13,367 |-WARN in net.logstash.logback.appender.LogstashTcpSocketAppender[LOGSTASH] - Log destination 192.168.110.57/<unresolved>:4560: Waiting 24983ms before attempting reconnection.
08:01:43,376 |-WARN in net.logstash.logback.appender.LogstashTcpSocketAppender[LOGSTASH] - Log destination 192.168.110.57/<unresolved>:4560: Waiting 24984ms before attempting reconnection.
08:02:13,376 |-WARN in net.logstash.logback.appender.LogstashTcpSocketAppender[LOGSTASH] - Log destination 192.168.110.57/<unresolved>:4560: Waiting 24988ms before attempting reconnection.
08:02:43,376 |-WARN in net.logstash.logback.appender.LogstashTcpSocketAppender[LOGSTASH] - Log destination 192.168.110.57/<unresolved>:4560: Waiting 24986ms before attempting reconnection.
08:03:13,380 |-WARN in net.logstash.logback.appender.LogstashTcpSocketAppender[LOGSTASH] - Log destination 192.168.110.57/<unresolved>:4560: Waiting 24984ms before attempting reconnection.
08:03:43,387 |-WARN in net.logstash.logback.appender.LogstashTcpSocketAppender[LOGSTASH] - Log destination 192.168.110.57/<unresolved>:4560: Waiting 24986ms before attempting reconnection.
08:04:13,393 |-WARN in net.logstash.logback.appender.LogstashTcpSocketAppender[LOGSTASH] - Log destination 192.168.110.57/<unresolved>:4560: Waiting 24986ms before attempting reconnection.
08:04:43,405 |-WARN in net.logstash.logback.appender.LogstashTcpSocketAppender[LOGSTASH] - Log destination 192.168.110.57/<unresolved>:4560: Waiting 24983ms before attempting reconnection.
08:05:13,417 |-WARN in net.logstash.logback.appender.LogstashTcpSocketAppender[LOGSTASH] - Log destination 192.168.110.57/<unresolved>:4560: Waiting 24981ms before attempting reconnection.
08:05:43,420 |-WARN in net.logstash.logback.appender.LogstashTcpSocketAppender[LOGSTASH] - Log destination 192.168.110.57/<unresolved>:4560: Waiting 24983ms before attempting reconnection.
08:06:13,425 |-WARN in net.logstash.logback.appender.LogstashTcpSocketAppender[LOGSTASH] - Log destination 192.168.110.57/<unresolved>:4560: Waiting 24986ms before attempting reconnection.
08:06:43,433 |-WARN in net.logstash.logback.appender.LogstashTcpSocketAppender[LOGSTASH] - Log destination 192.168.110.57/<unresolved>:4560: Waiting 24988ms before attempting reconnection.
08:07:13,434 |-WARN in net.logstash.logback.appender.LogstashTcpSocketAppender[LOGSTASH] - Log destination 192.168.110.57/<unresolved>:4560: Waiting 24988ms before attempting reconnection.
08:07:43,437 |-WARN in net.logstash.logback.appender.LogstashTcpSocketAppender[LOGSTASH] - Log destination 192.168.110.57/<unresolved>:4560: Waiting 24989ms before attempting reconnection.
08:08:13,445 |-WARN in net.logstash.logback.appender.LogstashTcpSocketAppender[LOGSTASH] - Log destination 192.168.110.57/<unresolved>:4560: Waiting 24984ms before attempting reconnection.
08:08:43,442 |-WARN in net.logstash.logback.appender.LogstashTcpSocketAppender[LOGSTASH] - Log destination 192.168.110.57/<unresolved>:4560: Waiting 24990ms before attempting reconnection.
08:09:13,445 |-WARN in net.logstash.logback.appender.LogstashTcpSocketAppender[LOGSTASH] - Log destination 192.168.110.57/<unresolved>:4560: Waiting 24987ms before attempting reconnection.
08:09:43,457 |-WARN in net.logstash.logback.appender.LogstashTcpSocketAppender[LOGSTASH] - Log destination 192.168.110.57/<unresolved>:4560: Waiting 24985ms before attempting reconnection.
08:10:13,457 |-WARN in net.logstash.logback.appender.LogstashTcpSocketAppender[LOGSTASH] - Log destination 192.168.110.57/<unresolved>:4560: Waiting 24986ms before attempting reconnection.
08:10:43,469 |-WARN in net.logstash.logback.appender.LogstashTcpSocketAppender[LOGSTASH] - Log destination 192.168.110.57/<unresolved>:4560: Waiting 24976ms before attempting reconnection.
08:11:13,471 |-WARN in net.logstash.logback.appender.LogstashTcpSocketAppender[LOGSTASH] - Log destination 192.168.110.57/<unresolved>:4560: Waiting 24983ms before attempting reconnection.
08:11:43,478 |-WARN in net.logstash.logback.appender.LogstashTcpSocketAppender[LOGSTASH] - Log destination 192.168.110.57/<unresolved>:4560: Waiting 24980ms before attempting reconnection.
08:12:13,480 |-WARN in net.logstash.logback.appender.LogstashTcpSocketAppender[LOGSTASH] - Log destination 192.168.110.57/<unresolved>:4560: Waiting 24984ms before attempting reconnection.
08:12:43,500 |-WARN in net.logstash.logback.appender.LogstashTcpSocketAppender[LOGSTASH] - Log destination 192.168.110.57/<unresolved>:4560: Waiting 24972ms before attempting reconnection.
08:13:13,496 |-WARN in net.logstash.logback.appender.LogstashTcpSocketAppender[LOGSTASH] - Log destination 192.168.110.57/<unresolved>:4560: Waiting 24986ms before attempting reconnection.
08:13:43,498 |-WARN in net.logstash.logback.appender.LogstashTcpSocketAppender[LOGSTASH] - Log destination 192.168.110.57/<unresolved>:4560: Waiting 24986ms before attempting reconnection.
08:14:13,509 |-WARN in net.logstash.logback.appender.LogstashTcpSocketAppender[LOGSTASH] - Log destination 192.168.110.57/<unresolved>:4560: Waiting 24985ms before attempting reconnection.
08:14:43,537 |-WARN in net.logstash.logback.appender.LogstashTcpSocketAppender[LOGSTASH] - Log destination 192.168.110.57/<unresolved>:4560: Waiting 24966ms before attempting reconnection.
08:15:13,530 |-WARN in net.logstash.logback.appender.LogstashTcpSocketAppender[LOGSTASH] - Log destination 192.168.110.57/<unresolved>:4560: Waiting 24974ms before attempting reconnection.
08:15:43,518 |-WARN in net.logstash.logback.appender.LogstashTcpSocketAppender[LOGSTASH] - Log destination 192.168.110.57/<unresolved>:4560: Waiting 24989ms before attempting reconnection.
08:16:13,523 |-WARN in net.logstash.logback.appender.LogstashTcpSocketAppender[LOGSTASH] - Log destination 192.168.110.57/<unresolved>:4560: Waiting 24989ms before attempting reconnection.
08:16:43,541 |-WARN in net.logstash.logback.appender.LogstashTcpSocketAppender[LOGSTASH] - Log destination 192.168.110.57/<unresolved>:4560: Waiting 24980ms before attempting reconnection.
08:17:13,540 |-WARN in net.logstash.logback.appender.LogstashTcpSocketAppender[LOGSTASH] - Log destination 192.168.110.57/<unresolved>:4560: Waiting 24990ms before attempting reconnection.
08:17:43,525 |-WARN in net.logstash.logback.appender.LogstashTcpSocketAppender[LOGSTASH] - Log destination 192.168.110.57/<unresolved>:4560: Waiting 24989ms before attempting reconnection.
08:18:13,529 |-WARN in net.logstash.logback.appender.LogstashTcpSocketAppender[LOGSTASH] - Log destination 192.168.110.57/<unresolved>:4560: Waiting 24982ms before attempting reconnection.
08:18:43,535 |-WARN in net.logstash.logback.appender.LogstashTcpSocketAppender[LOGSTASH] - Log destination 192.168.110.57/<unresolved>:4560: Waiting 24982ms before attempting reconnection.
08:19:13,539 |-WARN in net.logstash.logback.appender.LogstashTcpSocketAppender[LOGSTASH] - Log destination 192.168.110.57/<unresolved>:4560: Waiting 24982ms before attempting reconnection.
08:19:43,546 |-WARN in net.logstash.logback.appender.LogstashTcpSocketAppender[LOGSTASH] - Log destination 192.168.110.57/<unresolved>:4560: Waiting 24985ms before attempting reconnection.
08:20:13,566 |-WARN in net.logstash.logback.appender.LogstashTcpSocketAppender[LOGSTASH] - Log destination 192.168.110.57/<unresolved>:4560: Waiting 24975ms before attempting reconnection.
08:20:43,571 |-WARN in net.logstash.logback.appender.LogstashTcpSocketAppender[LOGSTASH] - Log destination 192.168.110.57/<unresolved>:4560: Waiting 24980ms before attempting reconnection.
08:21:13,581 |-WARN in net.logstash.logback.appender.LogstashTcpSocketAppender[LOGSTASH] - Log destination 192.168.110.57/<unresolved>:4560: Waiting 24980ms before attempting reconnection.
08:21:43,579 |-WARN in net.logstash.logback.appender.LogstashTcpSocketAppender[LOGSTASH] - Log destination 192.168.110.57/<unresolved>:4560: Waiting 24990ms before attempting reconnection.
08:22:13,586 |-WARN in net.logstash.logback.appender.LogstashTcpSocketAppender[LOGSTASH] - Log destination 192.168.110.57/<unresolved>:4560: Waiting 24986ms before attempting reconnection.
08:22:43,602 |-WARN in net.logstash.logback.appender.LogstashTcpSocketAppender[LOGSTASH] - Log destination 192.168.110.57/<unresolved>:4560: Waiting 24981ms before attempting reconnection.
08:23:13,604 |-WARN in net.logstash.logback.appender.LogstashTcpSocketAppender[LOGSTASH] - Log destination 192.168.110.57/<unresolved>:4560: Waiting 24984ms before attempting reconnection.
08:23:43,613 |-WARN in net.logstash.logback.appender.LogstashTcpSocketAppender[LOGSTASH] - Log destination 192.168.110.57/<unresolved>:4560: Waiting 24984ms before attempting reconnection.
08:24:13,617 |-WARN in net.logstash.logback.appender.LogstashTcpSocketAppender[LOGSTASH] - Log destination 192.168.110.57/<unresolved>:4560: Waiting 24989ms before attempting reconnection.
08:24:43,634 |-WARN in net.logstash.logback.appender.LogstashTcpSocketAppender[LOGSTASH] - Log destination 192.168.110.57/<unresolved>:4560: Waiting 24982ms before attempting reconnection.
08:25:13,655 |-WARN in net.logstash.logback.appender.LogstashTcpSocketAppender[LOGSTASH] - Log destination 192.168.110.57/<unresolved>:4560: Waiting 24974ms before attempting reconnection.
08:25:43,650 |-WARN in net.logstash.logback.appender.LogstashTcpSocketAppender[LOGSTASH] - Log destination 192.168.110.57/<unresolved>:4560: Waiting 24986ms before attempting reconnection.
08:26:13,665 |-WARN in net.logstash.logback.appender.LogstashTcpSocketAppender[LOGSTASH] - Log destination 192.168.110.57/<unresolved>:4560: Waiting 24980ms before attempting reconnection.
08:26:43,683 |-WARN in net.logstash.logback.appender.LogstashTcpSocketAppender[LOGSTASH] - Log destination 192.168.110.57/<unresolved>:4560: Waiting 24971ms before attempting reconnection.
08:27:13,680 |-WARN in net.logstash.logback.appender.LogstashTcpSocketAppender[LOGSTASH] - Log destination 192.168.110.57/<unresolved>:4560: Waiting 24984ms before attempting reconnection.
08:27:43,696 |-WARN in net.logstash.logback.appender.LogstashTcpSocketAppender[LOGSTASH] - Log destination 192.168.110.57/<unresolved>:4560: Waiting 24978ms before attempting reconnection.
08:28:13,702 |-WARN in net.logstash.logback.appender.LogstashTcpSocketAppender[LOGSTASH] - Log destination 192.168.110.57/<unresolved>:4560: Waiting 24978ms before attempting reconnection.
08:28:43,712 |-WARN in net.logstash.logback.appender.LogstashTcpSocketAppender[LOGSTASH] - Log destination 192.168.110.57/<unresolved>:4560: Waiting 24979ms before attempting reconnection.
08:29:13,724 |-WARN in net.logstash.logback.appender.LogstashTcpSocketAppender[LOGSTASH] - Log destination 192.168.110.57/<unresolved>:4560: Waiting 24970ms before attempting reconnection.
08:29:43,716 |-WARN in net.logstash.logback.appender.LogstashTcpSocketAppender[LOGSTASH] - Log destination 192.168.110.57/<unresolved>:4560: Waiting 24984ms before attempting reconnection.
08:30:13,719 |-WARN in net.logstash.logback.appender.LogstashTcpSocketAppender[LOGSTASH] - Log destination 192.168.110.57/<unresolved>:4560: Waiting 24989ms before attempting reconnection.
08:30:43,732 |-WARN in net.logstash.logback.appender.LogstashTcpSocketAppender[LOGSTASH] - Log destination 192.168.110.57/<unresolved>:4560: Waiting 24987ms before attempting reconnection.
08:31:13,737 |-WARN in net.logstash.logback.appender.LogstashTcpSocketAppender[LOGSTASH] - Log destination 192.168.110.57/<unresolved>:4560: Waiting 24990ms before attempting reconnection.
08:31:43,750 |-WARN in net.logstash.logback.appender.LogstashTcpSocketAppender[LOGSTASH] - Log destination 192.168.110.57/<unresolved>:4560: Waiting 24983ms before attempting reconnection.
08:32:13,744 |-WARN in net.logstash.logback.appender.LogstashTcpSocketAppender[LOGSTASH] - Log destination 192.168.110.57/<unresolved>:4560: Waiting 24989ms before attempting reconnection.
08:32:43,753 |-WARN in net.logstash.logback.appender.LogstashTcpSocketAppender[LOGSTASH] - Log destination 192.168.110.57/<unresolved>:4560: Waiting 24989ms before attempting reconnection.
08:33:13,760 |-WARN in net.logstash.logback.appender.LogstashTcpSocketAppender[LOGSTASH] - Log destination 192.168.110.57/<unresolved>:4560: Waiting 24984ms before attempting reconnection.
08:33:43,768 |-WARN in net.logstash.logback.appender.LogstashTcpSocketAppender[LOGSTASH] - Log destination 192.168.110.57/<unresolved>:4560: Waiting 24980ms before attempting reconnection.
08:34:13,765 |-WARN in net.logstash.logback.appender.LogstashTcpSocketAppender[LOGSTASH] - Log destination 192.168.110.57/<unresolved>:4560: Waiting 24989ms before attempting reconnection.
08:34:43,779 |-WARN in net.logstash.logback.appender.LogstashTcpSocketAppender[LOGSTASH] - Log destination 192.168.110.57/<unresolved>:4560: Waiting 24984ms before attempting reconnection.
08:35:13,809 |-WARN in net.logstash.logback.appender.LogstashTcpSocketAppender[LOGSTASH] - Log destination 192.168.110.57/<unresolved>:4560: Waiting 24960ms before attempting reconnection.
08:35:43,796 |-WARN in net.logstash.logback.appender.LogstashTcpSocketAppender[LOGSTASH] - Log destination 192.168.110.57/<unresolved>:4560: Waiting 24982ms before attempting reconnection.
08:36:13,796 |-WARN in net.logstash.logback.appender.LogstashTcpSocketAppender[LOGSTASH] - Log destination 192.168.110.57/<unresolved>:4560: Waiting 24987ms before attempting reconnection.
08:36:43,802 |-WARN in net.logstash.logback.appender.LogstashTcpSocketAppender[LOGSTASH] - Log destination 192.168.110.57/<unresolved>:4560: Waiting 24989ms before attempting reconnection.
08:37:13,828 |-WARN in net.logstash.logback.appender.LogstashTcpSocketAppender[LOGSTASH] - Log destination 192.168.110.57/<unresolved>:4560: Waiting 24971ms before attempting reconnection.
08:37:43,824 |-WARN in net.logstash.logback.appender.LogstashTcpSocketAppender[LOGSTASH] - Log destination 192.168.110.57/<unresolved>:4560: Waiting 24986ms before attempting reconnection.
08:38:13,840 |-WARN in net.logstash.logback.appender.LogstashTcpSocketAppender[LOGSTASH] - Log destination 192.168.110.57/<unresolved>:4560: Waiting 24979ms before attempting reconnection.
08:38:43,845 |-WARN in net.logstash.logback.appender.LogstashTcpSocketAppender[LOGSTASH] - Log destination 192.168.110.57/<unresolved>:4560: Waiting 24975ms before attempting reconnection.
08:39:13,852 |-WARN in net.logstash.logback.appender.LogstashTcpSocketAppender[LOGSTASH] - Log destination 192.168.110.57/<unresolved>:4560: Waiting 24972ms before attempting reconnection.
08:39:43,847 |-WARN in net.logstash.logback.appender.LogstashTcpSocketAppender[LOGSTASH] - Log destination 192.168.110.57/<unresolved>:4560: Waiting 24984ms before attempting reconnection.
08:40:13,860 |-WARN in net.logstash.logback.appender.LogstashTcpSocketAppender[LOGSTASH] - Log destination 192.168.110.57/<unresolved>:4560: Waiting 24976ms before attempting reconnection.
08:40:43,867 |-WARN in net.logstash.logback.appender.LogstashTcpSocketAppender[LOGSTASH] - Log destination 192.168.110.57/<unresolved>:4560: Waiting 24976ms before attempting reconnection.
08:41:13,869 |-WARN in net.logstash.logback.appender.LogstashTcpSocketAppender[LOGSTASH] - Log destination 192.168.110.57/<unresolved>:4560: Waiting 24982ms before attempting reconnection.
08:41:43,875 |-WARN in net.logstash.logback.appender.LogstashTcpSocketAppender[LOGSTASH] - Log destination 192.168.110.57/<unresolved>:4560: Waiting 24984ms before attempting reconnection.
08:42:13,886 |-WARN in net.logstash.logback.appender.LogstashTcpSocketAppender[LOGSTASH] - Log destination 192.168.110.57/<unresolved>:4560: Waiting 24983ms before attempting reconnection.
08:42:43,892 |-WARN in net.logstash.logback.appender.LogstashTcpSocketAppender[LOGSTASH] - Log destination 192.168.110.57/<unresolved>:4560: Waiting 24983ms before attempting reconnection.
08:43:13,909 |-WARN in net.logstash.logback.appender.LogstashTcpSocketAppender[LOGSTASH] - Log destination 192.168.110.57/<unresolved>:4560: Waiting 24975ms before attempting reconnection.
08:43:43,911 |-WARN in net.logstash.logback.appender.LogstashTcpSocketAppender[LOGSTASH] - Log destination 192.168.110.57/<unresolved>:4560: Waiting 24980ms before attempting reconnection.
08:44:13,905 |-WARN in net.logstash.logback.appender.LogstashTcpSocketAppender[LOGSTASH] - Log destination 192.168.110.57/<unresolved>:4560: Waiting 24990ms before attempting reconnection.
08:44:43,961 |-WARN in net.logstash.logback.appender.LogstashTcpSocketAppender[LOGSTASH] - Log destination 192.168.110.57/<unresolved>:4560: Waiting 24985ms before attempting reconnection.
08:45:13,965 |-WARN in net.logstash.logback.appender.LogstashTcpSocketAppender[LOGSTASH] - Log destination 192.168.110.57/<unresolved>:4560: Waiting 24989ms before attempting reconnection.
08:45:43,976 |-WARN in net.logstash.logback.appender.LogstashTcpSocketAppender[LOGSTASH] - Log destination 192.168.110.57/<unresolved>:4560: Waiting 24986ms before attempting reconnection.
08:46:13,981 |-WARN in net.logstash.logback.appender.LogstashTcpSocketAppender[LOGSTASH] - Log destination 192.168.110.57/<unresolved>:4560: Waiting 24986ms before attempting reconnection.
08:46:43,983 |-WARN in net.logstash.logback.appender.LogstashTcpSocketAppender[LOGSTASH] - Log destination 192.168.110.57/<unresolved>:4560: Waiting 24987ms before attempting reconnection.
08:47:13,993 |-WARN in net.logstash.logback.appender.LogstashTcpSocketAppender[LOGSTASH] - Log destination 192.168.110.57/<unresolved>:4560: Waiting 24981ms before attempting reconnection.
08:47:44,001 |-WARN in net.logstash.logback.appender.LogstashTcpSocketAppender[LOGSTASH] - Log destination 192.168.110.57/<unresolved>:4560: Waiting 24984ms before attempting reconnection.
08:48:14,004 |-WARN in net.logstash.logback.appender.LogstashTcpSocketAppender[LOGSTASH] - Log destination 192.168.110.57/<unresolved>:4560: Waiting 24983ms before attempting reconnection.
08:48:44,014 |-WARN in net.logstash.logback.appender.LogstashTcpSocketAppender[LOGSTASH] - Log destination 192.168.110.57/<unresolved>:4560: Waiting 24984ms before attempting reconnection.
08:49:14,020 |-WARN in net.logstash.logback.appender.LogstashTcpSocketAppender[LOGSTASH] - Log destination 192.168.110.57/<unresolved>:4560: Waiting 24984ms before attempting reconnection.
08:49:44,026 |-WARN in net.logstash.logback.appender.LogstashTcpSocketAppender[LOGSTASH] - Log destination 192.168.110.57/<unresolved>:4560: Waiting 24986ms before attempting reconnection.
08:50:14,030 |-WARN in net.logstash.logback.appender.LogstashTcpSocketAppender[LOGSTASH] - Log destination 192.168.110.57/<unresolved>:4560: Waiting 24984ms before attempting reconnection.
08:50:44,040 |-WARN in net.logstash.logback.appender.LogstashTcpSocketAppender[LOGSTASH] - Log destination 192.168.110.57/<unresolved>:4560: Waiting 24984ms before attempting reconnection.
08:51:14,060 |-WARN in net.logstash.logback.appender.LogstashTcpSocketAppender[LOGSTASH] - Log destination 192.168.110.57/<unresolved>:4560: Waiting 24974ms before attempting reconnection.
08:51:44,056 |-WARN in net.logstash.logback.appender.LogstashTcpSocketAppender[LOGSTASH] - Log destination 192.168.110.57/<unresolved>:4560: Waiting 24987ms before attempting reconnection.
08:52:14,057 |-WARN in net.logstash.logback.appender.LogstashTcpSocketAppender[LOGSTASH] - Log destination 192.168.110.57/<unresolved>:4560: Waiting 24987ms before attempting reconnection.
08:52:44,066 |-WARN in net.logstash.logback.appender.LogstashTcpSocketAppender[LOGSTASH] - Log destination 192.168.110.57/<unresolved>:4560: Waiting 24983ms before attempting reconnection.
08:53:14,073 |-WARN in net.logstash.logback.appender.LogstashTcpSocketAppender[LOGSTASH] - Log destination 192.168.110.57/<unresolved>:4560: Waiting 24985ms before attempting reconnection.
08:53:44,084 |-WARN in net.logstash.logback.appender.LogstashTcpSocketAppender[LOGSTASH] - Log destination 192.168.110.57/<unresolved>:4560: Waiting 24982ms before attempting reconnection.
08:54:14,083 |-WARN in net.logstash.logback.appender.LogstashTcpSocketAppender[LOGSTASH] - Log destination 192.168.110.57/<unresolved>:4560: Waiting 24987ms before attempting reconnection.
08:54:44,098 |-WARN in net.logstash.logback.appender.LogstashTcpSocketAppender[LOGSTASH] - Log destination 192.168.110.57/<unresolved>:4560: Waiting 24982ms before attempting reconnection.
08:55:14,107 |-WARN in net.logstash.logback.appender.LogstashTcpSocketAppender[LOGSTASH] - Log destination 192.168.110.57/<unresolved>:4560: Waiting 24983ms before attempting reconnection.
08:55:44,119 |-WARN in net.logstash.logback.appender.LogstashTcpSocketAppender[LOGSTASH] - Log destination 192.168.110.57/<unresolved>:4560: Waiting 24982ms before attempting reconnection.
08:56:14,128 |-WARN in net.logstash.logback.appender.LogstashTcpSocketAppender[LOGSTASH] - Log destination 192.168.110.57/<unresolved>:4560: Waiting 24984ms before attempting reconnection.
08:56:44,145 |-WARN in net.logstash.logback.appender.LogstashTcpSocketAppender[LOGSTASH] - Log destination 192.168.110.57/<unresolved>:4560: Waiting 24977ms before attempting reconnection.
08:57:14,142 |-WARN in net.logstash.logback.appender.LogstashTcpSocketAppender[LOGSTASH] - Log destination 192.168.110.57/<unresolved>:4560: Waiting 24985ms before attempting reconnection.
08:57:44,146 |-WARN in net.logstash.logback.appender.LogstashTcpSocketAppender[LOGSTASH] - Log destination 192.168.110.57/<unresolved>:4560: Waiting 24983ms before attempting reconnection.
08:58:14,164 |-WARN in net.logstash.logback.appender.LogstashTcpSocketAppender[LOGSTASH] - Log destination 192.168.110.57/<unresolved>:4560: Waiting 24973ms before attempting reconnection.
08:58:44,164 |-WARN in net.logstash.logback.appender.LogstashTcpSocketAppender[LOGSTASH] - Log destination 192.168.110.57/<unresolved>:4560: Waiting 24980ms before attempting reconnection.
08:59:14,170 |-WARN in net.logstash.logback.appender.LogstashTcpSocketAppender[LOGSTASH] - Log destination 192.168.110.57/<unresolved>:4560: Waiting 24983ms before attempting reconnection.
08:59:44,193 |-WARN in net.logstash.logback.appender.LogstashTcpSocketAppender[LOGSTASH] - Log destination 192.168.110.57/<unresolved>:4560: Waiting 24970ms before attempting reconnection.
09:00:14,180 |-WARN in net.logstash.logback.appender.LogstashTcpSocketAppender[LOGSTASH] - Log destination 192.168.110.57/<unresolved>:4560: Waiting 24991ms before attempting reconnection.
09:00:44,191 |-WARN in net.logstash.logback.appender.LogstashTcpSocketAppender[LOGSTASH] - Log destination 192.168.110.57/<unresolved>:4560: Waiting 24985ms before attempting reconnection.
09:01:14,203 |-WARN in net.logstash.logback.appender.LogstashTcpSocketAppender[LOGSTASH] - Log destination 192.168.110.57/<unresolved>:4560: Waiting 24981ms before attempting reconnection.
09:01:44,208 |-WARN in net.logstash.logback.appender.LogstashTcpSocketAppender[LOGSTASH] - Log destination 192.168.110.57/<unresolved>:4560: Waiting 24981ms before attempting reconnection.
09:02:14,209 |-WARN in net.logstash.logback.appender.LogstashTcpSocketAppender[LOGSTASH] - Log destination 192.168.110.57/<unresolved>:4560: Waiting 24984ms before attempting reconnection.
09:02:44,214 |-WARN in net.logstash.logback.appender.LogstashTcpSocketAppender[LOGSTASH] - Log destination 192.168.110.57/<unresolved>:4560: Waiting 24989ms before attempting reconnection.
09:03:14,268 |-WARN in net.logstash.logback.appender.LogstashTcpSocketAppender[LOGSTASH] - Log destination 192.168.110.57/<unresolved>:4560: Waiting 24972ms before attempting reconnection.
09:03:44,269 |-WARN in net.logstash.logback.appender.LogstashTcpSocketAppender[LOGSTASH] - Log destination 192.168.110.57/<unresolved>:4560: Waiting 24985ms before attempting reconnection.
09:04:14,274 |-WARN in net.logstash.logback.appender.LogstashTcpSocketAppender[LOGSTASH] - Log destination 192.168.110.57/<unresolved>:4560: Waiting 24985ms before attempting reconnection.
09:04:44,282 |-WARN in net.logstash.logback.appender.LogstashTcpSocketAppender[LOGSTASH] - Log destination 192.168.110.57/<unresolved>:4560: Waiting 24987ms before attempting reconnection.
09:05:14,297 |-WARN in net.logstash.logback.appender.LogstashTcpSocketAppender[LOGSTASH] - Log destination 192.168.110.57/<unresolved>:4560: Waiting 24980ms before attempting reconnection.
09:05:44,296 |-WARN in net.logstash.logback.appender.LogstashTcpSocketAppender[LOGSTASH] - Log destination 192.168.110.57/<unresolved>:4560: Waiting 24986ms before attempting reconnection.
09:06:14,312 |-WARN in net.logstash.logback.appender.LogstashTcpSocketAppender[LOGSTASH] - Log destination 192.168.110.57/<unresolved>:4560: Waiting 24975ms before attempting reconnection.
09:06:44,307 |-WARN in net.logstash.logback.appender.LogstashTcpSocketAppender[LOGSTASH] - Log destination 192.168.110.57/<unresolved>:4560: Waiting 24991ms before attempting reconnection.
09:07:14,312 |-WARN in net.logstash.logback.appender.LogstashTcpSocketAppender[LOGSTASH] - Log destination 192.168.110.57/<unresolved>:4560: Waiting 24988ms before attempting reconnection.
09:07:44,336 |-WARN in net.logstash.logback.appender.LogstashTcpSocketAppender[LOGSTASH] - Log destination 192.168.110.57/<unresolved>:4560: Waiting 24975ms before attempting reconnection.
09:08:14,331 |-WARN in net.logstash.logback.appender.LogstashTcpSocketAppender[LOGSTASH] - Log destination 192.168.110.57/<unresolved>:4560: Waiting 24983ms before attempting reconnection.
09:08:44,335 |-WARN in net.logstash.logback.appender.LogstashTcpSocketAppender[LOGSTASH] - Log destination 192.168.110.57/<unresolved>:4560: Waiting 24989ms before attempting reconnection.
09:09:14,344 |-WARN in net.logstash.logback.appender.LogstashTcpSocketAppender[LOGSTASH] - Log destination 192.168.110.57/<unresolved>:4560: Waiting 24990ms before attempting reconnection.
09:09:44,364 |-WARN in net.logstash.logback.appender.LogstashTcpSocketAppender[LOGSTASH] - Log destination 192.168.110.57/<unresolved>:4560: Waiting 24980ms before attempting reconnection.
09:10:14,371 |-WARN in net.logstash.logback.appender.LogstashTcpSocketAppender[LOGSTASH] - Log destination 192.168.110.57/<unresolved>:4560: Waiting 24982ms before attempting reconnection.
09:10:44,368 |-WARN in net.logstash.logback.appender.LogstashTcpSocketAppender[LOGSTASH] - Log destination 192.168.110.57/<unresolved>:4560: Waiting 24987ms before attempting reconnection.
09:11:14,380 |-WARN in net.logstash.logback.appender.LogstashTcpSocketAppender[LOGSTASH] - Log destination 192.168.110.57/<unresolved>:4560: Waiting 24986ms before attempting reconnection.
09:11:44,397 |-WARN in net.logstash.logback.appender.LogstashTcpSocketAppender[LOGSTASH] - Log destination 192.168.110.57/<unresolved>:4560: Waiting 24976ms before attempting reconnection.
09:12:14,416 |-WARN in net.logstash.logback.appender.LogstashTcpSocketAppender[LOGSTASH] - Log destination 192.168.110.57/<unresolved>:4560: Waiting 24967ms before attempting reconnection.
09:12:44,416 |-WARN in net.logstash.logback.appender.LogstashTcpSocketAppender[LOGSTASH] - Log destination 192.168.110.57/<unresolved>:4560: Waiting 24977ms before attempting reconnection.
09:13:14,417 |-WARN in net.logstash.logback.appender.LogstashTcpSocketAppender[LOGSTASH] - Log destination 192.168.110.57/<unresolved>:4560: Waiting 24985ms before attempting reconnection.
09:13:44,436 |-WARN in net.logstash.logback.appender.LogstashTcpSocketAppender[LOGSTASH] - Log destination 192.168.110.57/<unresolved>:4560: Waiting 24975ms before attempting reconnection.
09:14:14,429 |-WARN in net.logstash.logback.appender.LogstashTcpSocketAppender[LOGSTASH] - Log destination 192.168.110.57/<unresolved>:4560: Waiting 24986ms before attempting reconnection.
09:14:44,438 |-WARN in net.logstash.logback.appender.LogstashTcpSocketAppender[LOGSTASH] - Log destination 192.168.110.57/<unresolved>:4560: Waiting 24987ms before attempting reconnection.
09:15:14,448 |-WARN in net.logstash.logback.appender.LogstashTcpSocketAppender[LOGSTASH] - Log destination 192.168.110.57/<unresolved>:4560: Waiting 24987ms before attempting reconnection.
09:15:44,451 |-WARN in net.logstash.logback.appender.LogstashTcpSocketAppender[LOGSTASH] - Log destination 192.168.110.57/<unresolved>:4560: Waiting 24988ms before attempting reconnection.
09:16:14,459 |-WARN in net.logstash.logback.appender.LogstashTcpSocketAppender[LOGSTASH] - Log destination 192.168.110.57/<unresolved>:4560: Waiting 24988ms before attempting reconnection.
09:16:44,472 |-WARN in net.logstash.logback.appender.LogstashTcpSocketAppender[LOGSTASH] - Log destination 192.168.110.57/<unresolved>:4560: Waiting 24982ms before attempting reconnection.
09:17:14,475 |-WARN in net.logstash.logback.appender.LogstashTcpSocketAppender[LOGSTASH] - Log destination 192.168.110.57/<unresolved>:4560: Waiting 24982ms before attempting reconnection.
09:17:44,483 |-WARN in net.logstash.logback.appender.LogstashTcpSocketAppender[LOGSTASH] - Log destination 192.168.110.57/<unresolved>:4560: Waiting 24982ms before attempting reconnection.
09:18:14,527 |-WARN in net.logstash.logback.appender.LogstashTcpSocketAppender[LOGSTASH] - Log destination 192.168.110.57/<unresolved>:4560: Waiting 24971ms before attempting reconnection.
09:18:44,529 |-WARN in net.logstash.logback.appender.LogstashTcpSocketAppender[LOGSTASH] - Log destination 192.168.110.57/<unresolved>:4560: Waiting 24984ms before attempting reconnection.
09:19:14,543 |-WARN in net.logstash.logback.appender.LogstashTcpSocketAppender[LOGSTASH] - Log destination 192.168.110.57/<unresolved>:4560: Waiting 24980ms before attempting reconnection.
09:19:44,547 |-WARN in net.logstash.logback.appender.LogstashTcpSocketAppender[LOGSTASH] - Log destination 192.168.110.57/<unresolved>:4560: Waiting 24986ms before attempting reconnection.
09:20:14,554 |-WARN in net.logstash.logback.appender.LogstashTcpSocketAppender[LOGSTASH] - Log destination 192.168.110.57/<unresolved>:4560: Waiting 24982ms before attempting reconnection.
09:20:44,562 |-WARN in net.logstash.logback.appender.LogstashTcpSocketAppender[LOGSTASH] - Log destination 192.168.110.57/<unresolved>:4560: Waiting 24986ms before attempting reconnection.
09:21:14,576 |-WARN in net.logstash.logback.appender.LogstashTcpSocketAppender[LOGSTASH] - Log destination 192.168.110.57/<unresolved>:4560: Waiting 24978ms before attempting reconnection.
09:21:44,575 |-WARN in net.logstash.logback.appender.LogstashTcpSocketAppender[LOGSTASH] - Log destination 192.168.110.57/<unresolved>:4560: Waiting 24984ms before attempting reconnection.
09:22:14,602 |-WARN in net.logstash.logback.appender.LogstashTcpSocketAppender[LOGSTASH] - Log destination 192.168.110.57/<unresolved>:4560: Waiting 24966ms before attempting reconnection.
09:22:44,589 |-WARN in net.logstash.logback.appender.LogstashTcpSocketAppender[LOGSTASH] - Log destination 192.168.110.57/<unresolved>:4560: Waiting 24988ms before attempting reconnection.
09:23:14,598 |-WARN in net.logstash.logback.appender.LogstashTcpSocketAppender[LOGSTASH] - Log destination 192.168.110.57/<unresolved>:4560: Waiting 24983ms before attempting reconnection.
09:23:44,608 |-WARN in net.logstash.logback.appender.LogstashTcpSocketAppender[LOGSTASH] - Log destination 192.168.110.57/<unresolved>:4560: Waiting 24984ms before attempting reconnection.
09:24:14,623 |-WARN in net.logstash.logback.appender.LogstashTcpSocketAppender[LOGSTASH] - Log destination 192.168.110.57/<unresolved>:4560: Waiting 24972ms before attempting reconnection.
09:24:44,608 |-WARN in net.logstash.logback.appender.LogstashTcpSocketAppender[LOGSTASH] - Log destination 192.168.110.57/<unresolved>:4560: Waiting 24990ms before attempting reconnection.
09:25:14,623 |-WARN in net.logstash.logback.appender.LogstashTcpSocketAppender[LOGSTASH] - Log destination 192.168.110.57/<unresolved>:4560: Waiting 24984ms before attempting reconnection.
09:25:44,630 |-WARN in net.logstash.logback.appender.LogstashTcpSocketAppender[LOGSTASH] - Log destination 192.168.110.57/<unresolved>:4560: Waiting 24988ms before attempting reconnection.
09:26:14,642 |-WARN in net.logstash.logback.appender.LogstashTcpSocketAppender[LOGSTASH] - Log destination 192.168.110.57/<unresolved>:4560: Waiting 24987ms before attempting reconnection.
09:26:44,652 |-WARN in net.logstash.logback.appender.LogstashTcpSocketAppender[LOGSTASH] - Log destination 192.168.110.57/<unresolved>:4560: Waiting 24987ms before attempting reconnection.
09:27:14,662 |-WARN in net.logstash.logback.appender.LogstashTcpSocketAppender[LOGSTASH] - Log destination 192.168.110.57/<unresolved>:4560: Waiting 24982ms before attempting reconnection.
09:27:44,666 |-WARN in net.logstash.logback.appender.LogstashTcpSocketAppender[LOGSTASH] - Log destination 192.168.110.57/<unresolved>:4560: Waiting 24985ms before attempting reconnection.
09:28:14,677 |-WARN in net.logstash.logback.appender.LogstashTcpSocketAppender[LOGSTASH] - Log destination 192.168.110.57/<unresolved>:4560: Waiting 24982ms before attempting reconnection.
09:28:44,691 |-WARN in net.logstash.logback.appender.LogstashTcpSocketAppender[LOGSTASH] - Log destination 192.168.110.57/<unresolved>:4560: Waiting 24978ms before attempting reconnection.
09:29:14,692 |-WARN in net.logstash.logback.appender.LogstashTcpSocketAppender[LOGSTASH] - Log destination 192.168.110.57/<unresolved>:4560: Waiting 24983ms before attempting reconnection.
09:29:44,694 |-WARN in net.logstash.logback.appender.LogstashTcpSocketAppender[LOGSTASH] - Log destination 192.168.110.57/<unresolved>:4560: Waiting 24990ms before attempting reconnection.
09:30:14,698 |-WARN in net.logstash.logback.appender.LogstashTcpSocketAppender[LOGSTASH] - Log destination 192.168.110.57/<unresolved>:4560: Waiting 24990ms before attempting reconnection.
09:30:44,710 |-WARN in net.logstash.logback.appender.LogstashTcpSocketAppender[LOGSTASH] - Log destination 192.168.110.57/<unresolved>:4560: Waiting 24981ms before attempting reconnection.
09:31:14,715 |-WARN in net.logstash.logback.appender.LogstashTcpSocketAppender[LOGSTASH] - Log destination 192.168.110.57/<unresolved>:4560: Waiting 24987ms before attempting reconnection.
09:31:44,721 |-WARN in net.logstash.logback.appender.LogstashTcpSocketAppender[LOGSTASH] - Log destination 192.168.110.57/<unresolved>:4560: Waiting 24989ms before attempting reconnection.
09:32:14,729 |-WARN in net.logstash.logback.appender.LogstashTcpSocketAppender[LOGSTASH] - Log destination 192.168.110.57/<unresolved>:4560: Waiting 24990ms before attempting reconnection.
09:32:44,733 |-WARN in net.logstash.logback.appender.LogstashTcpSocketAppender[LOGSTASH] - Log destination 192.168.110.57/<unresolved>:4560: Waiting 24992ms before attempting reconnection.
09:33:14,740 |-WARN in net.logstash.logback.appender.LogstashTcpSocketAppender[LOGSTASH] - Log destination 192.168.110.57/<unresolved>:4560: Waiting 24988ms before attempting reconnection.
09:33:44,742 |-WARN in net.logstash.logback.appender.LogstashTcpSocketAppender[LOGSTASH] - Log destination 192.168.110.57/<unresolved>:4560: Waiting 24989ms before attempting reconnection.
09:34:14,758 |-WARN in net.logstash.logback.appender.LogstashTcpSocketAppender[LOGSTASH] - Log destination 192.168.110.57/<unresolved>:4560: Waiting 24982ms before attempting reconnection.
09:34:44,768 |-WARN in net.logstash.logback.appender.LogstashTcpSocketAppender[LOGSTASH] - Log destination 192.168.110.57/<unresolved>:4560: Waiting 24980ms before attempting reconnection.
09:35:14,773 |-WARN in net.logstash.logback.appender.LogstashTcpSocketAppender[LOGSTASH] - Log destination 192.168.110.57/<unresolved>:4560: Waiting 24985ms before attempting reconnection.
09:35:44,783 |-WARN in net.logstash.logback.appender.LogstashTcpSocketAppender[LOGSTASH] - Log destination 192.168.110.57/<unresolved>:4560: Waiting 24984ms before attempting reconnection.
09:36:14,788 |-WARN in net.logstash.logback.appender.LogstashTcpSocketAppender[LOGSTASH] - Log destination 192.168.110.57/<unresolved>:4560: Waiting 24989ms before attempting reconnection.
09:36:44,792 |-WARN in net.logstash.logback.appender.LogstashTcpSocketAppender[LOGSTASH] - Log destination 192.168.110.57/<unresolved>:4560: Waiting 24990ms before attempting reconnection.
09:37:14,799 |-WARN in net.logstash.logback.appender.LogstashTcpSocketAppender[LOGSTASH] - Log destination 192.168.110.57/<unresolved>:4560: Waiting 24990ms before attempting reconnection.
09:37:44,814 |-WARN in net.logstash.logback.appender.LogstashTcpSocketAppender[LOGSTASH] - Log destination 192.168.110.57/<unresolved>:4560: Waiting 24985ms before attempting reconnection.
09:38:14,825 |-WARN in net.logstash.logback.appender.LogstashTcpSocketAppender[LOGSTASH] - Log destination 192.168.110.57/<unresolved>:4560: Waiting 24980ms before attempting reconnection.
09:38:44,852 |-WARN in net.logstash.logback.appender.LogstashTcpSocketAppender[LOGSTASH] - Log destination 192.168.110.57/<unresolved>:4560: Waiting 24964ms before attempting reconnection.
09:39:14,841 |-WARN in net.logstash.logback.appender.LogstashTcpSocketAppender[LOGSTASH] - Log destination 192.168.110.57/<unresolved>:4560: Waiting 24984ms before attempting reconnection.
09:39:44,845 |-WARN in net.logstash.logback.appender.LogstashTcpSocketAppender[LOGSTASH] - Log destination 192.168.110.57/<unresolved>:4560: Waiting 24989ms before attempting reconnection.
09:40:14,860 |-WARN in net.logstash.logback.appender.LogstashTcpSocketAppender[LOGSTASH] - Log destination 192.168.110.57/<unresolved>:4560: Waiting 24986ms before attempting reconnection.
09:40:44,874 |-WARN in net.logstash.logback.appender.LogstashTcpSocketAppender[LOGSTASH] - Log destination 192.168.110.57/<unresolved>:4560: Waiting 24982ms before attempting reconnection.
09:41:14,874 |-WARN in net.logstash.logback.appender.LogstashTcpSocketAppender[LOGSTASH] - Log destination 192.168.110.57/<unresolved>:4560: Waiting 24985ms before attempting reconnection.
09:41:44,891 |-WARN in net.logstash.logback.appender.LogstashTcpSocketAppender[LOGSTASH] - Log destination 192.168.110.57/<unresolved>:4560: Waiting 24979ms before attempting reconnection.
09:42:14,900 |-WARN in net.logstash.logback.appender.LogstashTcpSocketAppender[LOGSTASH] - Log destination 192.168.110.57/<unresolved>:4560: Waiting 24974ms before attempting reconnection.
09:42:44,909 |-WARN in net.logstash.logback.appender.LogstashTcpSocketAppender[LOGSTASH] - Log destination 192.168.110.57/<unresolved>:4560: Waiting 24975ms before attempting reconnection.
09:43:14,903 |-WARN in net.logstash.logback.appender.LogstashTcpSocketAppender[LOGSTASH] - Log destination 192.168.110.57/<unresolved>:4560: Waiting 24987ms before attempting reconnection.
09:43:44,915 |-WARN in net.logstash.logback.appender.LogstashTcpSocketAppender[LOGSTASH] - Log destination 192.168.110.57/<unresolved>:4560: Waiting 24985ms before attempting reconnection.
09:44:14,926 |-WARN in net.logstash.logback.appender.LogstashTcpSocketAppender[LOGSTASH] - Log destination 192.168.110.57/<unresolved>:4560: Waiting 24984ms before attempting reconnection.
09:44:46,549 |-WARN in net.logstash.logback.appender.LogstashTcpSocketAppender[LOGSTASH] - Log destination 192.168.110.57/<unresolved>:4560: Waiting 23389ms before attempting reconnection.
09:45:14,988 |-WARN in net.logstash.logback.appender.LogstashTcpSocketAppender[LOGSTASH] - Log destination 192.168.110.57/<unresolved>:4560: Waiting 24970ms before attempting reconnection.
09:45:44,991 |-WARN in net.logstash.logback.appender.LogstashTcpSocketAppender[LOGSTASH] - Log destination 192.168.110.57/<unresolved>:4560: Waiting 24972ms before attempting reconnection.
09:46:14,983 |-WARN in net.logstash.logback.appender.LogstashTcpSocketAppender[LOGSTASH] - Log destination 192.168.110.57/<unresolved>:4560: Waiting 24982ms before attempting reconnection.
09:46:44,979 |-WARN in net.logstash.logback.appender.LogstashTcpSocketAppender[LOGSTASH] - Log destination 192.168.110.57/<unresolved>:4560: Waiting 24987ms before attempting reconnection.
09:47:15,001 |-WARN in net.logstash.logback.appender.LogstashTcpSocketAppender[LOGSTASH] - Log destination 192.168.110.57/<unresolved>:4560: Waiting 24971ms before attempting reconnection.
09:47:45,010 |-WARN in net.logstash.logback.appender.LogstashTcpSocketAppender[LOGSTASH] - Log destination 192.168.110.57/<unresolved>:4560: Waiting 24965ms before attempting reconnection.
09:48:15,001 |-WARN in net.logstash.logback.appender.LogstashTcpSocketAppender[LOGSTASH] - Log destination 192.168.110.57/<unresolved>:4560: Waiting 24985ms before attempting reconnection.
09:48:45,079 |-WARN in net.logstash.logback.appender.LogstashTcpSocketAppender[LOGSTASH] - Log destination 192.168.110.57/<unresolved>:4560: Waiting 24941ms before attempting reconnection.
09:49:15,047 |-WARN in net.logstash.logback.appender.LogstashTcpSocketAppender[LOGSTASH] - Log destination 192.168.110.57/<unresolved>:4560: Waiting 24980ms before attempting reconnection.
09:49:45,045 |-WARN in net.logstash.logback.appender.LogstashTcpSocketAppender[LOGSTASH] - Log destination 192.168.110.57/<unresolved>:4560: Waiting 24987ms before attempting reconnection.
09:50:15,056 |-WARN in net.logstash.logback.appender.LogstashTcpSocketAppender[LOGSTASH] - Log destination 192.168.110.57/<unresolved>:4560: Waiting 24979ms before attempting reconnection.
09:50:45,057 |-WARN in net.logstash.logback.appender.LogstashTcpSocketAppender[LOGSTASH] - Log destination 192.168.110.57/<unresolved>:4560: Waiting 24980ms before attempting reconnection.
09:51:15,139 |-WARN in net.logstash.logback.appender.LogstashTcpSocketAppender[LOGSTASH] - Log destination 192.168.110.57/<unresolved>:4560: Waiting 24910ms before attempting reconnection.
09:51:45,093 |-WARN in net.logstash.logback.appender.LogstashTcpSocketAppender[LOGSTASH] - Log destination 192.168.110.57/<unresolved>:4560: Waiting 24964ms before attempting reconnection.
09:52:15,076 |-WARN in net.logstash.logback.appender.LogstashTcpSocketAppender[LOGSTASH] - Log destination 192.168.110.57/<unresolved>:4560: Waiting 24988ms before attempting reconnection.
09:52:45,082 |-WARN in net.logstash.logback.appender.LogstashTcpSocketAppender[LOGSTASH] - Log destination 192.168.110.57/<unresolved>:4560: Waiting 24985ms before attempting reconnection.
09:53:15,088 |-WARN in net.logstash.logback.appender.LogstashTcpSocketAppender[LOGSTASH] - Log destination 192.168.110.57/<unresolved>:4560: Waiting 24979ms before attempting reconnection.
09:53:45,078 |-WARN in net.logstash.logback.appender.LogstashTcpSocketAppender[LOGSTASH] - Log destination 192.168.110.57/<unresolved>:4560: Waiting 24990ms before attempting reconnection.
09:54:16,085 |-WARN in net.logstash.logback.appender.LogstashTcpSocketAppender[LOGSTASH] - Log destination 192.168.110.57/<unresolved>:4560: Waiting 24002ms before attempting reconnection.
09:54:45,516 |-WARN in net.logstash.logback.appender.LogstashTcpSocketAppender[LOGSTASH] - Log destination 192.168.110.57/<unresolved>:4560: Waiting 24630ms before attempting reconnection.
09:55:15,173 |-WARN in net.logstash.logback.appender.LogstashTcpSocketAppender[LOGSTASH] - Log destination 192.168.110.57/<unresolved>:4560: Waiting 24978ms before attempting reconnection.
09:55:45,232 |-WARN in net.logstash.logback.appender.LogstashTcpSocketAppender[LOGSTASH] - Log destination 192.168.110.57/<unresolved>:4560: Waiting 24921ms before attempting reconnection.
09:56:15,730 |-WARN in net.logstash.logback.appender.LogstashTcpSocketAppender[LOGSTASH] - Log destination 192.168.110.57/<unresolved>:4560: Waiting 24432ms before attempting reconnection.
09:56:45,183 |-WARN in net.logstash.logback.appender.LogstashTcpSocketAppender[LOGSTASH] - Log destination 192.168.110.57/<unresolved>:4560: Waiting 24982ms before attempting reconnection.
09:57:15,182 |-WARN in net.logstash.logback.appender.LogstashTcpSocketAppender[LOGSTASH] - Log destination 192.168.110.57/<unresolved>:4560: Waiting 24988ms before attempting reconnection.
09:57:45,195 |-WARN in net.logstash.logback.appender.LogstashTcpSocketAppender[LOGSTASH] - Log destination 192.168.110.57/<unresolved>:4560: Waiting 24980ms before attempting reconnection.
09:58:15,203 |-WARN in net.logstash.logback.appender.LogstashTcpSocketAppender[LOGSTASH] - Log destination 192.168.110.57/<unresolved>:4560: Waiting 24975ms before attempting reconnection.
09:58:45,198 |-WARN in net.logstash.logback.appender.LogstashTcpSocketAppender[LOGSTASH] - Log destination 192.168.110.57/<unresolved>:4560: Waiting 24983ms before attempting reconnection.
09:59:15,203 |-WARN in net.logstash.logback.appender.LogstashTcpSocketAppender[LOGSTASH] - Log destination 192.168.110.57/<unresolved>:4560: Waiting 24981ms before attempting reconnection.
09:59:45,766 |-WARN in net.logstash.logback.appender.LogstashTcpSocketAppender[LOGSTASH] - Log destination 192.168.110.57/<unresolved>:4560: Waiting 24463ms before attempting reconnection.
10:00:15,248 |-WARN in net.logstash.logback.appender.LogstashTcpSocketAppender[LOGSTASH] - Log destination 192.168.110.57/<unresolved>:4560: Waiting 24982ms before attempting reconnection.
10:00:45,267 |-WARN in net.logstash.logback.appender.LogstashTcpSocketAppender[LOGSTASH] - Log destination 192.168.110.57/<unresolved>:4560: Waiting 24967ms before attempting reconnection.
10:01:15,258 |-WARN in net.logstash.logback.appender.LogstashTcpSocketAppender[LOGSTASH] - Log destination 192.168.110.57/<unresolved>:4560: Waiting 24982ms before attempting reconnection.
10:01:45,258 |-WARN in net.logstash.logback.appender.LogstashTcpSocketAppender[LOGSTASH] - Log destination 192.168.110.57/<unresolved>:4560: Waiting 24988ms before attempting reconnection.
10:02:15,290 |-WARN in net.logstash.logback.appender.LogstashTcpSocketAppender[LOGSTASH] - Log destination 192.168.110.57/<unresolved>:4560: Waiting 24959ms before attempting reconnection.
10:02:45,281 |-WARN in net.logstash.logback.appender.LogstashTcpSocketAppender[LOGSTASH] - Log destination 192.168.110.57/<unresolved>:4560: Waiting 24971ms before attempting reconnection.
10:03:15,275 |-WARN in net.logstash.logback.appender.LogstashTcpSocketAppender[LOGSTASH] - Log destination 192.168.110.57/<unresolved>:4560: Waiting 24982ms before attempting reconnection.
10:03:45,266 |-WARN in net.logstash.logback.appender.LogstashTcpSocketAppender[LOGSTASH] - Log destination 192.168.110.57/<unresolved>:4560: Waiting 24991ms before attempting reconnection.
10:04:15,269 |-WARN in net.logstash.logback.appender.LogstashTcpSocketAppender[LOGSTASH] - Log destination 192.168.110.57/<unresolved>:4560: Waiting 24986ms before attempting reconnection.
10:04:46,229 |-WARN in net.logstash.logback.appender.LogstashTcpSocketAppender[LOGSTASH] - Log destination 192.168.110.57/<unresolved>:4560: Waiting 24110ms before attempting reconnection.
10:05:15,361 |-WARN in net.logstash.logback.appender.LogstashTcpSocketAppender[LOGSTASH] - Log destination 192.168.110.57/<unresolved>:4560: Waiting 24984ms before attempting reconnection.
10:05:45,369 |-WARN in net.logstash.logback.appender.LogstashTcpSocketAppender[LOGSTASH] - Log destination 192.168.110.57/<unresolved>:4560: Waiting 24981ms before attempting reconnection.
10:06:15,368 |-WARN in net.logstash.logback.appender.LogstashTcpSocketAppender[LOGSTASH] - Log destination 192.168.110.57/<unresolved>:4560: Waiting 24986ms before attempting reconnection.
10:06:45,373 |-WARN in net.logstash.logback.appender.LogstashTcpSocketAppender[LOGSTASH] - Log destination 192.168.110.57/<unresolved>:4560: Waiting 24986ms before attempting reconnection.
10:07:15,402 |-WARN in net.logstash.logback.appender.LogstashTcpSocketAppender[LOGSTASH] - Log destination 192.168.110.57/<unresolved>:4560: Waiting 24964ms before attempting reconnection.
10:07:45,413 |-WARN in net.logstash.logback.appender.LogstashTcpSocketAppender[LOGSTASH] - Log destination 192.168.110.57/<unresolved>:4560: Waiting 24958ms before attempting reconnection.
10:08:15,402 |-WARN in net.logstash.logback.appender.LogstashTcpSocketAppender[LOGSTASH] - Log destination 192.168.110.57/<unresolved>:4560: Waiting 24972ms before attempting reconnection.
10:08:45,388 |-WARN in net.logstash.logback.appender.LogstashTcpSocketAppender[LOGSTASH] - Log destination 192.168.110.57/<unresolved>:4560: Waiting 24989ms before attempting reconnection.
10:09:15,394 |-WARN in net.logstash.logback.appender.LogstashTcpSocketAppender[LOGSTASH] - Log destination 192.168.110.57/<unresolved>:4560: Waiting 24985ms before attempting reconnection.
10:09:45,547 |-WARN in net.logstash.logback.appender.LogstashTcpSocketAppender[LOGSTASH] - Log destination 192.168.110.57/<unresolved>:4560: Waiting 24843ms before attempting reconnection.
10:10:15,413 |-WARN in net.logstash.logback.appender.LogstashTcpSocketAppender[LOGSTASH] - Log destination 192.168.110.57/<unresolved>:4560: Waiting 24983ms before attempting reconnection.
10:10:45,419 |-WARN in net.logstash.logback.appender.LogstashTcpSocketAppender[LOGSTASH] - Log destination 192.168.110.57/<unresolved>:4560: Waiting 24979ms before attempting reconnection.
10:11:15,418 |-WARN in net.logstash.logback.appender.LogstashTcpSocketAppender[LOGSTASH] - Log destination 192.168.110.57/<unresolved>:4560: Waiting 24985ms before attempting reconnection.
10:11:45,430 |-WARN in net.logstash.logback.appender.LogstashTcpSocketAppender[LOGSTASH] - Log destination 192.168.110.57/<unresolved>:4560: Waiting 24984ms before attempting reconnection.
10:12:15,452 |-WARN in net.logstash.logback.appender.LogstashTcpSocketAppender[LOGSTASH] - Log destination 192.168.110.57/<unresolved>:4560: Waiting 24964ms before attempting reconnection.
10:12:45,444 |-WARN in net.logstash.logback.appender.LogstashTcpSocketAppender[LOGSTASH] - Log destination 192.168.110.57/<unresolved>:4560: Waiting 24978ms before attempting reconnection.
10:13:15,443 |-WARN in net.logstash.logback.appender.LogstashTcpSocketAppender[LOGSTASH] - Log destination 192.168.110.57/<unresolved>:4560: Waiting 24985ms before attempting reconnection.
10:13:45,443 |-WARN in net.logstash.logback.appender.LogstashTcpSocketAppender[LOGSTASH] - Log destination 192.168.110.57/<unresolved>:4560: Waiting 24987ms before attempting reconnection.
10:14:15,449 |-WARN in net.logstash.logback.appender.LogstashTcpSocketAppender[LOGSTASH] - Log destination 192.168.110.57/<unresolved>:4560: Waiting 24986ms before attempting reconnection.
10:14:45,464 |-WARN in net.logstash.logback.appender.LogstashTcpSocketAppender[LOGSTASH] - Log destination 192.168.110.57/<unresolved>:4560: Waiting 24980ms before attempting reconnection.
10:15:15,460 |-WARN in net.logstash.logback.appender.LogstashTcpSocketAppender[LOGSTASH] - Log destination 192.168.110.57/<unresolved>:4560: Waiting 24988ms before attempting reconnection.
10:15:45,518 |-WARN in net.logstash.logback.appender.LogstashTcpSocketAppender[LOGSTASH] - Log destination 192.168.110.57/<unresolved>:4560: Waiting 24940ms before attempting reconnection.
10:16:15,524 |-WARN in net.logstash.logback.appender.LogstashTcpSocketAppender[LOGSTASH] - Log destination 192.168.110.57/<unresolved>:4560: Waiting 24965ms before attempting reconnection.
2025-10-25 10:16:42.136  INFO [newbee-mall-cloud-user-service,,] 5069 --- [       Thread-6] o.s.c.s.a.z.ZipkinAutoConfiguration      : Flushing remaining spans on shutdown
2025-10-25 10:16:42.250  WARN [newbee-mall-cloud-user-service,,] 5069 --- [      Thread-14] c.a.nacos.common.notify.NotifyCenter     : [NotifyCenter] Start destroying Publisher
2025-10-25 10:16:42.150  WARN [newbee-mall-cloud-user-service,,] 5069 --- [       Thread-8] c.a.n.common.http.HttpClientBeanHolder   : [HttpClientBeanHolder] Start destroying common HttpClient
2025-10-25 10:16:42.378  WARN [newbee-mall-cloud-user-service,,] 5069 --- [      Thread-14] c.a.nacos.common.notify.NotifyCenter     : [NotifyCenter] Destruction of the end
2025-10-25 10:16:42.526 ERROR [newbee-mall-cloud-user-service,,] 5069 --- [ing.beat.sender] com.alibaba.nacos.client.naming          : [NA] failed to request

java.net.SocketException: Connection reset
	at java.base/sun.nio.ch.NioSocketImpl.implRead(NioSocketImpl.java:328)
	at java.base/sun.nio.ch.NioSocketImpl.read(NioSocketImpl.java:355)
	at java.base/sun.nio.ch.NioSocketImpl$1.read(NioSocketImpl.java:808)
	at java.base/java.net.Socket$SocketInputStream.read(Socket.java:976)
	at java.base/java.io.BufferedInputStream.fill(BufferedInputStream.java:244)
	at java.base/java.io.BufferedInputStream.read1(BufferedInputStream.java:284)
	at java.base/java.io.BufferedInputStream.read(BufferedInputStream.java:343)
	at java.base/sun.net.www.http.HttpClient.parseHTTPHeader(HttpClient.java:826)
	at java.base/sun.net.www.http.HttpClient.parseHTTP(HttpClient.java:761)
	at java.base/sun.net.www.http.HttpClient.parseHTTPHeader(HttpClient.java:951)
	at java.base/sun.net.www.http.HttpClient.parseHTTP(HttpClient.java:761)
	at java.base/sun.net.www.protocol.http.HttpURLConnection.getInputStream0(HttpURLConnection.java:1729)
	at java.base/sun.net.www.protocol.http.HttpURLConnection.getInputStream(HttpURLConnection.java:1630)
	at java.base/java.net.HttpURLConnection.getResponseCode(HttpURLConnection.java:529)
	at com.alibaba.nacos.common.http.client.response.JdkHttpClientResponse.getStatusCode(JdkHttpClientResponse.java:79)
	at com.alibaba.nacos.common.http.client.handler.AbstractResponseHandler.handle(AbstractResponseHandler.java:43)
	at com.alibaba.nacos.common.http.client.NacosRestTemplate.execute(NacosRestTemplate.java:483)
	at com.alibaba.nacos.common.http.client.NacosRestTemplate.exchangeForm(NacosRestTemplate.java:427)
	at com.alibaba.nacos.client.naming.net.NamingProxy.callServer(NamingProxy.java:603)
	at com.alibaba.nacos.client.naming.net.NamingProxy.reqApi(NamingProxy.java:526)
	at com.alibaba.nacos.client.naming.net.NamingProxy.reqApi(NamingProxy.java:498)
	at com.alibaba.nacos.client.naming.net.NamingProxy.sendBeat(NamingProxy.java:433)
	at com.alibaba.nacos.client.naming.beat.BeatReactor$BeatTask.run(BeatReactor.java:167)
	at java.base/java.util.concurrent.Executors$RunnableAdapter.call(Executors.java:539)
	at java.base/java.util.concurrent.FutureTask.run(FutureTask.java:264)
	at java.base/java.util.concurrent.ScheduledThreadPoolExecutor$ScheduledFutureTask.run(ScheduledThreadPoolExecutor.java:304)
	at java.base/java.util.concurrent.ThreadPoolExecutor.runWorker(ThreadPoolExecutor.java:1136)
	at java.base/java.util.concurrent.ThreadPoolExecutor$Worker.run(ThreadPoolExecutor.java:635)
	at java.base/java.lang.Thread.run(Thread.java:840)

2025-10-25 10:16:42.671  WARN [newbee-mall-cloud-user-service,,] 5069 --- [       Thread-8] c.a.n.common.http.HttpClientBeanHolder   : [HttpClientBeanHolder] Destruction of the end
2025-10-25 10:16:42.608 ERROR [newbee-mall-cloud-user-service,,] 5069 --- [ing.beat.sender] com.alibaba.nacos.client.naming          : [NA] failed to request

java.net.ConnectException: Connection refused
	at java.base/sun.nio.ch.Net.pollConnect(Native Method)
	at java.base/sun.nio.ch.Net.pollConnectNow(Net.java:672)
	at java.base/sun.nio.ch.NioSocketImpl.timedFinishConnect(NioSocketImpl.java:547)
	at java.base/sun.nio.ch.NioSocketImpl.connect(NioSocketImpl.java:602)
	at java.base/java.net.Socket.connect(Socket.java:639)
	at java.base/sun.net.NetworkClient.doConnect(NetworkClient.java:178)
	at java.base/sun.net.www.http.HttpClient.openServer(HttpClient.java:533)
	at java.base/sun.net.www.http.HttpClient.openServer(HttpClient.java:638)
	at java.base/sun.net.www.http.HttpClient.<init>(HttpClient.java:283)
	at java.base/sun.net.www.http.HttpClient.New(HttpClient.java:386)
	at java.base/sun.net.www.http.HttpClient.New(HttpClient.java:408)
	at java.base/sun.net.www.protocol.http.HttpURLConnection.getNewHttpClient(HttpURLConnection.java:1328)
	at java.base/sun.net.www.protocol.http.HttpURLConnection.plainConnect0(HttpURLConnection.java:1261)
	at java.base/sun.net.www.protocol.http.HttpURLConnection.plainConnect(HttpURLConnection.java:1147)
	at java.base/sun.net.www.protocol.http.HttpURLConnection.connect(HttpURLConnection.java:1076)
	at com.alibaba.nacos.common.http.client.request.JdkHttpClientRequest.execute(JdkHttpClientRequest.java:112)
	at com.alibaba.nacos.common.http.client.NacosRestTemplate.execute(NacosRestTemplate.java:482)
	at com.alibaba.nacos.common.http.client.NacosRestTemplate.exchangeForm(NacosRestTemplate.java:427)
	at com.alibaba.nacos.client.naming.net.NamingProxy.callServer(NamingProxy.java:603)
	at com.alibaba.nacos.client.naming.net.NamingProxy.reqApi(NamingProxy.java:526)
	at com.alibaba.nacos.client.naming.net.NamingProxy.reqApi(NamingProxy.java:498)
	at com.alibaba.nacos.client.naming.net.NamingProxy.sendBeat(NamingProxy.java:433)
	at com.alibaba.nacos.client.naming.beat.BeatReactor$BeatTask.run(BeatReactor.java:167)
	at java.base/java.util.concurrent.Executors$RunnableAdapter.call(Executors.java:539)
	at java.base/java.util.concurrent.FutureTask.run(FutureTask.java:264)
	at java.base/java.util.concurrent.ScheduledThreadPoolExecutor$ScheduledFutureTask.run(ScheduledThreadPoolExecutor.java:304)
	at java.base/java.util.concurrent.ThreadPoolExecutor.runWorker(ThreadPoolExecutor.java:1136)
	at java.base/java.util.concurrent.ThreadPoolExecutor$Worker.run(ThreadPoolExecutor.java:635)
	at java.base/java.lang.Thread.run(Thread.java:840)

2025-10-25 10:16:42.698 ERROR [newbee-mall-cloud-user-service,,] 5069 --- [ing.beat.sender] com.alibaba.nacos.client.naming          : [NA] failed to request

java.net.ConnectException: Connection refused
	at java.base/sun.nio.ch.Net.pollConnect(Native Method)
	at java.base/sun.nio.ch.Net.pollConnectNow(Net.java:672)
	at java.base/sun.nio.ch.NioSocketImpl.timedFinishConnect(NioSocketImpl.java:554)
	at java.base/sun.nio.ch.NioSocketImpl.connect(NioSocketImpl.java:602)
	at java.base/java.net.Socket.connect(Socket.java:639)
	at java.base/sun.net.NetworkClient.doConnect(NetworkClient.java:178)
	at java.base/sun.net.www.http.HttpClient.openServer(HttpClient.java:533)
	at java.base/sun.net.www.http.HttpClient.openServer(HttpClient.java:638)
	at java.base/sun.net.www.http.HttpClient.<init>(HttpClient.java:283)
	at java.base/sun.net.www.http.HttpClient.New(HttpClient.java:386)
	at java.base/sun.net.www.http.HttpClient.New(HttpClient.java:408)
	at java.base/sun.net.www.protocol.http.HttpURLConnection.getNewHttpClient(HttpURLConnection.java:1328)
	at java.base/sun.net.www.protocol.http.HttpURLConnection.plainConnect0(HttpURLConnection.java:1261)
	at java.base/sun.net.www.protocol.http.HttpURLConnection.plainConnect(HttpURLConnection.java:1147)
	at java.base/sun.net.www.protocol.http.HttpURLConnection.connect(HttpURLConnection.java:1076)
	at com.alibaba.nacos.common.http.client.request.JdkHttpClientRequest.execute(JdkHttpClientRequest.java:112)
	at com.alibaba.nacos.common.http.client.NacosRestTemplate.execute(NacosRestTemplate.java:482)
	at com.alibaba.nacos.common.http.client.NacosRestTemplate.exchangeForm(NacosRestTemplate.java:427)
	at com.alibaba.nacos.client.naming.net.NamingProxy.callServer(NamingProxy.java:603)
	at com.alibaba.nacos.client.naming.net.NamingProxy.reqApi(NamingProxy.java:526)
	at com.alibaba.nacos.client.naming.net.NamingProxy.reqApi(NamingProxy.java:498)
	at com.alibaba.nacos.client.naming.net.NamingProxy.sendBeat(NamingProxy.java:433)
	at com.alibaba.nacos.client.naming.beat.BeatReactor$BeatTask.run(BeatReactor.java:167)
	at java.base/java.util.concurrent.Executors$RunnableAdapter.call(Executors.java:539)
	at java.base/java.util.concurrent.FutureTask.run(FutureTask.java:264)
	at java.base/java.util.concurrent.ScheduledThreadPoolExecutor$ScheduledFutureTask.run(ScheduledThreadPoolExecutor.java:304)
	at java.base/java.util.concurrent.ThreadPoolExecutor.runWorker(ThreadPoolExecutor.java:1136)
	at java.base/java.util.concurrent.ThreadPoolExecutor$Worker.run(ThreadPoolExecutor.java:635)
	at java.base/java.lang.Thread.run(Thread.java:840)

2025-10-25 10:16:42.711 ERROR [newbee-mall-cloud-user-service,,] 5069 --- [ing.beat.sender] com.alibaba.nacos.client.naming          : request: /nacos/v1/ns/instance/beat failed, servers: [127.0.0.1:8848], code: 500, msg: Connection refused
2025-10-25 10:16:42.799 ERROR [newbee-mall-cloud-user-service,,] 5069 --- [ing.beat.sender] com.alibaba.nacos.client.naming          : [CLIENT-BEAT] failed to send beat: {"port":29000,"ip":"192.168.1.14","weight":1.0,"serviceName":"DEFAULT_GROUP@@newbee-mall-cloud-user-service","cluster":"DEFAULT","metadata":{"preserved.register.source":"SPRING_CLOUD"},"scheduled":false,"period":5000,"stopped":false}, code: 500, msg: failed to req API:/nacos/v1/ns/instance/beat after all servers([127.0.0.1:8848]) tried: java.net.ConnectException: Connection refused
2025-10-25 10:16:44.160 ERROR [newbee-mall-cloud-user-service,,] 5069 --- [.naming.updater] com.alibaba.nacos.client.naming          : [NA] failed to request

java.net.ConnectException: Connection refused
	at java.base/sun.nio.ch.Net.pollConnect(Native Method)
	at java.base/sun.nio.ch.Net.pollConnectNow(Net.java:672)
	at java.base/sun.nio.ch.NioSocketImpl.timedFinishConnect(NioSocketImpl.java:554)
	at java.base/sun.nio.ch.NioSocketImpl.connect(NioSocketImpl.java:602)
	at java.base/java.net.Socket.connect(Socket.java:639)
	at java.base/sun.net.NetworkClient.doConnect(NetworkClient.java:178)
	at java.base/sun.net.www.http.HttpClient.openServer(HttpClient.java:533)
	at java.base/sun.net.www.http.HttpClient.openServer(HttpClient.java:638)
	at java.base/sun.net.www.http.HttpClient.<init>(HttpClient.java:283)
	at java.base/sun.net.www.http.HttpClient.New(HttpClient.java:386)
	at java.base/sun.net.www.http.HttpClient.New(HttpClient.java:408)
	at java.base/sun.net.www.protocol.http.HttpURLConnection.getNewHttpClient(HttpURLConnection.java:1328)
	at java.base/sun.net.www.protocol.http.HttpURLConnection.plainConnect0(HttpURLConnection.java:1261)
	at java.base/sun.net.www.protocol.http.HttpURLConnection.plainConnect(HttpURLConnection.java:1147)
	at java.base/sun.net.www.protocol.http.HttpURLConnection.connect(HttpURLConnection.java:1076)
	at com.alibaba.nacos.common.http.client.request.JdkHttpClientRequest.execute(JdkHttpClientRequest.java:112)
	at com.alibaba.nacos.common.http.client.NacosRestTemplate.execute(NacosRestTemplate.java:482)
	at com.alibaba.nacos.common.http.client.NacosRestTemplate.exchangeForm(NacosRestTemplate.java:427)
	at com.alibaba.nacos.client.naming.net.NamingProxy.callServer(NamingProxy.java:603)
	at com.alibaba.nacos.client.naming.net.NamingProxy.reqApi(NamingProxy.java:526)
	at com.alibaba.nacos.client.naming.net.NamingProxy.reqApi(NamingProxy.java:498)
	at com.alibaba.nacos.client.naming.net.NamingProxy.reqApi(NamingProxy.java:493)
	at com.alibaba.nacos.client.naming.net.NamingProxy.queryList(NamingProxy.java:407)
	at com.alibaba.nacos.client.naming.core.HostReactor.updateService(HostReactor.java:382)
	at com.alibaba.nacos.client.naming.core.HostReactor$UpdateTask.run(HostReactor.java:464)
	at java.base/java.util.concurrent.Executors$RunnableAdapter.call(Executors.java:539)
	at java.base/java.util.concurrent.FutureTask.run(FutureTask.java:264)
	at java.base/java.util.concurrent.ScheduledThreadPoolExecutor$ScheduledFutureTask.run(ScheduledThreadPoolExecutor.java:304)
	at java.base/java.util.concurrent.ThreadPoolExecutor.runWorker(ThreadPoolExecutor.java:1136)
	at java.base/java.util.concurrent.ThreadPoolExecutor$Worker.run(ThreadPoolExecutor.java:635)
	at java.base/java.lang.Thread.run(Thread.java:840)

2025-10-25 10:16:44.169 ERROR [newbee-mall-cloud-user-service,,] 5069 --- [.naming.updater] com.alibaba.nacos.client.naming          : [NA] failed to request

java.net.ConnectException: Connection refused
	at java.base/sun.nio.ch.Net.pollConnect(Native Method)
	at java.base/sun.nio.ch.Net.pollConnectNow(Net.java:672)
	at java.base/sun.nio.ch.NioSocketImpl.timedFinishConnect(NioSocketImpl.java:554)
	at java.base/sun.nio.ch.NioSocketImpl.connect(NioSocketImpl.java:602)
	at java.base/java.net.Socket.connect(Socket.java:639)
	at java.base/sun.net.NetworkClient.doConnect(NetworkClient.java:178)
	at java.base/sun.net.www.http.HttpClient.openServer(HttpClient.java:533)
	at java.base/sun.net.www.http.HttpClient.openServer(HttpClient.java:638)
	at java.base/sun.net.www.http.HttpClient.<init>(HttpClient.java:283)
	at java.base/sun.net.www.http.HttpClient.New(HttpClient.java:386)
	at java.base/sun.net.www.http.HttpClient.New(HttpClient.java:408)
	at java.base/sun.net.www.protocol.http.HttpURLConnection.getNewHttpClient(HttpURLConnection.java:1328)
	at java.base/sun.net.www.protocol.http.HttpURLConnection.plainConnect0(HttpURLConnection.java:1261)
	at java.base/sun.net.www.protocol.http.HttpURLConnection.plainConnect(HttpURLConnection.java:1147)
	at java.base/sun.net.www.protocol.http.HttpURLConnection.connect(HttpURLConnection.java:1076)
	at com.alibaba.nacos.common.http.client.request.JdkHttpClientRequest.execute(JdkHttpClientRequest.java:112)
	at com.alibaba.nacos.common.http.client.NacosRestTemplate.execute(NacosRestTemplate.java:482)
	at com.alibaba.nacos.common.http.client.NacosRestTemplate.exchangeForm(NacosRestTemplate.java:427)
	at com.alibaba.nacos.client.naming.net.NamingProxy.callServer(NamingProxy.java:603)
	at com.alibaba.nacos.client.naming.net.NamingProxy.reqApi(NamingProxy.java:526)
	at com.alibaba.nacos.client.naming.net.NamingProxy.reqApi(NamingProxy.java:498)
	at com.alibaba.nacos.client.naming.net.NamingProxy.reqApi(NamingProxy.java:493)
	at com.alibaba.nacos.client.naming.net.NamingProxy.queryList(NamingProxy.java:407)
	at com.alibaba.nacos.client.naming.core.HostReactor.updateService(HostReactor.java:382)
	at com.alibaba.nacos.client.naming.core.HostReactor$UpdateTask.run(HostReactor.java:464)
	at java.base/java.util.concurrent.Executors$RunnableAdapter.call(Executors.java:539)
	at java.base/java.util.concurrent.FutureTask.run(FutureTask.java:264)
	at java.base/java.util.concurrent.ScheduledThreadPoolExecutor$ScheduledFutureTask.run(ScheduledThreadPoolExecutor.java:304)
	at java.base/java.util.concurrent.ThreadPoolExecutor.runWorker(ThreadPoolExecutor.java:1136)
	at java.base/java.util.concurrent.ThreadPoolExecutor$Worker.run(ThreadPoolExecutor.java:635)
	at java.base/java.lang.Thread.run(Thread.java:840)

2025-10-25 10:16:44.214 ERROR [newbee-mall-cloud-user-service,,] 5069 --- [.naming.updater] com.alibaba.nacos.client.naming          : [NA] failed to request

java.net.ConnectException: Connection refused
	at java.base/sun.nio.ch.Net.pollConnect(Native Method)
	at java.base/sun.nio.ch.Net.pollConnectNow(Net.java:672)
	at java.base/sun.nio.ch.NioSocketImpl.timedFinishConnect(NioSocketImpl.java:554)
	at java.base/sun.nio.ch.NioSocketImpl.connect(NioSocketImpl.java:602)
	at java.base/java.net.Socket.connect(Socket.java:639)
	at java.base/sun.net.NetworkClient.doConnect(NetworkClient.java:178)
	at java.base/sun.net.www.http.HttpClient.openServer(HttpClient.java:533)
	at java.base/sun.net.www.http.HttpClient.openServer(HttpClient.java:638)
	at java.base/sun.net.www.http.HttpClient.<init>(HttpClient.java:283)
	at java.base/sun.net.www.http.HttpClient.New(HttpClient.java:386)
	at java.base/sun.net.www.http.HttpClient.New(HttpClient.java:408)
	at java.base/sun.net.www.protocol.http.HttpURLConnection.getNewHttpClient(HttpURLConnection.java:1328)
	at java.base/sun.net.www.protocol.http.HttpURLConnection.plainConnect0(HttpURLConnection.java:1261)
	at java.base/sun.net.www.protocol.http.HttpURLConnection.plainConnect(HttpURLConnection.java:1147)
	at java.base/sun.net.www.protocol.http.HttpURLConnection.connect(HttpURLConnection.java:1076)
	at com.alibaba.nacos.common.http.client.request.JdkHttpClientRequest.execute(JdkHttpClientRequest.java:112)
	at com.alibaba.nacos.common.http.client.NacosRestTemplate.execute(NacosRestTemplate.java:482)
	at com.alibaba.nacos.common.http.client.NacosRestTemplate.exchangeForm(NacosRestTemplate.java:427)
	at com.alibaba.nacos.client.naming.net.NamingProxy.callServer(NamingProxy.java:603)
	at com.alibaba.nacos.client.naming.net.NamingProxy.reqApi(NamingProxy.java:526)
	at com.alibaba.nacos.client.naming.net.NamingProxy.reqApi(NamingProxy.java:498)
	at com.alibaba.nacos.client.naming.net.NamingProxy.reqApi(NamingProxy.java:493)
	at com.alibaba.nacos.client.naming.net.NamingProxy.queryList(NamingProxy.java:407)
	at com.alibaba.nacos.client.naming.core.HostReactor.updateService(HostReactor.java:382)
	at com.alibaba.nacos.client.naming.core.HostReactor$UpdateTask.run(HostReactor.java:464)
	at java.base/java.util.concurrent.Executors$RunnableAdapter.call(Executors.java:539)
	at java.base/java.util.concurrent.FutureTask.run(FutureTask.java:264)
	at java.base/java.util.concurrent.ScheduledThreadPoolExecutor$ScheduledFutureTask.run(ScheduledThreadPoolExecutor.java:304)
	at java.base/java.util.concurrent.ThreadPoolExecutor.runWorker(ThreadPoolExecutor.java:1136)
	at java.base/java.util.concurrent.ThreadPoolExecutor$Worker.run(ThreadPoolExecutor.java:635)
	at java.base/java.lang.Thread.run(Thread.java:840)

2025-10-25 10:16:44.290 ERROR [newbee-mall-cloud-user-service,,] 5069 --- [.naming.updater] com.alibaba.nacos.client.naming          : request: /nacos/v1/ns/instance/list failed, servers: [127.0.0.1:8848], code: 500, msg: Connection refused
2025-10-25 10:16:44.292  WARN [newbee-mall-cloud-user-service,,] 5069 --- [.naming.updater] com.alibaba.nacos.client.naming          : [NA] failed to update serviceName: DEFAULT_GROUP@@newbee-mall-cloud-user-service

com.alibaba.nacos.api.exception.NacosException: failed to req API:/nacos/v1/ns/instance/list after all servers([127.0.0.1:8848]) tried: java.net.ConnectException: Connection refused
	at com.alibaba.nacos.client.naming.net.NamingProxy.reqApi(NamingProxy.java:556)
	at com.alibaba.nacos.client.naming.net.NamingProxy.reqApi(NamingProxy.java:498)
	at com.alibaba.nacos.client.naming.net.NamingProxy.reqApi(NamingProxy.java:493)
	at com.alibaba.nacos.client.naming.net.NamingProxy.queryList(NamingProxy.java:407)
	at com.alibaba.nacos.client.naming.core.HostReactor.updateService(HostReactor.java:382)
	at com.alibaba.nacos.client.naming.core.HostReactor$UpdateTask.run(HostReactor.java:464)
	at java.base/java.util.concurrent.Executors$RunnableAdapter.call(Executors.java:539)
	at java.base/java.util.concurrent.FutureTask.run(FutureTask.java:264)
	at java.base/java.util.concurrent.ScheduledThreadPoolExecutor$ScheduledFutureTask.run(ScheduledThreadPoolExecutor.java:304)
	at java.base/java.util.concurrent.ThreadPoolExecutor.runWorker(ThreadPoolExecutor.java:1136)
	at java.base/java.util.concurrent.ThreadPoolExecutor$Worker.run(ThreadPoolExecutor.java:635)
	at java.base/java.lang.Thread.run(Thread.java:840)

2025-10-25 10:16:45.494  INFO [newbee-mall-cloud-user-service,,] 5069 --- [ionShutdownHook] c.a.c.n.registry.NacosServiceRegistry    : De-registering from Nacos Server now...
2025-10-25 10:16:45.495  INFO [newbee-mall-cloud-user-service,,] 5069 --- [ionShutdownHook] com.alibaba.nacos.client.naming          : [BEAT] removing beat: DEFAULT_GROUP@@newbee-mall-cloud-user-service:192.168.1.14:29000 from beat map.
2025-10-25 10:16:45.495  INFO [newbee-mall-cloud-user-service,,] 5069 --- [ionShutdownHook] com.alibaba.nacos.client.naming          : [DEREGISTER-SERVICE] public deregistering service DEFAULT_GROUP@@newbee-mall-cloud-user-service with instance: Instance{instanceId='null', ip='192.168.1.14', port=29000, weight=1.0, healthy=true, enabled=true, ephemeral=true, clusterName='DEFAULT', serviceName='null', metadata={}}
2025-10-25 10:16:45.496 ERROR [newbee-mall-cloud-user-service,,] 5069 --- [ionShutdownHook] com.alibaba.nacos.client.naming          : [NA] failed to request

java.net.ConnectException: Connection refused
	at java.base/sun.nio.ch.Net.pollConnect(Native Method)
	at java.base/sun.nio.ch.Net.pollConnectNow(Net.java:672)
	at java.base/sun.nio.ch.NioSocketImpl.timedFinishConnect(NioSocketImpl.java:554)
	at java.base/sun.nio.ch.NioSocketImpl.connect(NioSocketImpl.java:602)
	at java.base/java.net.Socket.connect(Socket.java:639)
	at java.base/sun.net.NetworkClient.doConnect(NetworkClient.java:178)
	at java.base/sun.net.www.http.HttpClient.openServer(HttpClient.java:533)
	at java.base/sun.net.www.http.HttpClient.openServer(HttpClient.java:638)
	at java.base/sun.net.www.http.HttpClient.<init>(HttpClient.java:283)
	at java.base/sun.net.www.http.HttpClient.New(HttpClient.java:386)
	at java.base/sun.net.www.http.HttpClient.New(HttpClient.java:408)
	at java.base/sun.net.www.protocol.http.HttpURLConnection.getNewHttpClient(HttpURLConnection.java:1328)
	at java.base/sun.net.www.protocol.http.HttpURLConnection.plainConnect0(HttpURLConnection.java:1261)
	at java.base/sun.net.www.protocol.http.HttpURLConnection.plainConnect(HttpURLConnection.java:1147)
	at java.base/sun.net.www.protocol.http.HttpURLConnection.connect(HttpURLConnection.java:1076)
	at com.alibaba.nacos.common.http.client.request.JdkHttpClientRequest.execute(JdkHttpClientRequest.java:112)
	at com.alibaba.nacos.common.http.client.NacosRestTemplate.execute(NacosRestTemplate.java:482)
	at com.alibaba.nacos.common.http.client.NacosRestTemplate.exchangeForm(NacosRestTemplate.java:427)
	at com.alibaba.nacos.client.naming.net.NamingProxy.callServer(NamingProxy.java:603)
	at com.alibaba.nacos.client.naming.net.NamingProxy.reqApi(NamingProxy.java:526)
	at com.alibaba.nacos.client.naming.net.NamingProxy.reqApi(NamingProxy.java:498)
	at com.alibaba.nacos.client.naming.net.NamingProxy.reqApi(NamingProxy.java:493)
	at com.alibaba.nacos.client.naming.net.NamingProxy.deregisterService(NamingProxy.java:271)
	at com.alibaba.nacos.client.naming.NacosNamingService.deregisterInstance(NacosNamingService.java:252)
	at com.alibaba.nacos.client.naming.NacosNamingService.deregisterInstance(NacosNamingService.java:238)
	at com.alibaba.cloud.nacos.registry.NacosServiceRegistry.deregister(NacosServiceRegistry.java:106)
	at org.springframework.cloud.client.serviceregistry.AbstractAutoServiceRegistration.deregister(AbstractAutoServiceRegistration.java:249)
	at org.springframework.cloud.client.serviceregistry.AbstractAutoServiceRegistration.stop(AbstractAutoServiceRegistration.java:264)
	at org.springframework.cloud.client.serviceregistry.AbstractAutoServiceRegistration.destroy(AbstractAutoServiceRegistration.java:201)
	at java.base/jdk.internal.reflect.NativeMethodAccessorImpl.invoke0(Native Method)
	at java.base/jdk.internal.reflect.NativeMethodAccessorImpl.invoke(NativeMethodAccessorImpl.java:77)
	at java.base/jdk.internal.reflect.DelegatingMethodAccessorImpl.invoke(DelegatingMethodAccessorImpl.java:43)
	at java.base/java.lang.reflect.Method.invoke(Method.java:569)
	at org.springframework.beans.factory.annotation.InitDestroyAnnotationBeanPostProcessor$LifecycleElement.invoke(InitDestroyAnnotationBeanPostProcessor.java:389)
	at org.springframework.beans.factory.annotation.InitDestroyAnnotationBeanPostProcessor$LifecycleMetadata.invokeDestroyMethods(InitDestroyAnnotationBeanPostProcessor.java:347)
	at org.springframework.beans.factory.annotation.InitDestroyAnnotationBeanPostProcessor.postProcessBeforeDestruction(InitDestroyAnnotationBeanPostProcessor.java:177)
	at org.springframework.beans.factory.support.DisposableBeanAdapter.destroy(DisposableBeanAdapter.java:196)
	at org.springframework.beans.factory.support.DefaultSingletonBeanRegistry.destroyBean(DefaultSingletonBeanRegistry.java:587)
	at org.springframework.beans.factory.support.DefaultSingletonBeanRegistry.destroySingleton(DefaultSingletonBeanRegistry.java:559)
	at org.springframework.beans.factory.support.DefaultListableBeanFactory.destroySingleton(DefaultListableBeanFactory.java:1161)
	at org.springframework.beans.factory.support.DefaultSingletonBeanRegistry.destroySingletons(DefaultSingletonBeanRegistry.java:520)
	at org.springframework.beans.factory.support.DefaultListableBeanFactory.destroySingletons(DefaultListableBeanFactory.java:1154)
	at org.springframework.context.support.AbstractApplicationContext.destroyBeans(AbstractApplicationContext.java:1106)
	at org.springframework.context.support.AbstractApplicationContext.doClose(AbstractApplicationContext.java:1075)
	at org.springframework.boot.web.servlet.context.ServletWebServerApplicationContext.doClose(ServletWebServerApplicationContext.java:172)
	at org.springframework.context.support.AbstractApplicationContext.close(AbstractApplicationContext.java:1021)
	at org.springframework.boot.SpringApplicationShutdownHook.closeAndWait(SpringApplicationShutdownHook.java:137)
	at java.base/java.lang.Iterable.forEach(Iterable.java:75)
	at org.springframework.boot.SpringApplicationShutdownHook.run(SpringApplicationShutdownHook.java:106)
	at java.base/java.lang.Thread.run(Thread.java:840)

2025-10-25 10:16:45.498 ERROR [newbee-mall-cloud-user-service,,] 5069 --- [ionShutdownHook] com.alibaba.nacos.client.naming          : [NA] failed to request

java.net.ConnectException: Connection refused
	at java.base/sun.nio.ch.Net.pollConnect(Native Method)
	at java.base/sun.nio.ch.Net.pollConnectNow(Net.java:672)
	at java.base/sun.nio.ch.NioSocketImpl.timedFinishConnect(NioSocketImpl.java:554)
	at java.base/sun.nio.ch.NioSocketImpl.connect(NioSocketImpl.java:602)
	at java.base/java.net.Socket.connect(Socket.java:639)
	at java.base/sun.net.NetworkClient.doConnect(NetworkClient.java:178)
	at java.base/sun.net.www.http.HttpClient.openServer(HttpClient.java:533)
	at java.base/sun.net.www.http.HttpClient.openServer(HttpClient.java:638)
	at java.base/sun.net.www.http.HttpClient.<init>(HttpClient.java:283)
	at java.base/sun.net.www.http.HttpClient.New(HttpClient.java:386)
	at java.base/sun.net.www.http.HttpClient.New(HttpClient.java:408)
	at java.base/sun.net.www.protocol.http.HttpURLConnection.getNewHttpClient(HttpURLConnection.java:1328)
	at java.base/sun.net.www.protocol.http.HttpURLConnection.plainConnect0(HttpURLConnection.java:1261)
	at java.base/sun.net.www.protocol.http.HttpURLConnection.plainConnect(HttpURLConnection.java:1147)
	at java.base/sun.net.www.protocol.http.HttpURLConnection.connect(HttpURLConnection.java:1076)
	at com.alibaba.nacos.common.http.client.request.JdkHttpClientRequest.execute(JdkHttpClientRequest.java:112)
	at com.alibaba.nacos.common.http.client.NacosRestTemplate.execute(NacosRestTemplate.java:482)
	at com.alibaba.nacos.common.http.client.NacosRestTemplate.exchangeForm(NacosRestTemplate.java:427)
	at com.alibaba.nacos.client.naming.net.NamingProxy.callServer(NamingProxy.java:603)
	at com.alibaba.nacos.client.naming.net.NamingProxy.reqApi(NamingProxy.java:526)
	at com.alibaba.nacos.client.naming.net.NamingProxy.reqApi(NamingProxy.java:498)
	at com.alibaba.nacos.client.naming.net.NamingProxy.reqApi(NamingProxy.java:493)
	at com.alibaba.nacos.client.naming.net.NamingProxy.deregisterService(NamingProxy.java:271)
	at com.alibaba.nacos.client.naming.NacosNamingService.deregisterInstance(NacosNamingService.java:252)
	at com.alibaba.nacos.client.naming.NacosNamingService.deregisterInstance(NacosNamingService.java:238)
	at com.alibaba.cloud.nacos.registry.NacosServiceRegistry.deregister(NacosServiceRegistry.java:106)
	at org.springframework.cloud.client.serviceregistry.AbstractAutoServiceRegistration.deregister(AbstractAutoServiceRegistration.java:249)
	at org.springframework.cloud.client.serviceregistry.AbstractAutoServiceRegistration.stop(AbstractAutoServiceRegistration.java:264)
	at org.springframework.cloud.client.serviceregistry.AbstractAutoServiceRegistration.destroy(AbstractAutoServiceRegistration.java:201)
	at java.base/jdk.internal.reflect.NativeMethodAccessorImpl.invoke0(Native Method)
	at java.base/jdk.internal.reflect.NativeMethodAccessorImpl.invoke(NativeMethodAccessorImpl.java:77)
	at java.base/jdk.internal.reflect.DelegatingMethodAccessorImpl.invoke(DelegatingMethodAccessorImpl.java:43)
	at java.base/java.lang.reflect.Method.invoke(Method.java:569)
	at org.springframework.beans.factory.annotation.InitDestroyAnnotationBeanPostProcessor$LifecycleElement.invoke(InitDestroyAnnotationBeanPostProcessor.java:389)
	at org.springframework.beans.factory.annotation.InitDestroyAnnotationBeanPostProcessor$LifecycleMetadata.invokeDestroyMethods(InitDestroyAnnotationBeanPostProcessor.java:347)
	at org.springframework.beans.factory.annotation.InitDestroyAnnotationBeanPostProcessor.postProcessBeforeDestruction(InitDestroyAnnotationBeanPostProcessor.java:177)
	at org.springframework.beans.factory.support.DisposableBeanAdapter.destroy(DisposableBeanAdapter.java:196)
	at org.springframework.beans.factory.support.DefaultSingletonBeanRegistry.destroyBean(DefaultSingletonBeanRegistry.java:587)
	at org.springframework.beans.factory.support.DefaultSingletonBeanRegistry.destroySingleton(DefaultSingletonBeanRegistry.java:559)
	at org.springframework.beans.factory.support.DefaultListableBeanFactory.destroySingleton(DefaultListableBeanFactory.java:1161)
	at org.springframework.beans.factory.support.DefaultSingletonBeanRegistry.destroySingletons(DefaultSingletonBeanRegistry.java:520)
	at org.springframework.beans.factory.support.DefaultListableBeanFactory.destroySingletons(DefaultListableBeanFactory.java:1154)
	at org.springframework.context.support.AbstractApplicationContext.destroyBeans(AbstractApplicationContext.java:1106)
	at org.springframework.context.support.AbstractApplicationContext.doClose(AbstractApplicationContext.java:1075)
	at org.springframework.boot.web.servlet.context.ServletWebServerApplicationContext.doClose(ServletWebServerApplicationContext.java:172)
	at org.springframework.context.support.AbstractApplicationContext.close(AbstractApplicationContext.java:1021)
	at org.springframework.boot.SpringApplicationShutdownHook.closeAndWait(SpringApplicationShutdownHook.java:137)
	at java.base/java.lang.Iterable.forEach(Iterable.java:75)
	at org.springframework.boot.SpringApplicationShutdownHook.run(SpringApplicationShutdownHook.java:106)
	at java.base/java.lang.Thread.run(Thread.java:840)

2025-10-25 10:16:45.501 ERROR [newbee-mall-cloud-user-service,,] 5069 --- [ionShutdownHook] com.alibaba.nacos.client.naming          : [NA] failed to request

java.net.ConnectException: Connection refused
	at java.base/sun.nio.ch.Net.pollConnect(Native Method)
	at java.base/sun.nio.ch.Net.pollConnectNow(Net.java:672)
	at java.base/sun.nio.ch.NioSocketImpl.timedFinishConnect(NioSocketImpl.java:554)
	at java.base/sun.nio.ch.NioSocketImpl.connect(NioSocketImpl.java:602)
	at java.base/java.net.Socket.connect(Socket.java:639)
	at java.base/sun.net.NetworkClient.doConnect(NetworkClient.java:178)
	at java.base/sun.net.www.http.HttpClient.openServer(HttpClient.java:533)
	at java.base/sun.net.www.http.HttpClient.openServer(HttpClient.java:638)
	at java.base/sun.net.www.http.HttpClient.<init>(HttpClient.java:283)
	at java.base/sun.net.www.http.HttpClient.New(HttpClient.java:386)
	at java.base/sun.net.www.http.HttpClient.New(HttpClient.java:408)
	at java.base/sun.net.www.protocol.http.HttpURLConnection.getNewHttpClient(HttpURLConnection.java:1328)
	at java.base/sun.net.www.protocol.http.HttpURLConnection.plainConnect0(HttpURLConnection.java:1261)
	at java.base/sun.net.www.protocol.http.HttpURLConnection.plainConnect(HttpURLConnection.java:1147)
	at java.base/sun.net.www.protocol.http.HttpURLConnection.connect(HttpURLConnection.java:1076)
	at com.alibaba.nacos.common.http.client.request.JdkHttpClientRequest.execute(JdkHttpClientRequest.java:112)
	at com.alibaba.nacos.common.http.client.NacosRestTemplate.execute(NacosRestTemplate.java:482)
	at com.alibaba.nacos.common.http.client.NacosRestTemplate.exchangeForm(NacosRestTemplate.java:427)
	at com.alibaba.nacos.client.naming.net.NamingProxy.callServer(NamingProxy.java:603)
	at com.alibaba.nacos.client.naming.net.NamingProxy.reqApi(NamingProxy.java:526)
	at com.alibaba.nacos.client.naming.net.NamingProxy.reqApi(NamingProxy.java:498)
	at com.alibaba.nacos.client.naming.net.NamingProxy.reqApi(NamingProxy.java:493)
	at com.alibaba.nacos.client.naming.net.NamingProxy.deregisterService(NamingProxy.java:271)
	at com.alibaba.nacos.client.naming.NacosNamingService.deregisterInstance(NacosNamingService.java:252)
	at com.alibaba.nacos.client.naming.NacosNamingService.deregisterInstance(NacosNamingService.java:238)
	at com.alibaba.cloud.nacos.registry.NacosServiceRegistry.deregister(NacosServiceRegistry.java:106)
	at org.springframework.cloud.client.serviceregistry.AbstractAutoServiceRegistration.deregister(AbstractAutoServiceRegistration.java:249)
	at org.springframework.cloud.client.serviceregistry.AbstractAutoServiceRegistration.stop(AbstractAutoServiceRegistration.java:264)
	at org.springframework.cloud.client.serviceregistry.AbstractAutoServiceRegistration.destroy(AbstractAutoServiceRegistration.java:201)
	at java.base/jdk.internal.reflect.NativeMethodAccessorImpl.invoke0(Native Method)
	at java.base/jdk.internal.reflect.NativeMethodAccessorImpl.invoke(NativeMethodAccessorImpl.java:77)
	at java.base/jdk.internal.reflect.DelegatingMethodAccessorImpl.invoke(DelegatingMethodAccessorImpl.java:43)
	at java.base/java.lang.reflect.Method.invoke(Method.java:569)
	at org.springframework.beans.factory.annotation.InitDestroyAnnotationBeanPostProcessor$LifecycleElement.invoke(InitDestroyAnnotationBeanPostProcessor.java:389)
	at org.springframework.beans.factory.annotation.InitDestroyAnnotationBeanPostProcessor$LifecycleMetadata.invokeDestroyMethods(InitDestroyAnnotationBeanPostProcessor.java:347)
	at org.springframework.beans.factory.annotation.InitDestroyAnnotationBeanPostProcessor.postProcessBeforeDestruction(InitDestroyAnnotationBeanPostProcessor.java:177)
	at org.springframework.beans.factory.support.DisposableBeanAdapter.destroy(DisposableBeanAdapter.java:196)
	at org.springframework.beans.factory.support.DefaultSingletonBeanRegistry.destroyBean(DefaultSingletonBeanRegistry.java:587)
	at org.springframework.beans.factory.support.DefaultSingletonBeanRegistry.destroySingleton(DefaultSingletonBeanRegistry.java:559)
	at org.springframework.beans.factory.support.DefaultListableBeanFactory.destroySingleton(DefaultListableBeanFactory.java:1161)
	at org.springframework.beans.factory.support.DefaultSingletonBeanRegistry.destroySingletons(DefaultSingletonBeanRegistry.java:520)
	at org.springframework.beans.factory.support.DefaultListableBeanFactory.destroySingletons(DefaultListableBeanFactory.java:1154)
	at org.springframework.context.support.AbstractApplicationContext.destroyBeans(AbstractApplicationContext.java:1106)
	at org.springframework.context.support.AbstractApplicationContext.doClose(AbstractApplicationContext.java:1075)
	at org.springframework.boot.web.servlet.context.ServletWebServerApplicationContext.doClose(ServletWebServerApplicationContext.java:172)
	at org.springframework.context.support.AbstractApplicationContext.close(AbstractApplicationContext.java:1021)
	at org.springframework.boot.SpringApplicationShutdownHook.closeAndWait(SpringApplicationShutdownHook.java:137)
	at java.base/java.lang.Iterable.forEach(Iterable.java:75)
	at org.springframework.boot.SpringApplicationShutdownHook.run(SpringApplicationShutdownHook.java:106)
	at java.base/java.lang.Thread.run(Thread.java:840)

2025-10-25 10:16:45.502 ERROR [newbee-mall-cloud-user-service,,] 5069 --- [ionShutdownHook] com.alibaba.nacos.client.naming          : request: /nacos/v1/ns/instance failed, servers: [127.0.0.1:8848], code: 500, msg: Connection refused
2025-10-25 10:16:45.503 ERROR [newbee-mall-cloud-user-service,,] 5069 --- [ionShutdownHook] c.a.c.n.registry.NacosServiceRegistry    : ERR_NACOS_DEREGISTER, de-register failed...NacosRegistration{nacosDiscoveryProperties=NacosDiscoveryProperties{serverAddr='127.0.0.1:8848', username='nacos', password='nacos', endpoint='', namespace='', watchDelay=30000, logName='', service='newbee-mall-cloud-user-service', weight=1.0, clusterName='DEFAULT', group='DEFAULT_GROUP', namingLoadCacheAtStart='false', metadata={preserved.register.source=SPRING_CLOUD}, registerEnabled=true, ip='192.168.1.14', networkInterface='', port=29000, secure=false, accessKey='', secretKey='', heartBeatInterval=null, heartBeatTimeout=null, ipDeleteTimeout=null, instanceEnabled=true, ephemeral=true, failureToleranceEnabled=false}, ipDeleteTimeout=null, failFast=true}},

com.alibaba.nacos.api.exception.NacosException: failed to req API:/nacos/v1/ns/instance after all servers([127.0.0.1:8848]) tried: java.net.ConnectException: Connection refused
	at com.alibaba.nacos.client.naming.net.NamingProxy.reqApi(NamingProxy.java:556)
	at com.alibaba.nacos.client.naming.net.NamingProxy.reqApi(NamingProxy.java:498)
	at com.alibaba.nacos.client.naming.net.NamingProxy.reqApi(NamingProxy.java:493)
	at com.alibaba.nacos.client.naming.net.NamingProxy.deregisterService(NamingProxy.java:271)
	at com.alibaba.nacos.client.naming.NacosNamingService.deregisterInstance(NacosNamingService.java:252)
	at com.alibaba.nacos.client.naming.NacosNamingService.deregisterInstance(NacosNamingService.java:238)
	at com.alibaba.cloud.nacos.registry.NacosServiceRegistry.deregister(NacosServiceRegistry.java:106)
	at org.springframework.cloud.client.serviceregistry.AbstractAutoServiceRegistration.deregister(AbstractAutoServiceRegistration.java:249)
	at org.springframework.cloud.client.serviceregistry.AbstractAutoServiceRegistration.stop(AbstractAutoServiceRegistration.java:264)
	at org.springframework.cloud.client.serviceregistry.AbstractAutoServiceRegistration.destroy(AbstractAutoServiceRegistration.java:201)
	at java.base/jdk.internal.reflect.NativeMethodAccessorImpl.invoke0(Native Method)
	at java.base/jdk.internal.reflect.NativeMethodAccessorImpl.invoke(NativeMethodAccessorImpl.java:77)
	at java.base/jdk.internal.reflect.DelegatingMethodAccessorImpl.invoke(DelegatingMethodAccessorImpl.java:43)
	at java.base/java.lang.reflect.Method.invoke(Method.java:569)
	at org.springframework.beans.factory.annotation.InitDestroyAnnotationBeanPostProcessor$LifecycleElement.invoke(InitDestroyAnnotationBeanPostProcessor.java:389)
	at org.springframework.beans.factory.annotation.InitDestroyAnnotationBeanPostProcessor$LifecycleMetadata.invokeDestroyMethods(InitDestroyAnnotationBeanPostProcessor.java:347)
	at org.springframework.beans.factory.annotation.InitDestroyAnnotationBeanPostProcessor.postProcessBeforeDestruction(InitDestroyAnnotationBeanPostProcessor.java:177)
	at org.springframework.beans.factory.support.DisposableBeanAdapter.destroy(DisposableBeanAdapter.java:196)
	at org.springframework.beans.factory.support.DefaultSingletonBeanRegistry.destroyBean(DefaultSingletonBeanRegistry.java:587)
	at org.springframework.beans.factory.support.DefaultSingletonBeanRegistry.destroySingleton(DefaultSingletonBeanRegistry.java:559)
	at org.springframework.beans.factory.support.DefaultListableBeanFactory.destroySingleton(DefaultListableBeanFactory.java:1161)
	at org.springframework.beans.factory.support.DefaultSingletonBeanRegistry.destroySingletons(DefaultSingletonBeanRegistry.java:520)
	at org.springframework.beans.factory.support.DefaultListableBeanFactory.destroySingletons(DefaultListableBeanFactory.java:1154)
	at org.springframework.context.support.AbstractApplicationContext.destroyBeans(AbstractApplicationContext.java:1106)
	at org.springframework.context.support.AbstractApplicationContext.doClose(AbstractApplicationContext.java:1075)
	at org.springframework.boot.web.servlet.context.ServletWebServerApplicationContext.doClose(ServletWebServerApplicationContext.java:172)
	at org.springframework.context.support.AbstractApplicationContext.close(AbstractApplicationContext.java:1021)
	at org.springframework.boot.SpringApplicationShutdownHook.closeAndWait(SpringApplicationShutdownHook.java:137)
	at java.base/java.lang.Iterable.forEach(Iterable.java:75)
	at org.springframework.boot.SpringApplicationShutdownHook.run(SpringApplicationShutdownHook.java:106)
	at java.base/java.lang.Thread.run(Thread.java:840)

2025-10-25 10:16:45.503  INFO [newbee-mall-cloud-user-service,,] 5069 --- [ionShutdownHook] c.a.c.n.registry.NacosServiceRegistry    : De-registration finished.
2025-10-25 10:16:45.503  INFO [newbee-mall-cloud-user-service,,] 5069 --- [ionShutdownHook] com.alibaba.nacos.client.naming          : com.alibaba.nacos.client.naming.beat.BeatReactor do shutdown begin
2025-10-25 10:16:46.343 ERROR [newbee-mall-cloud-user-service,,] 5069 --- [.naming.updater] com.alibaba.nacos.client.naming          : [NA] failed to request

java.net.ConnectException: Connection refused
	at java.base/sun.nio.ch.Net.pollConnect(Native Method)
	at java.base/sun.nio.ch.Net.pollConnectNow(Net.java:672)
	at java.base/sun.nio.ch.NioSocketImpl.timedFinishConnect(NioSocketImpl.java:554)
	at java.base/sun.nio.ch.NioSocketImpl.connect(NioSocketImpl.java:602)
	at java.base/java.net.Socket.connect(Socket.java:639)
	at java.base/sun.net.NetworkClient.doConnect(NetworkClient.java:178)
	at java.base/sun.net.www.http.HttpClient.openServer(HttpClient.java:533)
	at java.base/sun.net.www.http.HttpClient.openServer(HttpClient.java:638)
	at java.base/sun.net.www.http.HttpClient.<init>(HttpClient.java:283)
	at java.base/sun.net.www.http.HttpClient.New(HttpClient.java:386)
	at java.base/sun.net.www.http.HttpClient.New(HttpClient.java:408)
	at java.base/sun.net.www.protocol.http.HttpURLConnection.getNewHttpClient(HttpURLConnection.java:1328)
	at java.base/sun.net.www.protocol.http.HttpURLConnection.plainConnect0(HttpURLConnection.java:1261)
	at java.base/sun.net.www.protocol.http.HttpURLConnection.plainConnect(HttpURLConnection.java:1147)
	at java.base/sun.net.www.protocol.http.HttpURLConnection.connect(HttpURLConnection.java:1076)
	at com.alibaba.nacos.common.http.client.request.JdkHttpClientRequest.execute(JdkHttpClientRequest.java:112)
	at com.alibaba.nacos.common.http.client.NacosRestTemplate.execute(NacosRestTemplate.java:482)
	at com.alibaba.nacos.common.http.client.NacosRestTemplate.exchangeForm(NacosRestTemplate.java:427)
	at com.alibaba.nacos.client.naming.net.NamingProxy.callServer(NamingProxy.java:603)
	at com.alibaba.nacos.client.naming.net.NamingProxy.reqApi(NamingProxy.java:526)
	at com.alibaba.nacos.client.naming.net.NamingProxy.reqApi(NamingProxy.java:498)
	at com.alibaba.nacos.client.naming.net.NamingProxy.reqApi(NamingProxy.java:493)
	at com.alibaba.nacos.client.naming.net.NamingProxy.queryList(NamingProxy.java:407)
	at com.alibaba.nacos.client.naming.core.HostReactor.updateService(HostReactor.java:382)
	at com.alibaba.nacos.client.naming.core.HostReactor$UpdateTask.run(HostReactor.java:464)
	at java.base/java.util.concurrent.Executors$RunnableAdapter.call(Executors.java:539)
	at java.base/java.util.concurrent.FutureTask.run(FutureTask.java:264)
	at java.base/java.util.concurrent.ScheduledThreadPoolExecutor$ScheduledFutureTask.run(ScheduledThreadPoolExecutor.java:304)
	at java.base/java.util.concurrent.ThreadPoolExecutor.runWorker(ThreadPoolExecutor.java:1136)
	at java.base/java.util.concurrent.ThreadPoolExecutor$Worker.run(ThreadPoolExecutor.java:635)
	at java.base/java.lang.Thread.run(Thread.java:840)

2025-10-25 10:16:46.347 ERROR [newbee-mall-cloud-user-service,,] 5069 --- [.naming.updater] com.alibaba.nacos.client.naming          : [NA] failed to request

java.net.ConnectException: Connection refused
	at java.base/sun.nio.ch.Net.pollConnect(Native Method)
	at java.base/sun.nio.ch.Net.pollConnectNow(Net.java:672)
	at java.base/sun.nio.ch.NioSocketImpl.timedFinishConnect(NioSocketImpl.java:547)
	at java.base/sun.nio.ch.NioSocketImpl.connect(NioSocketImpl.java:602)
	at java.base/java.net.Socket.connect(Socket.java:639)
	at java.base/sun.net.NetworkClient.doConnect(NetworkClient.java:178)
	at java.base/sun.net.www.http.HttpClient.openServer(HttpClient.java:533)
	at java.base/sun.net.www.http.HttpClient.openServer(HttpClient.java:638)
	at java.base/sun.net.www.http.HttpClient.<init>(HttpClient.java:283)
	at java.base/sun.net.www.http.HttpClient.New(HttpClient.java:386)
	at java.base/sun.net.www.http.HttpClient.New(HttpClient.java:408)
	at java.base/sun.net.www.protocol.http.HttpURLConnection.getNewHttpClient(HttpURLConnection.java:1328)
	at java.base/sun.net.www.protocol.http.HttpURLConnection.plainConnect0(HttpURLConnection.java:1261)
	at java.base/sun.net.www.protocol.http.HttpURLConnection.plainConnect(HttpURLConnection.java:1147)
	at java.base/sun.net.www.protocol.http.HttpURLConnection.connect(HttpURLConnection.java:1076)
	at com.alibaba.nacos.common.http.client.request.JdkHttpClientRequest.execute(JdkHttpClientRequest.java:112)
	at com.alibaba.nacos.common.http.client.NacosRestTemplate.execute(NacosRestTemplate.java:482)
	at com.alibaba.nacos.common.http.client.NacosRestTemplate.exchangeForm(NacosRestTemplate.java:427)
	at com.alibaba.nacos.client.naming.net.NamingProxy.callServer(NamingProxy.java:603)
	at com.alibaba.nacos.client.naming.net.NamingProxy.reqApi(NamingProxy.java:526)
	at com.alibaba.nacos.client.naming.net.NamingProxy.reqApi(NamingProxy.java:498)
	at com.alibaba.nacos.client.naming.net.NamingProxy.reqApi(NamingProxy.java:493)
	at com.alibaba.nacos.client.naming.net.NamingProxy.queryList(NamingProxy.java:407)
	at com.alibaba.nacos.client.naming.core.HostReactor.updateService(HostReactor.java:382)
	at com.alibaba.nacos.client.naming.core.HostReactor$UpdateTask.run(HostReactor.java:464)
	at java.base/java.util.concurrent.Executors$RunnableAdapter.call(Executors.java:539)
	at java.base/java.util.concurrent.FutureTask.run(FutureTask.java:264)
	at java.base/java.util.concurrent.ScheduledThreadPoolExecutor$ScheduledFutureTask.run(ScheduledThreadPoolExecutor.java:304)
	at java.base/java.util.concurrent.ThreadPoolExecutor.runWorker(ThreadPoolExecutor.java:1136)
	at java.base/java.util.concurrent.ThreadPoolExecutor$Worker.run(ThreadPoolExecutor.java:635)
	at java.base/java.lang.Thread.run(Thread.java:840)

2025-10-25 10:16:46.351 ERROR [newbee-mall-cloud-user-service,,] 5069 --- [.naming.updater] com.alibaba.nacos.client.naming          : [NA] failed to request

java.net.ConnectException: Connection refused
	at java.base/sun.nio.ch.Net.pollConnect(Native Method)
	at java.base/sun.nio.ch.Net.pollConnectNow(Net.java:672)
	at java.base/sun.nio.ch.NioSocketImpl.timedFinishConnect(NioSocketImpl.java:547)
	at java.base/sun.nio.ch.NioSocketImpl.connect(NioSocketImpl.java:602)
	at java.base/java.net.Socket.connect(Socket.java:639)
	at java.base/sun.net.NetworkClient.doConnect(NetworkClient.java:178)
	at java.base/sun.net.www.http.HttpClient.openServer(HttpClient.java:533)
	at java.base/sun.net.www.http.HttpClient.openServer(HttpClient.java:638)
	at java.base/sun.net.www.http.HttpClient.<init>(HttpClient.java:283)
	at java.base/sun.net.www.http.HttpClient.New(HttpClient.java:386)
	at java.base/sun.net.www.http.HttpClient.New(HttpClient.java:408)
	at java.base/sun.net.www.protocol.http.HttpURLConnection.getNewHttpClient(HttpURLConnection.java:1328)
	at java.base/sun.net.www.protocol.http.HttpURLConnection.plainConnect0(HttpURLConnection.java:1261)
	at java.base/sun.net.www.protocol.http.HttpURLConnection.plainConnect(HttpURLConnection.java:1147)
	at java.base/sun.net.www.protocol.http.HttpURLConnection.connect(HttpURLConnection.java:1076)
	at com.alibaba.nacos.common.http.client.request.JdkHttpClientRequest.execute(JdkHttpClientRequest.java:112)
	at com.alibaba.nacos.common.http.client.NacosRestTemplate.execute(NacosRestTemplate.java:482)
	at com.alibaba.nacos.common.http.client.NacosRestTemplate.exchangeForm(NacosRestTemplate.java:427)
	at com.alibaba.nacos.client.naming.net.NamingProxy.callServer(NamingProxy.java:603)
	at com.alibaba.nacos.client.naming.net.NamingProxy.reqApi(NamingProxy.java:526)
	at com.alibaba.nacos.client.naming.net.NamingProxy.reqApi(NamingProxy.java:498)
	at com.alibaba.nacos.client.naming.net.NamingProxy.reqApi(NamingProxy.java:493)
	at com.alibaba.nacos.client.naming.net.NamingProxy.queryList(NamingProxy.java:407)
	at com.alibaba.nacos.client.naming.core.HostReactor.updateService(HostReactor.java:382)
	at com.alibaba.nacos.client.naming.core.HostReactor$UpdateTask.run(HostReactor.java:464)
	at java.base/java.util.concurrent.Executors$RunnableAdapter.call(Executors.java:539)
	at java.base/java.util.concurrent.FutureTask.run(FutureTask.java:264)
	at java.base/java.util.concurrent.ScheduledThreadPoolExecutor$ScheduledFutureTask.run(ScheduledThreadPoolExecutor.java:304)
	at java.base/java.util.concurrent.ThreadPoolExecutor.runWorker(ThreadPoolExecutor.java:1136)
	at java.base/java.util.concurrent.ThreadPoolExecutor$Worker.run(ThreadPoolExecutor.java:635)
	at java.base/java.lang.Thread.run(Thread.java:840)

2025-10-25 10:16:46.353 ERROR [newbee-mall-cloud-user-service,,] 5069 --- [.naming.updater] com.alibaba.nacos.client.naming          : request: /nacos/v1/ns/instance/list failed, servers: [127.0.0.1:8848], code: 500, msg: Connection refused
2025-10-25 10:16:46.353  WARN [newbee-mall-cloud-user-service,,] 5069 --- [.naming.updater] com.alibaba.nacos.client.naming          : [NA] failed to update serviceName: DEFAULT_GROUP@@newbee-mall-cloud-user-service

com.alibaba.nacos.api.exception.NacosException: failed to req API:/nacos/v1/ns/instance/list after all servers([127.0.0.1:8848]) tried: java.net.ConnectException: Connection refused
	at com.alibaba.nacos.client.naming.net.NamingProxy.reqApi(NamingProxy.java:556)
	at com.alibaba.nacos.client.naming.net.NamingProxy.reqApi(NamingProxy.java:498)
	at com.alibaba.nacos.client.naming.net.NamingProxy.reqApi(NamingProxy.java:493)
	at com.alibaba.nacos.client.naming.net.NamingProxy.queryList(NamingProxy.java:407)
	at com.alibaba.nacos.client.naming.core.HostReactor.updateService(HostReactor.java:382)
	at com.alibaba.nacos.client.naming.core.HostReactor$UpdateTask.run(HostReactor.java:464)
	at java.base/java.util.concurrent.Executors$RunnableAdapter.call(Executors.java:539)
	at java.base/java.util.concurrent.FutureTask.run(FutureTask.java:264)
	at java.base/java.util.concurrent.ScheduledThreadPoolExecutor$ScheduledFutureTask.run(ScheduledThreadPoolExecutor.java:304)
	at java.base/java.util.concurrent.ThreadPoolExecutor.runWorker(ThreadPoolExecutor.java:1136)
	at java.base/java.util.concurrent.ThreadPoolExecutor$Worker.run(ThreadPoolExecutor.java:635)
	at java.base/java.lang.Thread.run(Thread.java:840)

10:16:46,733 |-WARN in net.logstash.logback.appender.LogstashTcpSocketAppender[LOGSTASH] - Log destination 192.168.110.57/<unresolved>:4560: Waiting 23889ms before attempting reconnection.
2025-10-25 10:16:47.900  INFO [newbee-mall-cloud-user-service,,] 5069 --- [ionShutdownHook] com.alibaba.nacos.client.naming          : com.alibaba.nacos.client.naming.beat.BeatReactor do shutdown stop
2025-10-25 10:16:47.903  INFO [newbee-mall-cloud-user-service,,] 5069 --- [ionShutdownHook] com.alibaba.nacos.client.naming          : com.alibaba.nacos.client.naming.core.HostReactor do shutdown begin
2025-10-25 10:16:50.527 ERROR [newbee-mall-cloud-user-service,,] 5069 --- [.naming.updater] com.alibaba.nacos.client.naming          : [NA] failed to request

java.net.ConnectException: Connection refused
	at java.base/sun.nio.ch.Net.pollConnect(Native Method)
	at java.base/sun.nio.ch.Net.pollConnectNow(Net.java:672)
	at java.base/sun.nio.ch.NioSocketImpl.timedFinishConnect(NioSocketImpl.java:547)
	at java.base/sun.nio.ch.NioSocketImpl.connect(NioSocketImpl.java:602)
	at java.base/java.net.Socket.connect(Socket.java:639)
	at java.base/sun.net.NetworkClient.doConnect(NetworkClient.java:178)
	at java.base/sun.net.www.http.HttpClient.openServer(HttpClient.java:533)
	at java.base/sun.net.www.http.HttpClient.openServer(HttpClient.java:638)
	at java.base/sun.net.www.http.HttpClient.<init>(HttpClient.java:283)
	at java.base/sun.net.www.http.HttpClient.New(HttpClient.java:386)
	at java.base/sun.net.www.http.HttpClient.New(HttpClient.java:408)
	at java.base/sun.net.www.protocol.http.HttpURLConnection.getNewHttpClient(HttpURLConnection.java:1328)
	at java.base/sun.net.www.protocol.http.HttpURLConnection.plainConnect0(HttpURLConnection.java:1261)
	at java.base/sun.net.www.protocol.http.HttpURLConnection.plainConnect(HttpURLConnection.java:1147)
	at java.base/sun.net.www.protocol.http.HttpURLConnection.connect(HttpURLConnection.java:1076)
	at com.alibaba.nacos.common.http.client.request.JdkHttpClientRequest.execute(JdkHttpClientRequest.java:112)
	at com.alibaba.nacos.common.http.client.NacosRestTemplate.execute(NacosRestTemplate.java:482)
	at com.alibaba.nacos.common.http.client.NacosRestTemplate.exchangeForm(NacosRestTemplate.java:427)
	at com.alibaba.nacos.client.naming.net.NamingProxy.callServer(NamingProxy.java:603)
	at com.alibaba.nacos.client.naming.net.NamingProxy.reqApi(NamingProxy.java:526)
	at com.alibaba.nacos.client.naming.net.NamingProxy.reqApi(NamingProxy.java:498)
	at com.alibaba.nacos.client.naming.net.NamingProxy.reqApi(NamingProxy.java:493)
	at com.alibaba.nacos.client.naming.net.NamingProxy.queryList(NamingProxy.java:407)
	at com.alibaba.nacos.client.naming.core.HostReactor.updateService(HostReactor.java:382)
	at com.alibaba.nacos.client.naming.core.HostReactor$UpdateTask.run(HostReactor.java:464)
	at java.base/java.util.concurrent.Executors$RunnableAdapter.call(Executors.java:539)
	at java.base/java.util.concurrent.FutureTask.run(FutureTask.java:264)
	at java.base/java.util.concurrent.ScheduledThreadPoolExecutor$ScheduledFutureTask.run(ScheduledThreadPoolExecutor.java:304)
	at java.base/java.util.concurrent.ThreadPoolExecutor.runWorker(ThreadPoolExecutor.java:1136)
	at java.base/java.util.concurrent.ThreadPoolExecutor$Worker.run(ThreadPoolExecutor.java:635)
	at java.base/java.lang.Thread.run(Thread.java:840)

2025-10-25 10:16:50.548 ERROR [newbee-mall-cloud-user-service,,] 5069 --- [.naming.updater] com.alibaba.nacos.client.naming          : [NA] failed to request

java.net.ConnectException: Connection refused
	at java.base/sun.nio.ch.Net.pollConnect(Native Method)
	at java.base/sun.nio.ch.Net.pollConnectNow(Net.java:672)
	at java.base/sun.nio.ch.NioSocketImpl.timedFinishConnect(NioSocketImpl.java:547)
	at java.base/sun.nio.ch.NioSocketImpl.connect(NioSocketImpl.java:602)
	at java.base/java.net.Socket.connect(Socket.java:639)
	at java.base/sun.net.NetworkClient.doConnect(NetworkClient.java:178)
	at java.base/sun.net.www.http.HttpClient.openServer(HttpClient.java:533)
	at java.base/sun.net.www.http.HttpClient.openServer(HttpClient.java:638)
	at java.base/sun.net.www.http.HttpClient.<init>(HttpClient.java:283)
	at java.base/sun.net.www.http.HttpClient.New(HttpClient.java:386)
	at java.base/sun.net.www.http.HttpClient.New(HttpClient.java:408)
	at java.base/sun.net.www.protocol.http.HttpURLConnection.getNewHttpClient(HttpURLConnection.java:1328)
	at java.base/sun.net.www.protocol.http.HttpURLConnection.plainConnect0(HttpURLConnection.java:1261)
	at java.base/sun.net.www.protocol.http.HttpURLConnection.plainConnect(HttpURLConnection.java:1147)
	at java.base/sun.net.www.protocol.http.HttpURLConnection.connect(HttpURLConnection.java:1076)
	at com.alibaba.nacos.common.http.client.request.JdkHttpClientRequest.execute(JdkHttpClientRequest.java:112)
	at com.alibaba.nacos.common.http.client.NacosRestTemplate.execute(NacosRestTemplate.java:482)
	at com.alibaba.nacos.common.http.client.NacosRestTemplate.exchangeForm(NacosRestTemplate.java:427)
	at com.alibaba.nacos.client.naming.net.NamingProxy.callServer(NamingProxy.java:603)
	at com.alibaba.nacos.client.naming.net.NamingProxy.reqApi(NamingProxy.java:526)
	at com.alibaba.nacos.client.naming.net.NamingProxy.reqApi(NamingProxy.java:498)
	at com.alibaba.nacos.client.naming.net.NamingProxy.reqApi(NamingProxy.java:493)
	at com.alibaba.nacos.client.naming.net.NamingProxy.queryList(NamingProxy.java:407)
	at com.alibaba.nacos.client.naming.core.HostReactor.updateService(HostReactor.java:382)
	at com.alibaba.nacos.client.naming.core.HostReactor$UpdateTask.run(HostReactor.java:464)
	at java.base/java.util.concurrent.Executors$RunnableAdapter.call(Executors.java:539)
	at java.base/java.util.concurrent.FutureTask.run(FutureTask.java:264)
	at java.base/java.util.concurrent.ScheduledThreadPoolExecutor$ScheduledFutureTask.run(ScheduledThreadPoolExecutor.java:304)
	at java.base/java.util.concurrent.ThreadPoolExecutor.runWorker(ThreadPoolExecutor.java:1136)
	at java.base/java.util.concurrent.ThreadPoolExecutor$Worker.run(ThreadPoolExecutor.java:635)
	at java.base/java.lang.Thread.run(Thread.java:840)

2025-10-25 10:16:50.600 ERROR [newbee-mall-cloud-user-service,,] 5069 --- [.naming.updater] com.alibaba.nacos.client.naming          : [NA] failed to request

java.net.ConnectException: Connection refused
	at java.base/sun.nio.ch.Net.pollConnect(Native Method)
	at java.base/sun.nio.ch.Net.pollConnectNow(Net.java:672)
	at java.base/sun.nio.ch.NioSocketImpl.timedFinishConnect(NioSocketImpl.java:547)
	at java.base/sun.nio.ch.NioSocketImpl.connect(NioSocketImpl.java:602)
	at java.base/java.net.Socket.connect(Socket.java:639)
	at java.base/sun.net.NetworkClient.doConnect(NetworkClient.java:178)
	at java.base/sun.net.www.http.HttpClient.openServer(HttpClient.java:533)
	at java.base/sun.net.www.http.HttpClient.openServer(HttpClient.java:638)
	at java.base/sun.net.www.http.HttpClient.<init>(HttpClient.java:283)
	at java.base/sun.net.www.http.HttpClient.New(HttpClient.java:386)
	at java.base/sun.net.www.http.HttpClient.New(HttpClient.java:408)
	at java.base/sun.net.www.protocol.http.HttpURLConnection.getNewHttpClient(HttpURLConnection.java:1328)
	at java.base/sun.net.www.protocol.http.HttpURLConnection.plainConnect0(HttpURLConnection.java:1261)
	at java.base/sun.net.www.protocol.http.HttpURLConnection.plainConnect(HttpURLConnection.java:1147)
	at java.base/sun.net.www.protocol.http.HttpURLConnection.connect(HttpURLConnection.java:1076)
	at com.alibaba.nacos.common.http.client.request.JdkHttpClientRequest.execute(JdkHttpClientRequest.java:112)
	at com.alibaba.nacos.common.http.client.NacosRestTemplate.execute(NacosRestTemplate.java:482)
	at com.alibaba.nacos.common.http.client.NacosRestTemplate.exchangeForm(NacosRestTemplate.java:427)
	at com.alibaba.nacos.client.naming.net.NamingProxy.callServer(NamingProxy.java:603)
	at com.alibaba.nacos.client.naming.net.NamingProxy.reqApi(NamingProxy.java:526)
	at com.alibaba.nacos.client.naming.net.NamingProxy.reqApi(NamingProxy.java:498)
	at com.alibaba.nacos.client.naming.net.NamingProxy.reqApi(NamingProxy.java:493)
	at com.alibaba.nacos.client.naming.net.NamingProxy.queryList(NamingProxy.java:407)
	at com.alibaba.nacos.client.naming.core.HostReactor.updateService(HostReactor.java:382)
	at com.alibaba.nacos.client.naming.core.HostReactor$UpdateTask.run(HostReactor.java:464)
	at java.base/java.util.concurrent.Executors$RunnableAdapter.call(Executors.java:539)
	at java.base/java.util.concurrent.FutureTask.run(FutureTask.java:264)
	at java.base/java.util.concurrent.ScheduledThreadPoolExecutor$ScheduledFutureTask.run(ScheduledThreadPoolExecutor.java:304)
	at java.base/java.util.concurrent.ThreadPoolExecutor.runWorker(ThreadPoolExecutor.java:1136)
	at java.base/java.util.concurrent.ThreadPoolExecutor$Worker.run(ThreadPoolExecutor.java:635)
	at java.base/java.lang.Thread.run(Thread.java:840)

2025-10-25 10:16:50.600 ERROR [newbee-mall-cloud-user-service,,] 5069 --- [.naming.updater] com.alibaba.nacos.client.naming          : request: /nacos/v1/ns/instance/list failed, servers: [127.0.0.1:8848], code: 500, msg: Connection refused
2025-10-25 10:16:50.600  WARN [newbee-mall-cloud-user-service,,] 5069 --- [.naming.updater] com.alibaba.nacos.client.naming          : [NA] failed to update serviceName: DEFAULT_GROUP@@newbee-mall-cloud-user-service

com.alibaba.nacos.api.exception.NacosException: failed to req API:/nacos/v1/ns/instance/list after all servers([127.0.0.1:8848]) tried: java.net.ConnectException: Connection refused
	at com.alibaba.nacos.client.naming.net.NamingProxy.reqApi(NamingProxy.java:556)
	at com.alibaba.nacos.client.naming.net.NamingProxy.reqApi(NamingProxy.java:498)
	at com.alibaba.nacos.client.naming.net.NamingProxy.reqApi(NamingProxy.java:493)
	at com.alibaba.nacos.client.naming.net.NamingProxy.queryList(NamingProxy.java:407)
	at com.alibaba.nacos.client.naming.core.HostReactor.updateService(HostReactor.java:382)
	at com.alibaba.nacos.client.naming.core.HostReactor$UpdateTask.run(HostReactor.java:464)
	at java.base/java.util.concurrent.Executors$RunnableAdapter.call(Executors.java:539)
	at java.base/java.util.concurrent.FutureTask.run(FutureTask.java:264)
	at java.base/java.util.concurrent.ScheduledThreadPoolExecutor$ScheduledFutureTask.run(ScheduledThreadPoolExecutor.java:304)
	at java.base/java.util.concurrent.ThreadPoolExecutor.runWorker(ThreadPoolExecutor.java:1136)
	at java.base/java.util.concurrent.ThreadPoolExecutor$Worker.run(ThreadPoolExecutor.java:635)
	at java.base/java.lang.Thread.run(Thread.java:840)

2025-10-25 10:16:50.676  INFO [newbee-mall-cloud-user-service,,] 5069 --- [ionShutdownHook] com.alibaba.nacos.client.naming          : com.alibaba.nacos.client.naming.core.PushReceiver do shutdown begin
2025-10-25 10:16:51.790  INFO [newbee-mall-cloud-user-service,,] 5069 --- [xecutorLoop-1-4] i.l.core.protocol.ConnectionWatchdog     : Reconnecting, last destination was /127.0.0.1:6379
2025-10-25 10:16:51.989  WARN [newbee-mall-cloud-user-service,,] 5069 --- [xecutorLoop-1-4] i.l.core.protocol.ConnectionWatchdog     : Cannot reconnect to [127.0.0.1/<unresolved>:6379]: Connection reset

java.net.SocketException: Connection reset
	at java.base/sun.nio.ch.SocketChannelImpl.throwConnectionReset(SocketChannelImpl.java:394)
	at java.base/sun.nio.ch.SocketChannelImpl.read(SocketChannelImpl.java:426)
	at io.netty.buffer.PooledByteBuf.setBytes(PooledByteBuf.java:258)
	at io.netty.buffer.AbstractByteBuf.writeBytes(AbstractByteBuf.java:1132)
	at io.netty.channel.socket.nio.NioSocketChannel.doReadBytes(NioSocketChannel.java:350)
	at io.netty.channel.nio.AbstractNioByteChannel$NioByteUnsafe.read(AbstractNioByteChannel.java:151)
	at io.netty.channel.nio.NioEventLoop.processSelectedKey(NioEventLoop.java:722)
	at io.netty.channel.nio.NioEventLoop.processSelectedKeysOptimized(NioEventLoop.java:658)
	at io.netty.channel.nio.NioEventLoop.processSelectedKeys(NioEventLoop.java:584)
	at io.netty.channel.nio.NioEventLoop.run(NioEventLoop.java:496)
	at io.netty.util.concurrent.SingleThreadEventExecutor$4.run(SingleThreadEventExecutor.java:986)
	at io.netty.util.internal.ThreadExecutorMap$2.run(ThreadExecutorMap.java:74)
	at io.netty.util.concurrent.FastThreadLocalRunnable.run(FastThreadLocalRunnable.java:30)
	at java.base/java.lang.Thread.run(Thread.java:840)

2025-10-25 10:16:53.773  INFO [newbee-mall-cloud-user-service,,] 5069 --- [ionShutdownHook] com.alibaba.nacos.client.naming          : com.alibaba.nacos.client.naming.core.PushReceiver do shutdown stop
2025-10-25 10:16:53.780  INFO [newbee-mall-cloud-user-service,,] 5069 --- [ionShutdownHook] com.alibaba.nacos.client.naming          : com.alibaba.nacos.client.naming.backups.FailoverReactor do shutdown begin
2025-10-25 10:16:53.781  INFO [newbee-mall-cloud-user-service,,] 5069 --- [ionShutdownHook] com.alibaba.nacos.client.naming          : com.alibaba.nacos.client.naming.backups.FailoverReactor do shutdown stop
2025-10-25 10:16:53.781  INFO [newbee-mall-cloud-user-service,,] 5069 --- [ionShutdownHook] com.alibaba.nacos.client.naming          : com.alibaba.nacos.client.naming.core.HostReactor do shutdown stop
2025-10-25 10:16:53.787  INFO [newbee-mall-cloud-user-service,,] 5069 --- [ionShutdownHook] com.alibaba.nacos.client.naming          : com.alibaba.nacos.client.naming.net.NamingProxy do shutdown begin
2025-10-25 10:16:53.793  WARN [newbee-mall-cloud-user-service,,] 5069 --- [ionShutdownHook] com.alibaba.nacos.client.naming          : [NamingHttpClientManager] Start destroying NacosRestTemplate
2025-10-25 10:16:53.795  WARN [newbee-mall-cloud-user-service,,] 5069 --- [ionShutdownHook] com.alibaba.nacos.client.naming          : [NamingHttpClientManager] Destruction of the end
2025-10-25 10:16:53.796  INFO [newbee-mall-cloud-user-service,,] 5069 --- [ionShutdownHook] c.a.n.client.identify.CredentialWatcher  : [null] CredentialWatcher is stopped
2025-10-25 10:16:53.796  INFO [newbee-mall-cloud-user-service,,] 5069 --- [ionShutdownHook] c.a.n.client.identify.CredentialService  : [null] CredentialService is freed
2025-10-25 10:16:53.796  INFO [newbee-mall-cloud-user-service,,] 5069 --- [ionShutdownHook] com.alibaba.nacos.client.naming          : com.alibaba.nacos.client.naming.net.NamingProxy do shutdown stop
2025-10-25 10:16:53.861  INFO [newbee-mall-cloud-user-service,,] 5069 --- [ionShutdownHook] com.zaxxer.hikari.HikariDataSource       : hikariCP - Shutdown initiated...
2025-10-25 10:16:53.885  INFO [newbee-mall-cloud-user-service,,] 5069 --- [ionShutdownHook] com.zaxxer.hikari.HikariDataSource       : hikariCP - Shutdown completed.
